food_id,food_name,category,cuisine,serving_size_g,calories,protein_g,carbs_g,fat_g,fiber_g,sugar_g,saturated_fat_g,sodium_mg,potassium_mg,calcium_mg,iron_mg,magnesium_mg,phosphorus_mg,zinc_mg,vitamin_a_mcg,vitamin_c_mg,vitamin_d_mcg,vitamin_b12_mcg,cholesterol_mg,water_g,glycemic_index,meal_type,diet_tags,allergens,is_vegan,is_vegetarian,is_halal
CX000001,Fresh Whole Apple (100G),Fruits,Global,100,59.0,0.5,13.8,0.2,2.6,0.0,0.0,1.0,150.0,6.0,0.2,5.0,11.0,0.1,3.0,8.0,0.0,0.0,0.0,86.7,38.0,Snack,Vegan;Vegetarian;Gluten Free;High Fiber,,True,True,True
CX000002,Fresh Whole Apple (150G),Fruits,Global,150,88.5,0.8,20.7,0.3,3.9,0.0,0.0,1.5,225.0,9.0,0.3,7.5,16.5,0.2,4.5,12.0,0.0,0.0,0.0,130.1,57.0,Snack,Vegan;Vegetarian;Gluten Free;High Fiber,,True,True,True
CX000003,Fresh Whole Apple (200G),Fruits,Global,200,118.0,1.0,27.6,0.4,5.2,0.0,0.0,2.0,300.0,12.0,0.4,10.0,22.0,0.2,6.0,16.0,0.0,0.0,0.0,173.4,76.0,Snack,Vegan;Vegetarian;Gluten Free;High Fiber,,True,True,True
CX000004,Fresh Whole Apple (250G),Fruits,Global,250,147.5,1.2,34.5,0.5,6.5,0.0,0.0,2.5,375.0,15.0,0.5,12.5,27.5,0.2,7.5,20.0,0.0,0.0,0.0,216.8,95.0,Snack,Vegan;Vegetarian;Gluten Free;High Fiber,,True,True,True
CX000005,Fresh Wedges Apple (100G),Fruits,Global,100,59.0,0.5,13.8,0.2,2.4,0.0,0.0,1.0,150.0,6.0,0.2,5.0,11.0,0.1,3.0,8.0,0.0,0.0,0.0,85.0,40.0,Snack,Vegan;Vegetarian;Gluten Free;High Fiber,,True,True,True
CX000006,Fresh Wedges Apple (150G),Fruits,Global,150,88.5,0.8,20.7,0.3,3.6,0.0,0.0,1.5,225.0,9.0,0.3,7.5,16.5,0.2,4.5,12.0,0.0,0.0,0.0,127.4,60.0,Snack,Vegan;Vegetarian;Gluten Free;High Fiber,,True,True,True
CX000007,Fresh Wedges Apple (200G),Fruits,Global,200,118.0,1.0,27.6,0.4,4.8,0.0,0.0,2.0,300.0,12.0,0.4,10.0,22.0,0.2,6.0,16.0,0.0,0.0,0.0,169.9,80.0,Snack,Vegan;Vegetarian;Gluten Free;High Fiber,,True,True,True
CX000008,Fresh Wedges Apple (250G),Fruits,Global,250,147.5,1.2,34.5,0.5,6.0,0.0,0.0,2.5,375.0,15.0,0.5,12.5,27.5,0.2,7.5,20.0,0.0,0.0,0.0,212.4,100.0,Snack,Vegan;Vegetarian;Gluten Free;High Fiber,,True,True,True
CX000017,Fresh Puree Apple (100G),Fruits,Global,100,59.0,0.5,13.8,0.2,1.7,0.0,0.0,1.0,150.0,6.0,0.2,5.0,11.0,0.1,3.0,8.0,0.0,0.0,0.0,86.7,40.0,Snack,Vegan;Vegetarian;Gluten Free;High Fiber,,True,True,True
CX000018,Fresh Puree Apple (150G),Fruits,Global,150,88.5,0.8,20.7,0.3,2.6,0.0,0.0,1.5,225.0,9.0,0.3,7.5,16.5,0.2,4.5,12.0,0.0,0.0,0.0,130.1,60.0,Snack,Vegan;Vegetarian;Gluten Free;High Fiber,,True,True,True
CX000019,Fresh Puree Apple (200G),Fruits,Global,200,118.0,1.0,27.6,0.4,3.5,0.0,0.0,2.0,300.0,12.0,0.4,10.0,22.0,0.2,6.0,16.0,0.0,0.0,0.0,173.4,80.0,Snack,Vegan;Vegetarian;Gluten Free;High Fiber,,True,True,True
CX000020,Fresh Puree Apple (250G),Fruits,Global,250,147.5,1.2,34.5,0.5,4.3,0.0,0.0,2.5,375.0,15.0,0.5,12.5,27.5,0.2,7.5,20.0,0.0,0.0,0.0,216.8,100.0,Snack,Vegan;Vegetarian;Gluten Free;High Fiber,,True,True,True
CX000021,Fresh Compote Apple (100G),Fruits,Global,100,61.8,0.5,14.5,0.2,2.4,0.0,0.0,1.0,150.0,6.0,0.2,5.0,11.0,0.1,3.0,8.0,0.0,0.0,0.0,86.7,40.0,Snack,Vegan;Vegetarian;Gluten Free;High Fiber,,True,True,True
CX000022,Fresh Compote Apple (150G),Fruits,Global,150,92.6,0.8,21.7,0.3,3.6,0.0,0.0,1.5,225.0,9.0,0.3,7.5,16.5,0.2,4.5,12.0,0.0,0.0,0.0,130.1,60.0,Snack,Vegan;Vegetarian;Gluten Free;High Fiber,,True,True,True
CX000023,Fresh Compote Apple (200G),Fruits,Global,200,123.5,1.0,29.0,0.4,4.8,0.0,0.0,2.0,300.0,12.0,0.4,10.0,22.0,0.2,6.0,16.0,0.0,0.0,0.0,173.4,80.0,Snack,Vegan;Vegetarian;Gluten Free;High Fiber,,True,True,True
CX000024,Fresh Compote Apple (250G),Fruits,Global,250,154.4,1.2,36.2,0.5,6.0,0.0,0.0,2.5,375.0,15.0,0.5,12.5,27.5,0.2,7.5,20.0,0.0,0.0,0.0,216.8,100.0,Snack,Vegan;Vegetarian;Gluten Free;High Fiber,,True,True,True
CX000025,Fresh Juice Apple (100G),Fruits,Global,100,59.0,0.5,13.8,0.2,0.8,0.0,0.0,1.0,150.0,6.0,0.2,5.0,11.0,0.1,3.0,8.0,0.0,0.0,0.0,86.7,40.0,Snack,Vegan;Vegetarian;Gluten Free;High Fiber,,True,True,True
CX000026,Fresh Juice Apple (150G),Fruits,Global,150,88.5,0.8,20.7,0.3,1.3,0.0,0.0,1.5,225.0,9.0,0.3,7.5,16.5,0.2,4.5,12.0,0.0,0.0,0.0,130.1,60.0,Snack,Vegan;Vegetarian;Gluten Free;High Fiber,,True,True,True
CX000027,Fresh Juice Apple (200G),Fruits,Global,200,118.0,1.0,27.6,0.4,1.7,0.0,0.0,2.0,300.0,12.0,0.4,10.0,22.0,0.2,6.0,16.0,0.0,0.0,0.0,173.4,80.0,Snack,Vegan;Vegetarian;Gluten Free;High Fiber,,True,True,True
CX000028,Fresh Juice Apple (250G),Fruits,Global,250,147.5,1.2,34.5,0.5,2.1,0.0,0.0,2.5,375.0,15.0,0.5,12.5,27.5,0.2,7.5,20.0,0.0,0.0,0.0,216.8,100.0,Snack,Vegan;Vegetarian;Gluten Free;High Fiber,,True,True,True
CX000029,Fresh Smoothie Apple (100G),Fruits,Global,100,59.0,0.5,13.8,0.2,1.9,0.0,0.0,1.0,150.0,6.0,0.2,5.0,11.0,0.1,3.0,8.0,0.0,0.0,0.0,86.7,40.0,Snack,Vegan;Vegetarian;Gluten Free;High Fiber,,True,True,True
CX000030,Fresh Smoothie Apple (150G),Fruits,Global,150,88.5,0.8,20.7,0.3,2.9,0.0,0.0,1.5,225.0,9.0,0.3,7.5,16.5,0.2,4.5,12.0,0.0,0.0,0.0,130.1,60.0,Snack,Vegan;Vegetarian;Gluten Free;High Fiber,,True,True,True
CX000031,Fresh Smoothie Apple (200G),Fruits,Global,200,118.0,1.0,27.6,0.4,3.8,0.0,0.0,2.0,300.0,12.0,0.4,10.0,22.0,0.2,6.0,16.0,0.0,0.0,0.0,173.4,80.0,Snack,Vegan;Vegetarian;Gluten Free;High Fiber,,True,True,True
CX000032,Fresh Smoothie Apple (250G),Fruits,Global,250,147.5,1.2,34.5,0.5,4.8,0.0,0.0,2.5,375.0,15.0,0.5,12.5,27.5,0.2,7.5,20.0,0.0,0.0,0.0,216.8,100.0,Snack,Vegan;Vegetarian;Gluten Free;High Fiber,,True,True,True
CX000033,Fresh Salad Apple (100G),Fruits,Global,100,59.0,0.5,13.8,0.2,2.5,0.0,0.0,1.0,150.0,6.0,0.2,5.0,11.0,0.1,3.0,8.0,0.0,0.0,0.0,87.6,40.0,Snack,Vegan;Vegetarian;Gluten Free;High Fiber,,True,True,True
CX000034,Fresh Salad Apple (150G),Fruits,Global,150,88.5,0.8,20.7,0.3,3.8,0.0,0.0,1.5,225.0,9.0,0.3,7.5,16.5,0.2,4.5,12.0,0.0,0.0,0.0,131.4,60.0,Snack,Vegan;Vegetarian;Gluten Free;High Fiber,,True,True,True
CX000035,Fresh Salad Apple (200G),Fruits,Global,200,118.0,1.0,27.6,0.4,5.0,0.0,0.0,2.0,300.0,12.0,0.4,10.0,22.0,0.2,6.0,16.0,0.0,0.0,0.0,175.1,80.0,Snack,Vegan;Vegetarian;Gluten Free;High Fiber,,True,True,True
CX000036,Fresh Salad Apple (250G),Fruits,Global,250,147.5,1.2,34.5,0.5,6.3,0.0,0.0,2.5,375.0,15.0,0.5,12.5,27.5,0.2,7.5,20.0,0.0,0.0,0.0,218.9,100.0,Snack,Vegan;Vegetarian;Gluten Free;High Fiber,,True,True,True
CX000037,Fresh Unsweetened Apple (100G),Fruits,Global,100,53.5,0.5,12.4,0.2,2.4,0.0,0.0,1.0,150.0,6.0,0.2,5.0,11.0,0.1,3.0,8.0,0.0,0.0,0.0,86.7,40.0,Snack,Vegan;Vegetarian;Gluten Free;High Fiber,,True,True,True
CX000038,Fresh Unsweetened Apple (150G),Fruits,Global,150,80.2,0.8,18.6,0.3,3.6,0.0,0.0,1.5,225.0,9.0,0.3,7.5,16.5,0.2,4.5,12.0,0.0,0.0,0.0,130.1,60.0,Snack,Vegan;Vegetarian;Gluten Free;High Fiber,,True,True,True
CX000039,Fresh Unsweetened Apple (200G),Fruits,Global,200,107.0,1.0,24.8,0.4,4.8,0.0,0.0,2.0,300.0,12.0,0.4,10.0,22.0,0.2,6.0,16.0,0.0,0.0,0.0,173.4,80.0,Snack,Vegan;Vegetarian;Gluten Free;High Fiber,,True,True,True
CX000040,Fresh Unsweetened Apple (250G),Fruits,Global,250,133.7,1.2,31.1,0.5,6.0,0.0,0.0,2.5,375.0,15.0,0.5,12.5,27.5,0.2,7.5,20.0,0.0,0.0,0.0,216.8,100.0,Snack,Vegan;Vegetarian;Gluten Free;High Fiber,,True,True,True
CX000281,Dried Whole Apple (100G),Fruits,Global,100,65.6,0.5,15.5,0.2,2.7,0.0,0.0,1.0,150.0,6.0,0.2,5.0,11.0,0.1,3.0,8.0,0.0,0.0,0.0,55.2,38.0,Snack,Vegan;Vegetarian;Gluten Free;High Fiber,,True,True,True
CX000282,Dried Whole Apple (150G),Fruits,Global,150,98.4,0.8,23.2,0.3,4.1,0.0,0.0,1.5,225.0,9.0,0.3,7.5,16.5,0.2,4.5,12.0,0.0,0.0,0.0,82.9,57.0,Snack,Vegan;Vegetarian;Gluten Free;High Fiber,,True,True,True
CX000283,Dried Whole Apple (200G),Fruits,Global,200,131.2,1.0,30.9,0.4,5.4,0.0,0.0,2.0,300.0,12.0,0.4,10.0,22.0,0.2,6.0,16.0,0.0,0.0,0.0,110.5,76.0,Snack,Vegan;Vegetarian;Gluten Free;High Fiber,,True,True,True
CX000284,Dried Whole Apple (250G),Fruits,Global,250,164.1,1.2,38.6,0.5,6.8,0.0,0.0,2.5,375.0,15.0,0.5,12.5,27.5,0.2,7.5,20.0,0.0,0.0,0.0,138.1,95.0,Snack,Vegan;Vegetarian;Gluten Free;High Fiber,,True,True,True
CX000285,Dried Wedges Apple (100G),Fruits,Global,100,65.6,0.5,15.5,0.2,2.5,0.0,0.0,1.0,150.0,6.0,0.2,5.0,11.0,0.1,3.0,8.0,0.0,0.0,0.0,54.1,40.0,Snack,Vegan;Vegetarian;Gluten Free;High Fiber,,True,True,True
CX000286,Dried Wedges Apple (150G),Fruits,Global,150,98.4,0.8,23.2,0.3,3.8,0.0,0.0,1.5,225.0,9.0,0.3,7.5,16.5,0.2,4.5,12.0,0.0,0.0,0.0,81.2,60.0,Snack,Vegan;Vegetarian;Gluten Free;High Fiber,,True,True,True
CX000287,Dried Wedges Apple (200G),Fruits,Global,200,131.2,1.0,30.9,0.4,5.0,0.0,0.0,2.0,300.0,12.0,0.4,10.0,22.0,0.2,6.0,16.0,0.0,0.0,0.0,108.3,80.0,Snack,Vegan;Vegetarian;Gluten Free;High Fiber,,True,True,True
CX000288,Dried Wedges Apple (250G),Fruits,Global,250,164.1,1.2,38.6,0.5,6.3,0.0,0.0,2.5,375.0,15.0,0.5,12.5,27.5,0.2,7.5,20.0,0.0,0.0,0.0,135.4,100.0,Snack,Vegan;Vegetarian;Gluten Free;High Fiber,,True,True,True
CX000297,Dried Puree Apple (100G),Fruits,Global,100,65.6,0.5,15.5,0.2,1.8,0.0,0.0,1.0,150.0,6.0,0.2,5.0,11.0,0.1,3.0,8.0,0.0,0.0,0.0,55.2,40.0,Snack,Vegan;Vegetarian;Gluten Free;High Fiber,,True,True,True
CX000298,Dried Puree Apple (150G),Fruits,Global,150,98.4,0.8,23.2,0.3,2.7,0.0,0.0,1.5,225.0,9.0,0.3,7.5,16.5,0.2,4.5,12.0,0.0,0.0,0.0,82.9,60.0,Snack,Vegan;Vegetarian;Gluten Free;High Fiber,,True,True,True
CX000299,Dried Puree Apple (200G),Fruits,Global,200,131.2,1.0,30.9,0.4,3.6,0.0,0.0,2.0,300.0,12.0,0.4,10.0,22.0,0.2,6.0,16.0,0.0,0.0,0.0,110.5,80.0,Snack,Vegan;Vegetarian;Gluten Free;High Fiber,,True,True,True
CX000300,Dried Puree Apple (250G),Fruits,Global,250,164.1,1.2,38.6,0.5,4.5,0.0,0.0,2.5,375.0,15.0,0.5,12.5,27.5,0.2,7.5,20.0,0.0,0.0,0.0,138.1,100.0,Snack,Vegan;Vegetarian;Gluten Free;High Fiber,,True,True,True
CX000301,Dried Compote Apple (100G),Fruits,Global,100,68.7,0.5,16.2,0.2,2.5,0.0,0.0,1.0,150.0,6.0,0.2,5.0,11.0,0.1,3.0,8.0,0.0,0.0,0.0,55.2,40.0,Snack,Vegan;Vegetarian;Gluten Free;High Fiber,,True,True,True
CX000302,Dried Compote Apple (150G),Fruits,Global,150,103.1,0.8,24.3,0.3,3.8,0.0,0.0,1.5,225.0,9.0,0.3,7.5,16.5,0.2,4.5,12.0,0.0,0.0,0.0,82.9,60.0,Snack,Vegan;Vegetarian;Gluten Free;High Fiber,,True,True,True
CX000303,Dried Compote Apple (200G),Fruits,Global,200,137.4,1.0,32.5,0.4,5.0,0.0,0.0,2.0,300.0,12.0,0.4,10.0,22.0,0.2,6.0,16.0,0.0,0.0,0.0,110.5,80.0,Snack,Vegan;Vegetarian;Gluten Free;High Fiber,,True,True,True
CX000304,Dried Compote Apple (250G),Fruits,Global,250,171.8,1.2,40.6,0.5,6.3,0.0,0.0,2.5,375.0,15.0,0.5,12.5,27.5,0.2,7.5,20.0,0.0,0.0,0.0,138.1,100.0,Snack,Vegan;Vegetarian;Gluten Free;High Fiber,,True,True,True
CX000305,Dried Juice Apple (100G),Fruits,Global,100,65.6,0.5,15.5,0.2,0.9,0.0,0.0,1.0,150.0,6.0,0.2,5.0,11.0,0.1,3.0,8.0,0.0,0.0,0.0,55.2,40.0,Snack,Vegan;Vegetarian;Gluten Free;High Fiber,,True,True,True
CX000306,Dried Juice Apple (150G),Fruits,Global,150,98.4,0.8,23.2,0.3,1.3,0.0,0.0,1.5,225.0,9.0,0.3,7.5,16.5,0.2,4.5,12.0,0.0,0.0,0.0,82.9,60.0,Snack,Vegan;Vegetarian;Gluten Free;High Fiber,,True,True,True
CX000307,Dried Juice Apple (200G),Fruits,Global,200,131.2,1.0,30.9,0.4,1.8,0.0,0.0,2.0,300.0,12.0,0.4,10.0,22.0,0.2,6.0,16.0,0.0,0.0,0.0,110.5,80.0,Snack,Vegan;Vegetarian;Gluten Free;High Fiber,,True,True,True
CX000308,Dried Juice Apple (250G),Fruits,Global,250,164.1,1.2,38.6,0.5,2.2,0.0,0.0,2.5,375.0,15.0,0.5,12.5,27.5,0.2,7.5,20.0,0.0,0.0,0.0,138.1,100.0,Snack,Vegan;Vegetarian;Gluten Free;High Fiber,,True,True,True
CX000309,Dried Smoothie Apple (100G),Fruits,Global,100,65.6,0.5,15.5,0.2,2.0,0.0,0.0,1.0,150.0,6.0,0.2,5.0,11.0,0.1,3.0,8.0,0.0,0.0,0.0,55.2,40.0,Snack,Vegan;Vegetarian;Gluten Free;High Fiber,,True,True,True
CX000310,Dried Smoothie Apple (150G),Fruits,Global,150,98.4,0.8,23.2,0.3,3.0,0.0,0.0,1.5,225.0,9.0,0.3,7.5,16.5,0.2,4.5,12.0,0.0,0.0,0.0,82.9,60.0,Snack,Vegan;Vegetarian;Gluten Free;High Fiber,,True,True,True
CX000311,Dried Smoothie Apple (200G),Fruits,Global,200,131.2,1.0,30.9,0.4,4.0,0.0,0.0,2.0,300.0,12.0,0.4,10.0,22.0,0.2,6.0,16.0,0.0,0.0,0.0,110.5,80.0,Snack,Vegan;Vegetarian;Gluten Free;High Fiber,,True,True,True
CX000312,Dried Smoothie Apple (250G),Fruits,Global,250,164.1,1.2,38.6,0.5,5.0,0.0,0.0,2.5,375.0,15.0,0.5,12.5,27.5,0.2,7.5,20.0,0.0,0.0,0.0,138.1,100.0,Snack,Vegan;Vegetarian;Gluten Free;High Fiber,,True,True,True
CX000313,Dried Salad Apple (100G),Fruits,Global,100,65.6,0.5,15.5,0.2,2.6,0.0,0.0,1.0,150.0,6.0,0.2,5.0,11.0,0.1,3.0,8.0,0.0,0.0,0.0,55.8,40.0,Snack,Vegan;Vegetarian;Gluten Free;High Fiber,,True,True,True
CX000314,Dried Salad Apple (150G),Fruits,Global,150,98.4,0.8,23.2,0.3,4.0,0.0,0.0,1.5,225.0,9.0,0.3,7.5,16.5,0.2,4.5,12.0,0.0,0.0,0.0,83.7,60.0,Snack,Vegan;Vegetarian;Gluten Free;High Fiber,,True,True,True
CX000315,Dried Salad Apple (200G),Fruits,Global,200,131.2,1.0,30.9,0.4,5.3,0.0,0.0,2.0,300.0,12.0,0.4,10.0,22.0,0.2,6.0,16.0,0.0,0.0,0.0,111.6,80.0,Snack,Vegan;Vegetarian;Gluten Free;High Fiber,,True,True,True
CX000316,Dried Salad Apple (250G),Fruits,Global,250,164.1,1.2,38.6,0.5,6.6,0.0,0.0,2.5,375.0,15.0,0.5,12.5,27.5,0.2,7.5,20.0,0.0,0.0,0.0,139.5,100.0,Snack,Vegan;Vegetarian;Gluten Free;High Fiber,,True,True,True
CX000317,Dried Unsweetened Apple (100G),Fruits,Global,100,59.4,0.5,13.9,0.2,2.5,0.0,0.0,1.0,150.0,6.0,0.2,5.0,11.0,0.1,3.0,8.0,0.0,0.0,0.0,55.2,40.0,Snack,Vegan;Vegetarian;Gluten Free;High Fiber,,True,True,True
CX000318,Dried Unsweetened Apple (150G),Fruits,Global,150,89.2,0.8,20.9,0.3,3.8,0.0,0.0,1.5,225.0,9.0,0.3,7.5,16.5,0.2,4.5,12.0,0.0,0.0,0.0,82.9,60.0,Snack,Vegan;Vegetarian;Gluten Free;High Fiber,,True,True,True
CX000319,Dried Unsweetened Apple (200G),Fruits,Global,200,118.9,1.0,27.8,0.4,5.0,0.0,0.0,2.0,300.0,12.0,0.4,10.0,22.0,0.2,6.0,16.0,0.0,0.0,0.0,110.5,80.0,Snack,Vegan;Vegetarian;Gluten Free;High Fiber,,True,True,True
CX000320,Dried Unsweetened Apple (250G),Fruits,Global,250,148.6,1.2,34.8,0.5,6.3,0.0,0.0,2.5,375.0,15.0,0.5,12.5,27.5,0.2,7.5,20.0,0.0,0.0,0.0,138.1,100.0,Snack,Vegan;Vegetarian;Gluten Free;High Fiber,,True,True,True
CX000321,Frozen Whole Apple (100G),Fruits,Global,100,59.0,0.5,13.8,0.2,2.6,0.0,0.0,1.0,150.0,6.0,0.2,5.0,11.0,0.1,3.0,8.2,0.0,0.0,0.0,85.0,38.0,Snack,Vegan;Vegetarian;Gluten Free;High Fiber,,True,True,True
CX000322,Frozen Whole Apple (150G),Fruits,Global,150,88.5,0.8,20.7,0.3,3.9,0.0,0.0,1.5,225.0,9.0,0.3,7.5,16.5,0.2,4.5,12.2,0.0,0.0,0.0,127.5,57.0,Snack,Vegan;Vegetarian;Gluten Free;High Fiber,,True,True,True
CX000323,Frozen Whole Apple (200G),Fruits,Global,200,118.0,1.0,27.6,0.4,5.2,0.0,0.0,2.0,300.0,12.0,0.4,10.0,22.0,0.2,6.0,16.3,0.0,0.0,0.0,170.0,76.0,Snack,Vegan;Vegetarian;Gluten Free;High Fiber,,True,True,True
CX000324,Frozen Whole Apple (250G),Fruits,Global,250,147.5,1.2,34.5,0.5,6.5,0.0,0.0,2.5,375.0,15.0,0.5,12.5,27.5,0.2,7.5,20.4,0.0,0.0,0.0,212.5,95.0,Snack,Vegan;Vegetarian;Gluten Free;High Fiber,,True,True,True
CX000325,Frozen Wedges Apple (100G),Fruits,Global,100,59.0,0.5,13.8,0.2,2.4,0.0,0.0,1.0,150.0,6.0,0.2,5.0,11.0,0.1,3.0,8.2,0.0,0.0,0.0,83.3,40.0,Snack,Vegan;Vegetarian;Gluten Free;High Fiber,,True,True,True
CX000326,Frozen Wedges Apple (150G),Fruits,Global,150,88.5,0.8,20.7,0.3,3.6,0.0,0.0,1.5,225.0,9.0,0.3,7.5,16.5,0.2,4.5,12.2,0.0,0.0,0.0,125.0,60.0,Snack,Vegan;Vegetarian;Gluten Free;High Fiber,,True,True,True
CX000327,Frozen Wedges Apple (200G),Fruits,Global,200,118.0,1.0,27.6,0.4,4.8,0.0,0.0,2.0,300.0,12.0,0.4,10.0,22.0,0.2,6.0,16.3,0.0,0.0,0.0,166.6,80.0,Snack,Vegan;Vegetarian;Gluten Free;High Fiber,,True,True,True
CX000328,Frozen Wedges Apple (250G),Fruits,Global,250,147.5,1.2,34.5,0.5,6.0,0.0,0.0,2.5,375.0,15.0,0.5,12.5,27.5,0.2,7.5,20.4,0.0,0.0,0.0,208.2,100.0,Snack,Vegan;Vegetarian;Gluten Free;High Fiber,,True,True,True
CX000337,Frozen Puree Apple (100G),Fruits,Global,100,59.0,0.5,13.8,0.2,1.7,0.0,0.0,1.0,150.0,6.0,0.2,5.0,11.0,0.1,3.0,8.2,0.0,0.0,0.0,85.0,40.0,Snack,Vegan;Vegetarian;Gluten Free;High Fiber,,True,True,True
CX000338,Frozen Puree Apple (150G),Fruits,Global,150,88.5,0.8,20.7,0.3,2.6,0.0,0.0,1.5,225.0,9.0,0.3,7.5,16.5,0.2,4.5,12.2,0.0,0.0,0.0,127.5,60.0,Snack,Vegan;Vegetarian;Gluten Free;High Fiber,,True,True,True
CX000339,Frozen Puree Apple (200G),Fruits,Global,200,118.0,1.0,27.6,0.4,3.5,0.0,0.0,2.0,300.0,12.0,0.4,10.0,22.0,0.2,6.0,16.3,0.0,0.0,0.0,170.0,80.0,Snack,Vegan;Vegetarian;Gluten Free;High Fiber,,True,True,True
CX000340,Frozen Puree Apple (250G),Fruits,Global,250,147.5,1.2,34.5,0.5,4.3,0.0,0.0,2.5,375.0,15.0,0.5,12.5,27.5,0.2,7.5,20.4,0.0,0.0,0.0,212.5,100.0,Snack,Vegan;Vegetarian;Gluten Free;High Fiber,,True,True,True
CX000341,Frozen Compote Apple (100G),Fruits,Global,100,61.8,0.5,14.5,0.2,2.4,0.0,0.0,1.0,150.0,6.0,0.2,5.0,11.0,0.1,3.0,8.2,0.0,0.0,0.0,85.0,40.0,Snack,Vegan;Vegetarian;Gluten Free;High Fiber,,True,True,True
CX000342,Frozen Compote Apple (150G),Fruits,Global,150,92.6,0.8,21.7,0.3,3.6,0.0,0.0,1.5,225.0,9.0,0.3,7.5,16.5,0.2,4.5,12.2,0.0,0.0,0.0,127.5,60.0,Snack,Vegan;Vegetarian;Gluten Free;High Fiber,,True,True,True
CX000343,Frozen Compote Apple (200G),Fruits,Global,200,123.5,1.0,29.0,0.4,4.8,0.0,0.0,2.0,300.0,12.0,0.4,10.0,22.0,0.2,6.0,16.3,0.0,0.0,0.0,170.0,80.0,Snack,Vegan;Vegetarian;Gluten Free;High Fiber,,True,True,True
CX000344,Frozen Compote Apple (250G),Fruits,Global,250,154.4,1.2,36.2,0.5,6.0,0.0,0.0,2.5,375.0,15.0,0.5,12.5,27.5,0.2,7.5,20.4,0.0,0.0,0.0,212.5,100.0,Snack,Vegan;Vegetarian;Gluten Free;High Fiber,,True,True,True
CX000345,Frozen Juice Apple (100G),Fruits,Global,100,59.0,0.5,13.8,0.2,0.8,0.0,0.0,1.0,150.0,6.0,0.2,5.0,11.0,0.1,3.0,8.2,0.0,0.0,0.0,85.0,40.0,Snack,Vegan;Vegetarian;Gluten Free;High Fiber,,True,True,True
CX000346,Frozen Juice Apple (150G),Fruits,Global,150,88.5,0.8,20.7,0.3,1.3,0.0,0.0,1.5,225.0,9.0,0.3,7.5,16.5,0.2,4.5,12.2,0.0,0.0,0.0,127.5,60.0,Snack,Vegan;Vegetarian;Gluten Free;High Fiber,,True,True,True
CX000347,Frozen Juice Apple (200G),Fruits,Global,200,118.0,1.0,27.6,0.4,1.7,0.0,0.0,2.0,300.0,12.0,0.4,10.0,22.0,0.2,6.0,16.3,0.0,0.0,0.0,170.0,80.0,Snack,Vegan;Vegetarian;Gluten Free;High Fiber,,True,True,True
CX000348,Frozen Juice Apple (250G),Fruits,Global,250,147.5,1.2,34.5,0.5,2.1,0.0,0.0,2.5,375.0,15.0,0.5,12.5,27.5,0.2,7.5,20.4,0.0,0.0,0.0,212.5,100.0,Snack,Vegan;Vegetarian;Gluten Free;High Fiber,,True,True,True
CX000349,Frozen Smoothie Apple (100G),Fruits,Global,100,59.0,0.5,13.8,0.2,1.9,0.0,0.0,1.0,150.0,6.0,0.2,5.0,11.0,0.1,3.0,8.2,0.0,0.0,0.0,85.0,40.0,Snack,Vegan;Vegetarian;Gluten Free;High Fiber,,True,True,True
CX000350,Frozen Smoothie Apple (150G),Fruits,Global,150,88.5,0.8,20.7,0.3,2.9,0.0,0.0,1.5,225.0,9.0,0.3,7.5,16.5,0.2,4.5,12.2,0.0,0.0,0.0,127.5,60.0,Snack,Vegan;Vegetarian;Gluten Free;High Fiber,,True,True,True
CX000351,Frozen Smoothie Apple (200G),Fruits,Global,200,118.0,1.0,27.6,0.4,3.8,0.0,0.0,2.0,300.0,12.0,0.4,10.0,22.0,0.2,6.0,16.3,0.0,0.0,0.0,170.0,80.0,Snack,Vegan;Vegetarian;Gluten Free;High Fiber,,True,True,True
CX000352,Frozen Smoothie Apple (250G),Fruits,Global,250,147.5,1.2,34.5,0.5,4.8,0.0,0.0,2.5,375.0,15.0,0.5,12.5,27.5,0.2,7.5,20.4,0.0,0.0,0.0,212.5,100.0,Snack,Vegan;Vegetarian;Gluten Free;High Fiber,,True,True,True
CX000353,Frozen Salad Apple (100G),Fruits,Global,100,59.0,0.5,13.8,0.2,2.5,0.0,0.0,1.0,150.0,6.0,0.2,5.0,11.0,0.1,3.0,8.2,0.0,0.0,0.0,85.8,40.0,Snack,Vegan;Vegetarian;Gluten Free;High Fiber,,True,True,True
CX000354,Frozen Salad Apple (150G),Fruits,Global,150,88.5,0.8,20.7,0.3,3.8,0.0,0.0,1.5,225.0,9.0,0.3,7.5,16.5,0.2,4.5,12.2,0.0,0.0,0.0,128.8,60.0,Snack,Vegan;Vegetarian;Gluten Free;High Fiber,,True,True,True
CX000355,Frozen Salad Apple (200G),Fruits,Global,200,118.0,1.0,27.6,0.4,5.0,0.0,0.0,2.0,300.0,12.0,0.4,10.0,22.0,0.2,6.0,16.3,0.0,0.0,0.0,171.7,80.0,Snack,Vegan;Vegetarian;Gluten Free;High Fiber,,True,True,True
CX000356,Frozen Salad Apple (250G),Fruits,Global,250,147.5,1.2,34.5,0.5,6.3,0.0,0.0,2.5,375.0,15.0,0.5,12.5,27.5,0.2,7.5,20.4,0.0,0.0,0.0,214.6,100.0,Snack,Vegan;Vegetarian;Gluten Free;High Fiber,,True,True,True
CX000357,Frozen Unsweetened Apple (100G),Fruits,Global,100,53.5,0.5,12.4,0.2,2.4,0.0,0.0,1.0,150.0,6.0,0.2,5.0,11.0,0.1,3.0,8.2,0.0,0.0,0.0,85.0,40.0,Snack,Vegan;Vegetarian;Gluten Free;High Fiber,,True,True,True
CX000358,Frozen Unsweetened Apple (150G),Fruits,Global,150,80.2,0.8,18.6,0.3,3.6,0.0,0.0,1.5,225.0,9.0,0.3,7.5,16.5,0.2,4.5,12.2,0.0,0.0,0.0,127.5,60.0,Snack,Vegan;Vegetarian;Gluten Free;High Fiber,,True,True,True
CX000359,Frozen Unsweetened Apple (200G),Fruits,Global,200,107.0,1.0,24.8,0.4,4.8,0.0,0.0,2.0,300.0,12.0,0.4,10.0,22.0,0.2,6.0,16.3,0.0,0.0,0.0,170.0,80.0,Snack,Vegan;Vegetarian;Gluten Free;High Fiber,,True,True,True
CX000360,Frozen Unsweetened Apple (250G),Fruits,Global,250,133.7,1.2,31.1,0.5,6.0,0.0,0.0,2.5,375.0,15.0,0.5,12.5,27.5,0.2,7.5,20.4,0.0,0.0,0.0,212.5,100.0,Snack,Vegan;Vegetarian;Gluten Free;High Fiber,,True,True,True
CX000361,Canned Whole Apple (100G),Fruits,Global,100,59.0,0.5,13.8,0.2,2.6,0.0,0.0,1.2,150.0,6.0,0.2,5.0,11.0,0.1,3.0,8.0,0.0,0.0,0.0,85.0,38.0,Snack,Vegan;Vegetarian;Gluten Free;High Fiber,,True,True,True
CX000362,Canned Whole Apple (150G),Fruits,Global,150,88.5,0.8,20.7,0.3,3.9,0.0,0.0,1.9,225.0,9.0,0.3,7.5,16.5,0.2,4.5,12.0,0.0,0.0,0.0,127.5,57.0,Snack,Vegan;Vegetarian;Gluten Free;High Fiber,,True,True,True
CX000363,Canned Whole Apple (200G),Fruits,Global,200,118.0,1.0,27.6,0.4,5.2,0.0,0.0,2.5,300.0,12.0,0.4,10.0,22.0,0.2,6.0,16.0,0.0,0.0,0.0,170.0,76.0,Snack,Vegan;Vegetarian;Gluten Free;High Fiber,,True,True,True
CX000364,Canned Whole Apple (250G),Fruits,Global,250,147.5,1.2,34.5,0.5,6.5,0.0,0.0,3.1,375.0,15.0,0.5,12.5,27.5,0.2,7.5,20.0,0.0,0.0,0.0,212.5,95.0,Snack,Vegan;Vegetarian;Gluten Free;High Fiber,,True,True,True
CX000365,Canned Wedges Apple (100G),Fruits,Global,100,59.0,0.5,13.8,0.2,2.4,0.0,0.0,1.2,150.0,6.0,0.2,5.0,11.0,0.1,3.0,8.0,0.0,0.0,0.0,83.3,40.0,Snack,Vegan;Vegetarian;Gluten Free;High Fiber,,True,True,True
CX000366,Canned Wedges Apple (150G),Fruits,Global,150,88.5,0.8,20.7,0.3,3.6,0.0,0.0,1.9,225.0,9.0,0.3,7.5,16.5,0.2,4.5,12.0,0.0,0.0,0.0,125.0,60.0,Snack,Vegan;Vegetarian;Gluten Free;High Fiber,,True,True,True
CX000367,Canned Wedges Apple (200G),Fruits,Global,200,118.0,1.0,27.6,0.4,4.8,0.0,0.0,2.5,300.0,12.0,0.4,10.0,22.0,0.2,6.0,16.0,0.0,0.0,0.0,166.6,80.0,Snack,Vegan;Vegetarian;Gluten Free;High Fiber,,True,True,True
CX000368,Canned Wedges Apple (250G),Fruits,Global,250,147.5,1.2,34.5,0.5,6.0,0.0,0.0,3.1,375.0,15.0,0.5,12.5,27.5,0.2,7.5,20.0,0.0,0.0,0.0,208.2,100.0,Snack,Vegan;Vegetarian;Gluten Free;High Fiber,,True,True,True
CX000377,Canned Puree Apple (100G),Fruits,Global,100,59.0,0.5,13.8,0.2,1.7,0.0,0.0,1.2,150.0,6.0,0.2,5.0,11.0,0.1,3.0,8.0,0.0,0.0,0.0,85.0,40.0,Snack,Vegan;Vegetarian;Gluten Free;High Fiber,,True,True,True
CX000378,Canned Puree Apple (150G),Fruits,Global,150,88.5,0.8,20.7,0.3,2.6,0.0,0.0,1.9,225.0,9.0,0.3,7.5,16.5,0.2,4.5,12.0,0.0,0.0,0.0,127.5,60.0,Snack,Vegan;Vegetarian;Gluten Free;High Fiber,,True,True,True
CX000379,Canned Puree Apple (200G),Fruits,Global,200,118.0,1.0,27.6,0.4,3.5,0.0,0.0,2.5,300.0,12.0,0.4,10.0,22.0,0.2,6.0,16.0,0.0,0.0,0.0,170.0,80.0,Snack,Vegan;Vegetarian;Gluten Free;High Fiber,,True,True,True
CX000380,Canned Puree Apple (250G),Fruits,Global,250,147.5,1.2,34.5,0.5,4.3,0.0,0.0,3.1,375.0,15.0,0.5,12.5,27.5,0.2,7.5,20.0,0.0,0.0,0.0,212.5,100.0,Snack,Vegan;Vegetarian;Gluten Free;High Fiber,,True,True,True
CX000381,Canned Compote Apple (100G),Fruits,Global,100,61.8,0.5,14.5,0.2,2.4,0.0,0.0,1.2,150.0,6.0,0.2,5.0,11.0,0.1,3.0,8.0,0.0,0.0,0.0,85.0,40.0,Snack,Vegan;Vegetarian;Gluten Free;High Fiber,,True,True,True
CX000382,Canned Compote Apple (150G),Fruits,Global,150,92.6,0.8,21.7,0.3,3.6,0.0,0.0,1.9,225.0,9.0,0.3,7.5,16.5,0.2,4.5,12.0,0.0,0.0,0.0,127.5,60.0,Snack,Vegan;Vegetarian;Gluten Free;High Fiber,,True,True,True
CX000383,Canned Compote Apple (200G),Fruits,Global,200,123.5,1.0,29.0,0.4,4.8,0.0,0.0,2.5,300.0,12.0,0.4,10.0,22.0,0.2,6.0,16.0,0.0,0.0,0.0,170.0,80.0,Snack,Vegan;Vegetarian;Gluten Free;High Fiber,,True,True,True
CX000384,Canned Compote Apple (250G),Fruits,Global,250,154.4,1.2,36.2,0.5,6.0,0.0,0.0,3.1,375.0,15.0,0.5,12.5,27.5,0.2,7.5,20.0,0.0,0.0,0.0,212.5,100.0,Snack,Vegan;Vegetarian;Gluten Free;High Fiber,,True,True,True
CX000385,Canned Juice Apple (100G),Fruits,Global,100,59.0,0.5,13.8,0.2,0.8,0.0,0.0,1.2,150.0,6.0,0.2,5.0,11.0,0.1,3.0,8.0,0.0,0.0,0.0,85.0,40.0,Snack,Vegan;Vegetarian;Gluten Free;High Fiber,,True,True,True
CX000386,Canned Juice Apple (150G),Fruits,Global,150,88.5,0.8,20.7,0.3,1.3,0.0,0.0,1.9,225.0,9.0,0.3,7.5,16.5,0.2,4.5,12.0,0.0,0.0,0.0,127.5,60.0,Snack,Vegan;Vegetarian;Gluten Free;High Fiber,,True,True,True
CX000387,Canned Juice Apple (200G),Fruits,Global,200,118.0,1.0,27.6,0.4,1.7,0.0,0.0,2.5,300.0,12.0,0.4,10.0,22.0,0.2,6.0,16.0,0.0,0.0,0.0,170.0,80.0,Snack,Vegan;Vegetarian;Gluten Free;High Fiber,,True,True,True
CX000388,Canned Juice Apple (250G),Fruits,Global,250,147.5,1.2,34.5,0.5,2.1,0.0,0.0,3.1,375.0,15.0,0.5,12.5,27.5,0.2,7.5,20.0,0.0,0.0,0.0,212.5,100.0,Snack,Vegan;Vegetarian;Gluten Free;High Fiber,,True,True,True
CX000389,Canned Smoothie Apple (100G),Fruits,Global,100,59.0,0.5,13.8,0.2,1.9,0.0,0.0,1.2,150.0,6.0,0.2,5.0,11.0,0.1,3.0,8.0,0.0,0.0,0.0,85.0,40.0,Snack,Vegan;Vegetarian;Gluten Free;High Fiber,,True,True,True
CX000390,Canned Smoothie Apple (150G),Fruits,Global,150,88.5,0.8,20.7,0.3,2.9,0.0,0.0,1.9,225.0,9.0,0.3,7.5,16.5,0.2,4.5,12.0,0.0,0.0,0.0,127.5,60.0,Snack,Vegan;Vegetarian;Gluten Free;High Fiber,,True,True,True
CX000391,Canned Smoothie Apple (200G),Fruits,Global,200,118.0,1.0,27.6,0.4,3.8,0.0,0.0,2.5,300.0,12.0,0.4,10.0,22.0,0.2,6.0,16.0,0.0,0.0,0.0,170.0,80.0,Snack,Vegan;Vegetarian;Gluten Free;High Fiber,,True,True,True
CX000392,Canned Smoothie Apple (250G),Fruits,Global,250,147.5,1.2,34.5,0.5,4.8,0.0,0.0,3.1,375.0,15.0,0.5,12.5,27.5,0.2,7.5,20.0,0.0,0.0,0.0,212.5,100.0,Snack,Vegan;Vegetarian;Gluten Free;High Fiber,,True,True,True
CX000393,Canned Salad Apple (100G),Fruits,Global,100,59.0,0.5,13.8,0.2,2.5,0.0,0.0,1.2,150.0,6.0,0.2,5.0,11.0,0.1,3.0,8.0,0.0,0.0,0.0,85.8,40.0,Snack,Vegan;Vegetarian;Gluten Free;High Fiber,,True,True,True
CX000394,Canned Salad Apple (150G),Fruits,Global,150,88.5,0.8,20.7,0.3,3.8,0.0,0.0,1.9,225.0,9.0,0.3,7.5,16.5,0.2,4.5,12.0,0.0,0.0,0.0,128.8,60.0,Snack,Vegan;Vegetarian;Gluten Free;High Fiber,,True,True,True
CX000395,Canned Salad Apple (200G),Fruits,Global,200,118.0,1.0,27.6,0.4,5.0,0.0,0.0,2.5,300.0,12.0,0.4,10.0,22.0,0.2,6.0,16.0,0.0,0.0,0.0,171.7,80.0,Snack,Vegan;Vegetarian;Gluten Free;High Fiber,,True,True,True
CX000396,Canned Salad Apple (250G),Fruits,Global,250,147.5,1.2,34.5,0.5,6.3,0.0,0.0,3.1,375.0,15.0,0.5,12.5,27.5,0.2,7.5,20.0,0.0,0.0,0.0,214.6,100.0,Snack,Vegan;Vegetarian;Gluten Free;High Fiber,,True,True,True
CX000397,Canned Unsweetened Apple (100G),Fruits,Global,100,53.5,0.5,12.4,0.2,2.4,0.0,0.0,1.2,150.0,6.0,0.2,5.0,11.0,0.1,3.0,8.0,0.0,0.0,0.0,85.0,40.0,Snack,Vegan;Vegetarian;Gluten Free;High Fiber,,True,True,True
CX000398,Canned Unsweetened Apple (150G),Fruits,Global,150,80.2,0.8,18.6,0.3,3.6,0.0,0.0,1.9,225.0,9.0,0.3,7.5,16.5,0.2,4.5,12.0,0.0,0.0,0.0,127.5,60.0,Snack,Vegan;Vegetarian;Gluten Free;High Fiber,,True,True,True
CX000399,Canned Unsweetened Apple (200G),Fruits,Global,200,107.0,1.0,24.8,0.4,4.8,0.0,0.0,2.5,300.0,12.0,0.4,10.0,22.0,0.2,6.0,16.0,0.0,0.0,0.0,170.0,80.0,Snack,Vegan;Vegetarian;Gluten Free;High Fiber,,True,True,True
CX000400,Canned Unsweetened Apple (250G),Fruits,Global,250,133.7,1.2,31.1,0.5,6.0,0.0,0.0,3.1,375.0,15.0,0.5,12.5,27.5,0.2,7.5,20.0,0.0,0.0,0.0,212.5,100.0,Snack,Vegan;Vegetarian;Gluten Free;High Fiber,,True,True,True
CX002401,Fresh Whole Carrot (100G),Vegetables,Global,100,31.8,1.5,6.0,0.2,3.0,0.0,0.0,35.0,250.0,25.0,0.6,18.0,35.0,0.2,80.0,18.0,0.0,0.0,0.0,92.8,14.2,Lunch,Vegan;Vegetarian;Gluten Free;High Fiber,,True,True,True
CX002402,Fresh Whole Carrot (150G),Vegetables,Global,150,47.7,2.2,9.0,0.3,4.5,0.0,0.0,52.5,375.0,37.5,0.9,27.0,52.5,0.3,120.0,27.0,0.0,0.0,0.0,139.2,21.4,Lunch,Vegan;Vegetarian;Gluten Free;High Fiber,,True,True,True
CX002403,Fresh Whole Carrot (200G),Vegetables,Global,200,63.6,3.0,12.0,0.4,6.0,0.0,0.0,70.0,500.0,50.0,1.2,36.0,70.0,0.4,160.0,36.0,0.0,0.0,0.0,185.6,28.5,Lunch,Vegan;Vegetarian;Gluten Free;High Fiber,,True,True,True
CX002404,Fresh Whole Carrot (250G),Vegetables,Global,250,79.5,3.8,15.0,0.5,7.6,0.0,0.0,87.5,625.0,62.5,1.5,45.0,87.5,0.5,200.0,45.0,0.0,0.0,0.0,232.1,35.6,Lunch,Vegan;Vegetarian;Gluten Free;High Fiber,,True,True,True
CX002405,Fresh Chopped Carrot (100G),Vegetables,Global,100,31.8,1.5,6.0,0.2,2.8,0.0,0.0,35.0,250.0,25.0,0.6,18.0,35.0,0.2,80.0,18.0,0.0,0.0,0.0,92.8,15.0,Lunch,Vegan;Vegetarian;Gluten Free;High Fiber,,True,True,True
CX002406,Fresh Chopped Carrot (150G),Vegetables,Global,150,47.7,2.2,9.0,0.3,4.2,0.0,0.0,52.5,375.0,37.5,0.9,27.0,52.5,0.3,120.0,27.0,0.0,0.0,0.0,139.2,22.5,Lunch,Vegan;Vegetarian;Gluten Free;High Fiber,,True,True,True
CX002407,Fresh Chopped Carrot (200G),Vegetables,Global,200,63.6,3.0,12.0,0.4,5.6,0.0,0.0,70.0,500.0,50.0,1.2,36.0,70.0,0.4,160.0,36.0,0.0,0.0,0.0,185.6,30.0,Lunch,Vegan;Vegetarian;Gluten Free;High Fiber,,True,True,True
CX002408,Fresh Chopped Carrot (250G),Vegetables,Global,250,79.5,3.8,15.0,0.5,7.0,0.0,0.0,87.5,625.0,62.5,1.5,45.0,87.5,0.5,200.0,45.0,0.0,0.0,0.0,232.1,37.5,Lunch,Vegan;Vegetarian;Gluten Free;High Fiber,,True,True,True
CX002421,Fresh Garlic Carrot (100G),Vegetables,Global,100,31.8,1.5,6.0,0.2,2.8,0.0,0.0,36.1,250.0,25.0,0.6,18.0,35.0,0.2,80.0,18.0,0.0,0.0,0.0,92.8,15.0,Lunch,Vegan;Vegetarian;Gluten Free;High Fiber,,True,True,True
CX002422,Fresh Garlic Carrot (150G),Vegetables,Global,150,47.7,2.2,9.0,0.3,4.2,0.0,0.0,54.1,375.0,37.5,0.9,27.0,52.5,0.3,120.0,27.0,0.0,0.0,0.0,139.2,22.5,Lunch,Vegan;Vegetarian;Gluten Free;High Fiber,,True,True,True
CX002423,Fresh Garlic Carrot (200G),Vegetables,Global,200,63.6,3.0,12.0,0.4,5.6,0.0,0.0,72.1,500.0,50.0,1.2,36.0,70.0,0.4,160.0,36.0,0.0,0.0,0.0,185.6,30.0,Lunch,Vegan;Vegetarian;Gluten Free;High Fiber,,True,True,True
CX002424,Fresh Garlic Carrot (250G),Vegetables,Global,250,79.5,3.8,15.0,0.5,7.0,0.0,0.0,90.1,625.0,62.5,1.5,45.0,87.5,0.5,200.0,45.0,0.0,0.0,0.0,232.1,37.5,Lunch,Vegan;Vegetarian;Gluten Free;High Fiber,,True,True,True
CX002521,Boiled Whole Carrot (100G),Vegetables,Global,100,31.7,1.5,6.0,0.2,3.0,0.0,0.0,35.0,250.0,25.0,0.6,18.0,35.0,0.2,80.0,18.0,0.0,0.0,0.0,91.0,14.2,Lunch,Vegan;Vegetarian;Gluten Free;High Fiber,,True,True,True
CX002522,Boiled Whole Carrot (150G),Vegetables,Global,150,47.6,2.2,9.0,0.3,4.5,0.0,0.0,52.5,375.0,37.5,0.9,27.0,52.5,0.3,120.0,27.0,0.0,0.0,0.0,136.5,21.4,Lunch,Vegan;Vegetarian;Gluten Free;High Fiber,,True,True,True
CX002523,Boiled Whole Carrot (200G),Vegetables,Global,200,63.4,3.0,12.0,0.4,6.0,0.0,0.0,70.0,500.0,50.0,1.2,36.0,70.0,0.4,160.0,36.0,0.0,0.0,0.0,182.0,28.5,Lunch,Vegan;Vegetarian;Gluten Free;High Fiber,,True,True,True
CX002524,Boiled Whole Carrot (250G),Vegetables,Global,250,79.3,3.8,15.0,0.5,7.6,0.0,0.0,87.5,625.0,62.5,1.5,45.0,87.5,0.5,200.0,45.0,0.0,0.0,0.0,227.5,35.6,Lunch,Vegan;Vegetarian;Gluten Free;High Fiber,,True,True,True
CX002525,Boiled Chopped Carrot (100G),Vegetables,Global,100,31.7,1.5,6.0,0.2,2.8,0.0,0.0,35.0,250.0,25.0,0.6,18.0,35.0,0.2,80.0,18.0,0.0,0.0,0.0,91.0,15.0,Lunch,Vegan;Vegetarian;Gluten Free;High Fiber,,True,True,True
CX002526,Boiled Chopped Carrot (150G),Vegetables,Global,150,47.6,2.2,9.0,0.3,4.2,0.0,0.0,52.5,375.0,37.5,0.9,27.0,52.5,0.3,120.0,27.0,0.0,0.0,0.0,136.5,22.5,Lunch,Vegan;Vegetarian;Gluten Free;High Fiber,,True,True,True
CX002527,Boiled Chopped Carrot (200G),Vegetables,Global,200,63.4,3.0,12.0,0.4,5.6,0.0,0.0,70.0,500.0,50.0,1.2,36.0,70.0,0.4,160.0,36.0,0.0,0.0,0.0,182.0,30.0,Lunch,Vegan;Vegetarian;Gluten Free;High Fiber,,True,True,True
CX002528,Boiled Chopped Carrot (250G),Vegetables,Global,250,79.3,3.8,15.0,0.5,7.0,0.0,0.0,87.5,625.0,62.5,1.5,45.0,87.5,0.5,200.0,45.0,0.0,0.0,0.0,227.5,37.5,Lunch,Vegan;Vegetarian;Gluten Free;High Fiber,,True,True,True
CX002541,Boiled Garlic Carrot (100G),Vegetables,Global,100,31.7,1.5,6.0,0.2,2.8,0.0,0.0,36.1,250.0,25.0,0.6,18.0,35.0,0.2,80.0,18.0,0.0,0.0,0.0,91.0,15.0,Lunch,Vegan;Vegetarian;Gluten Free;High Fiber,,True,True,True
CX002542,Boiled Garlic Carrot (150G),Vegetables,Global,150,47.6,2.2,9.0,0.3,4.2,0.0,0.0,54.1,375.0,37.5,0.9,27.0,52.5,0.3,120.0,27.0,0.0,0.0,0.0,136.5,22.5,Lunch,Vegan;Vegetarian;Gluten Free;High Fiber,,True,True,True
CX002543,Boiled Garlic Carrot (200G),Vegetables,Global,200,63.4,3.0,12.0,0.4,5.6,0.0,0.0,72.1,500.0,50.0,1.2,36.0,70.0,0.4,160.0,36.0,0.0,0.0,0.0,182.0,30.0,Lunch,Vegan;Vegetarian;Gluten Free;High Fiber,,True,True,True
CX002544,Boiled Garlic Carrot (250G),Vegetables,Global,250,79.3,3.8,15.0,0.5,7.0,0.0,0.0,90.1,625.0,62.5,1.5,45.0,87.5,0.5,200.0,45.0,0.0,0.0,0.0,227.5,37.5,Lunch,Vegan;Vegetarian;Gluten Free;High Fiber,,True,True,True
CX002563,Roasted Whole Carrot (200G),Vegetables,Global,200,63.5,3.0,12.0,0.4,6.0,0.0,0.0,70.0,500.0,50.0,1.2,36.0,70.0,0.4,160.0,36.0,0.0,0.0,0.0,171.1,28.5,Lunch,Vegan;Vegetarian;Gluten Free;High Fiber,,True,True,True
CX002564,Roasted Whole Carrot (250G),Vegetables,Global,250,79.4,3.8,15.0,0.5,7.6,0.0,0.0,87.5,625.0,62.5,1.5,45.0,87.5,0.5,200.0,45.0,0.0,0.0,0.0,213.8,35.6,Lunch,Vegan;Vegetarian;Gluten Free;High Fiber,,True,True,True
CX002567,Roasted Chopped Carrot (200G),Vegetables,Global,200,63.5,3.0,12.0,0.4,5.6,0.0,0.0,70.0,500.0,50.0,1.2,36.0,70.0,0.4,160.0,36.0,0.0,0.0,0.0,171.1,30.0,Lunch,Vegan;Vegetarian;Gluten Free;High Fiber,,True,True,True
CX002568,Roasted Chopped Carrot (250G),Vegetables,Global,250,79.4,3.8,15.0,0.5,7.0,0.0,0.0,87.5,625.0,62.5,1.5,45.0,87.5,0.5,200.0,45.0,0.0,0.0,0.0,213.8,37.5,Lunch,Vegan;Vegetarian;Gluten Free;High Fiber,,True,True,True
CX002583,Roasted Garlic Carrot (200G),Vegetables,Global,200,63.5,3.0,12.0,0.4,5.6,0.0,0.0,72.1,500.0,50.0,1.2,36.0,70.0,0.4,160.0,36.0,0.0,0.0,0.0,171.1,30.0,Lunch,Vegan;Vegetarian;Gluten Free;High Fiber,,True,True,True
CX002584,Roasted Garlic Carrot (250G),Vegetables,Global,250,79.4,3.8,15.0,0.5,7.0,0.0,0.0,90.1,625.0,62.5,1.5,45.0,87.5,0.5,200.0,45.0,0.0,0.0,0.0,213.8,37.5,Lunch,Vegan;Vegetarian;Gluten Free;High Fiber,,True,True,True
CX002641,Sauteed Whole Carrot (100G),Vegetables,Global,100,31.9,1.5,6.0,0.2,3.0,0.0,0.0,35.7,250.0,25.0,0.6,18.0,35.0,0.2,80.0,18.0,0.0,0.0,0.0,91.0,14.2,Lunch,Vegan;Vegetarian;Gluten Free;High Fiber,,True,True,True
CX002642,Sauteed Whole Carrot (150G),Vegetables,Global,150,47.8,2.2,9.0,0.3,4.5,0.0,0.0,53.6,375.0,37.5,0.9,27.0,52.5,0.3,120.0,27.0,0.0,0.0,0.0,136.5,21.4,Lunch,Vegan;Vegetarian;Gluten Free;High Fiber,,True,True,True
CX002643,Sauteed Whole Carrot (200G),Vegetables,Global,200,63.8,3.0,12.0,0.4,6.0,0.0,0.0,71.4,500.0,50.0,1.2,36.0,70.0,0.4,160.0,36.0,0.0,0.0,0.0,182.0,28.5,Lunch,Vegan;Vegetarian;Gluten Free;High Fiber,,True,True,True
CX002644,Sauteed Whole Carrot (250G),Vegetables,Global,250,79.7,3.8,15.0,0.5,7.6,0.0,0.0,89.2,625.0,62.5,1.5,45.0,87.5,0.5,200.0,45.0,0.0,0.0,0.0,227.5,35.6,Lunch,Vegan;Vegetarian;Gluten Free;High Fiber,,True,True,True
CX002645,Sauteed Chopped Carrot (100G),Vegetables,Global,100,31.9,1.5,6.0,0.2,2.8,0.0,0.0,35.7,250.0,25.0,0.6,18.0,35.0,0.2,80.0,18.0,0.0,0.0,0.0,91.0,15.0,Lunch,Vegan;Vegetarian;Gluten Free;High Fiber,,True,True,True
CX002646,Sauteed Chopped Carrot (150G),Vegetables,Global,150,47.8,2.2,9.0,0.3,4.2,0.0,0.0,53.6,375.0,37.5,0.9,27.0,52.5,0.3,120.0,27.0,0.0,0.0,0.0,136.5,22.5,Lunch,Vegan;Vegetarian;Gluten Free;High Fiber,,True,True,True
CX002647,Sauteed Chopped Carrot (200G),Vegetables,Global,200,63.8,3.0,12.0,0.4,5.6,0.0,0.0,71.4,500.0,50.0,1.2,36.0,70.0,0.4,160.0,36.0,0.0,0.0,0.0,182.0,30.0,Lunch,Vegan;Vegetarian;Gluten Free;High Fiber,,True,True,True
CX002648,Sauteed Chopped Carrot (250G),Vegetables,Global,250,79.7,3.8,15.0,0.5,7.0,0.0,0.0,89.2,625.0,62.5,1.5,45.0,87.5,0.5,200.0,45.0,0.0,0.0,0.0,227.5,37.5,Lunch,Vegan;Vegetarian;Gluten Free;High Fiber,,True,True,True
CX002661,Sauteed Garlic Carrot (100G),Vegetables,Global,100,31.9,1.5,6.0,0.2,2.8,0.0,0.0,36.8,250.0,25.0,0.6,18.0,35.0,0.2,80.0,18.0,0.0,0.0,0.0,91.0,15.0,Lunch,Vegan;Vegetarian;Gluten Free;High Fiber,,True,True,True
CX002662,Sauteed Garlic Carrot (150G),Vegetables,Global,150,47.8,2.2,9.0,0.3,4.2,0.0,0.0,55.2,375.0,37.5,0.9,27.0,52.5,0.3,120.0,27.0,0.0,0.0,0.0,136.5,22.5,Lunch,Vegan;Vegetarian;Gluten Free;High Fiber,,True,True,True
CX002663,Sauteed Garlic Carrot (200G),Vegetables,Global,200,63.8,3.0,12.0,0.4,5.6,0.0,0.0,73.5,500.0,50.0,1.2,36.0,70.0,0.4,160.0,36.0,0.0,0.0,0.0,182.0,30.0,Lunch,Vegan;Vegetarian;Gluten Free;High Fiber,,True,True,True
CX002664,Sauteed Garlic Carrot (250G),Vegetables,Global,250,79.7,3.8,15.0,0.5,7.0,0.0,0.0,91.9,625.0,62.5,1.5,45.0,87.5,0.5,200.0,45.0,0.0,0.0,0.0,227.5,37.5,Lunch,Vegan;Vegetarian;Gluten Free;High Fiber,,True,True,True
CX002681,Pickled Whole Carrot (100G),Vegetables,Global,100,31.8,1.5,6.0,0.2,3.0,0.0,0.0,50.8,250.0,25.0,0.6,18.0,35.0,0.2,80.0,18.0,0.0,0.0,0.0,83.7,14.2,Lunch,Vegan;Vegetarian;Gluten Free;High Fiber,,True,True,True
CX002682,Pickled Whole Carrot (150G),Vegetables,Global,150,47.7,2.2,9.0,0.3,4.5,0.0,0.0,76.1,375.0,37.5,0.9,27.0,52.5,0.3,120.0,27.0,0.0,0.0,0.0,125.6,21.4,Lunch,Vegan;Vegetarian;Gluten Free;High Fiber,,True,True,True
CX002683,Pickled Whole Carrot (200G),Vegetables,Global,200,63.6,3.0,12.0,0.4,6.0,0.0,0.0,101.5,500.0,50.0,1.2,36.0,70.0,0.4,160.0,36.0,0.0,0.0,0.0,167.4,28.5,Lunch,Vegan;Vegetarian;Gluten Free;High Fiber,,True,True,True
CX002684,Pickled Whole Carrot (250G),Vegetables,Global,250,79.5,3.8,15.0,0.5,7.6,0.0,0.0,126.9,625.0,62.5,1.5,45.0,87.5,0.5,200.0,45.0,0.0,0.0,0.0,209.3,35.6,Lunch,Vegan;Vegetarian;Gluten Free;High Fiber,,True,True,True
CX002685,Pickled Chopped Carrot (100G),Vegetables,Global,100,31.8,1.5,6.0,0.2,2.8,0.0,0.0,50.8,250.0,25.0,0.6,18.0,35.0,0.2,80.0,18.0,0.0,0.0,0.0,83.7,15.0,Lunch,Vegan;Vegetarian;Gluten Free;High Fiber,,True,True,True
CX002686,Pickled Chopped Carrot (150G),Vegetables,Global,150,47.7,2.2,9.0,0.3,4.2,0.0,0.0,76.1,375.0,37.5,0.9,27.0,52.5,0.3,120.0,27.0,0.0,0.0,0.0,125.6,22.5,Lunch,Vegan;Vegetarian;Gluten Free;High Fiber,,True,True,True
CX002687,Pickled Chopped Carrot (200G),Vegetables,Global,200,63.6,3.0,12.0,0.4,5.6,0.0,0.0,101.5,500.0,50.0,1.2,36.0,70.0,0.4,160.0,36.0,0.0,0.0,0.0,167.4,30.0,Lunch,Vegan;Vegetarian;Gluten Free;High Fiber,,True,True,True
CX002688,Pickled Chopped Carrot (250G),Vegetables,Global,250,79.5,3.8,15.0,0.5,7.0,0.0,0.0,126.9,625.0,62.5,1.5,45.0,87.5,0.5,200.0,45.0,0.0,0.0,0.0,209.3,37.5,Lunch,Vegan;Vegetarian;Gluten Free;High Fiber,,True,True,True
CX002701,Pickled Garlic Carrot (100G),Vegetables,Global,100,31.8,1.5,6.0,0.2,2.8,0.0,0.0,52.3,250.0,25.0,0.6,18.0,35.0,0.2,80.0,18.0,0.0,0.0,0.0,83.7,15.0,Lunch,Vegan;Vegetarian;Gluten Free;High Fiber,,True,True,True
CX002702,Pickled Garlic Carrot (150G),Vegetables,Global,150,47.7,2.2,9.0,0.3,4.2,0.0,0.0,78.4,375.0,37.5,0.9,27.0,52.5,0.3,120.0,27.0,0.0,0.0,0.0,125.6,22.5,Lunch,Vegan;Vegetarian;Gluten Free;High Fiber,,True,True,True
CX002703,Pickled Garlic Carrot (200G),Vegetables,Global,200,63.6,3.0,12.0,0.4,5.6,0.0,0.0,104.5,500.0,50.0,1.2,36.0,70.0,0.4,160.0,36.0,0.0,0.0,0.0,167.4,30.0,Lunch,Vegan;Vegetarian;Gluten Free;High Fiber,,True,True,True
CX002704,Pickled Garlic Carrot (250G),Vegetables,Global,250,79.5,3.8,15.0,0.5,7.0,0.0,0.0,130.7,625.0,62.5,1.5,45.0,87.5,0.5,200.0,45.0,0.0,0.0,0.0,209.3,37.5,Lunch,Vegan;Vegetarian;Gluten Free;High Fiber,,True,True,True
CX002721,Frozen Whole Carrot (100G),Vegetables,Global,100,31.8,1.5,6.0,0.2,3.0,0.0,0.0,35.0,250.0,25.0,0.6,18.0,35.0,0.2,80.0,18.4,0.0,0.0,0.0,91.0,14.2,Lunch,Vegan;Vegetarian;Gluten Free;High Fiber,,True,True,True
CX002722,Frozen Whole Carrot (150G),Vegetables,Global,150,47.7,2.2,9.0,0.3,4.5,0.0,0.0,52.5,375.0,37.5,0.9,27.0,52.5,0.3,120.0,27.5,0.0,0.0,0.0,136.5,21.4,Lunch,Vegan;Vegetarian;Gluten Free;High Fiber,,True,True,True
CX002723,Frozen Whole Carrot (200G),Vegetables,Global,200,63.6,3.0,12.0,0.4,6.0,0.0,0.0,70.0,500.0,50.0,1.2,36.0,70.0,0.4,160.0,36.7,0.0,0.0,0.0,182.0,28.5,Lunch,Vegan;Vegetarian;Gluten Free;High Fiber,,True,True,True
CX002724,Frozen Whole Carrot (250G),Vegetables,Global,250,79.5,3.8,15.0,0.5,7.6,0.0,0.0,87.5,625.0,62.5,1.5,45.0,87.5,0.5,200.0,45.9,0.0,0.0,0.0,227.5,35.6,Lunch,Vegan;Vegetarian;Gluten Free;High Fiber,,True,True,True
CX002725,Frozen Chopped Carrot (100G),Vegetables,Global,100,31.8,1.5,6.0,0.2,2.8,0.0,0.0,35.0,250.0,25.0,0.6,18.0,35.0,0.2,80.0,18.4,0.0,0.0,0.0,91.0,15.0,Lunch,Vegan;Vegetarian;Gluten Free;High Fiber,,True,True,True
CX002726,Frozen Chopped Carrot (150G),Vegetables,Global,150,47.7,2.2,9.0,0.3,4.2,0.0,0.0,52.5,375.0,37.5,0.9,27.0,52.5,0.3,120.0,27.5,0.0,0.0,0.0,136.5,22.5,Lunch,Vegan;Vegetarian;Gluten Free;High Fiber,,True,True,True
CX002727,Frozen Chopped Carrot (200G),Vegetables,Global,200,63.6,3.0,12.0,0.4,5.6,0.0,0.0,70.0,500.0,50.0,1.2,36.0,70.0,0.4,160.0,36.7,0.0,0.0,0.0,182.0,30.0,Lunch,Vegan;Vegetarian;Gluten Free;High Fiber,,True,True,True
CX002728,Frozen Chopped Carrot (250G),Vegetables,Global,250,79.5,3.8,15.0,0.5,7.0,0.0,0.0,87.5,625.0,62.5,1.5,45.0,87.5,0.5,200.0,45.9,0.0,0.0,0.0,227.5,37.5,Lunch,Vegan;Vegetarian;Gluten Free;High Fiber,,True,True,True
CX002741,Frozen Garlic Carrot (100G),Vegetables,Global,100,31.8,1.5,6.0,0.2,2.8,0.0,0.0,36.1,250.0,25.0,0.6,18.0,35.0,0.2,80.0,18.4,0.0,0.0,0.0,91.0,15.0,Lunch,Vegan;Vegetarian;Gluten Free;High Fiber,,True,True,True
CX002742,Frozen Garlic Carrot (150G),Vegetables,Global,150,47.7,2.2,9.0,0.3,4.2,0.0,0.0,54.1,375.0,37.5,0.9,27.0,52.5,0.3,120.0,27.5,0.0,0.0,0.0,136.5,22.5,Lunch,Vegan;Vegetarian;Gluten Free;High Fiber,,True,True,True
CX002743,Frozen Garlic Carrot (200G),Vegetables,Global,200,63.6,3.0,12.0,0.4,5.6,0.0,0.0,72.1,500.0,50.0,1.2,36.0,70.0,0.4,160.0,36.7,0.0,0.0,0.0,182.0,30.0,Lunch,Vegan;Vegetarian;Gluten Free;High Fiber,,True,True,True
CX002744,Frozen Garlic Carrot (250G),Vegetables,Global,250,79.5,3.8,15.0,0.5,7.0,0.0,0.0,90.1,625.0,62.5,1.5,45.0,87.5,0.5,200.0,45.9,0.0,0.0,0.0,227.5,37.5,Lunch,Vegan;Vegetarian;Gluten Free;High Fiber,,True,True,True
CX002761,Mashed Whole Carrot (100G),Vegetables,Global,100,32.5,1.5,6.2,0.2,3.0,0.0,0.0,35.0,250.0,25.0,0.6,18.0,35.0,0.2,80.0,18.0,0.0,0.0,0.0,91.9,14.2,Lunch,Vegan;Vegetarian;Gluten Free;High Fiber,,True,True,True
CX002762,Mashed Whole Carrot (150G),Vegetables,Global,150,48.8,2.2,9.3,0.3,4.5,0.0,0.0,52.5,375.0,37.5,0.9,27.0,52.5,0.3,120.0,27.0,0.0,0.0,0.0,137.9,21.4,Lunch,Vegan;Vegetarian;Gluten Free;High Fiber,,True,True,True
CX002763,Mashed Whole Carrot (200G),Vegetables,Global,200,65.0,3.0,12.4,0.4,6.0,0.0,0.0,70.0,500.0,50.0,1.2,36.0,70.0,0.4,160.0,36.0,0.0,0.0,0.0,183.8,28.5,Lunch,Vegan;Vegetarian;Gluten Free;High Fiber,,True,True,True
CX002764,Mashed Whole Carrot (250G),Vegetables,Global,250,81.3,3.8,15.5,0.5,7.6,0.0,0.0,87.5,625.0,62.5,1.5,45.0,87.5,0.5,200.0,45.0,0.0,0.0,0.0,229.8,35.6,Lunch,Vegan;Vegetarian;Gluten Free;High Fiber,,True,True,True
CX002765,Mashed Chopped Carrot (100G),Vegetables,Global,100,32.5,1.5,6.2,0.2,2.8,0.0,0.0,35.0,250.0,25.0,0.6,18.0,35.0,0.2,80.0,18.0,0.0,0.0,0.0,91.9,15.0,Lunch,Vegan;Vegetarian;Gluten Free;High Fiber,,True,True,True
CX002766,Mashed Chopped Carrot (150G),Vegetables,Global,150,48.8,2.2,9.3,0.3,4.2,0.0,0.0,52.5,375.0,37.5,0.9,27.0,52.5,0.3,120.0,27.0,0.0,0.0,0.0,137.9,22.5,Lunch,Vegan;Vegetarian;Gluten Free;High Fiber,,True,True,True
CX002767,Mashed Chopped Carrot (200G),Vegetables,Global,200,65.0,3.0,12.4,0.4,5.6,0.0,0.0,70.0,500.0,50.0,1.2,36.0,70.0,0.4,160.0,36.0,0.0,0.0,0.0,183.8,30.0,Lunch,Vegan;Vegetarian;Gluten Free;High Fiber,,True,True,True
CX002768,Mashed Chopped Carrot (250G),Vegetables,Global,250,81.3,3.8,15.5,0.5,7.0,0.0,0.0,87.5,625.0,62.5,1.5,45.0,87.5,0.5,200.0,45.0,0.0,0.0,0.0,229.8,37.5,Lunch,Vegan;Vegetarian;Gluten Free;High Fiber,,True,True,True
CX002781,Mashed Garlic Carrot (100G),Vegetables,Global,100,32.5,1.5,6.2,0.2,2.8,0.0,0.0,36.1,250.0,25.0,0.6,18.0,35.0,0.2,80.0,18.0,0.0,0.0,0.0,91.9,15.0,Lunch,Vegan;Vegetarian;Gluten Free;High Fiber,,True,True,True
CX002782,Mashed Garlic Carrot (150G),Vegetables,Global,150,48.8,2.2,9.3,0.3,4.2,0.0,0.0,54.1,375.0,37.5,0.9,27.0,52.5,0.3,120.0,27.0,0.0,0.0,0.0,137.9,22.5,Lunch,Vegan;Vegetarian;Gluten Free;High Fiber,,True,True,True
CX002783,Mashed Garlic Carrot (200G),Vegetables,Global,200,65.0,3.0,12.4,0.4,5.6,0.0,0.0,72.1,500.0,50.0,1.2,36.0,70.0,0.4,160.0,36.0,0.0,0.0,0.0,183.8,30.0,Lunch,Vegan;Vegetarian;Gluten Free;High Fiber,,True,True,True
CX002784,Mashed Garlic Carrot (250G),Vegetables,Global,250,81.3,3.8,15.5,0.5,7.0,0.0,0.0,90.1,625.0,62.5,1.5,45.0,87.5,0.5,200.0,45.0,0.0,0.0,0.0,229.8,37.5,Lunch,Vegan;Vegetarian;Gluten Free;High Fiber,,True,True,True
CX004801,Cooked Plain Chickpeas (100G),Legumes,Middle Eastern,100,130.0,8.0,20.0,2.0,7.0,0.0,0.2,5.0,280.0,40.0,2.5,40.0,140.0,1.0,0.0,1.0,0.0,0.0,0.0,65.7,30.0,Lunch,Vegan;Vegetarian;Gluten Free;High Fiber;High Protein,,True,True,True
CX004802,Cooked Plain Chickpeas (150G),Legumes,Middle Eastern,150,195.0,12.0,30.0,3.0,10.5,0.0,0.3,7.5,420.0,60.0,3.8,60.0,210.0,1.5,0.0,1.5,0.0,0.0,0.0,98.5,45.0,Lunch,Vegan;Vegetarian;Gluten Free;High Fiber;High Protein,,True,True,True
CX004803,Cooked Plain Chickpeas (200G),Legumes,Middle Eastern,200,260.0,16.0,40.0,4.0,14.0,0.0,0.4,10.0,560.0,80.0,5.0,80.0,280.0,2.0,0.0,2.0,0.0,0.0,0.0,131.3,60.0,Lunch,Vegan;Vegetarian;Gluten Free;High Fiber;High Protein,,True,True,True
CX004804,Cooked Plain Chickpeas (250G),Legumes,Middle Eastern,250,325.0,20.0,50.0,5.0,17.5,0.0,0.5,12.5,700.0,100.0,6.2,100.0,350.0,2.5,0.0,2.5,0.0,0.0,0.0,164.1,75.0,Lunch,Vegan;Vegetarian;Gluten Free;High Fiber;High Protein,,True,True,True
CX004805,Cooked Garlic Chickpeas (100G),Legumes,Middle Eastern,100,130.0,8.0,20.0,2.0,7.0,0.0,0.2,5.2,280.0,40.0,2.5,40.0,140.0,1.0,0.0,1.0,0.0,0.0,0.0,65.7,30.0,Lunch,Vegan;Vegetarian;Gluten Free;High Fiber;High Protein,,True,True,True
CX004806,Cooked Garlic Chickpeas (150G),Legumes,Middle Eastern,150,195.0,12.0,30.0,3.0,10.5,0.0,0.3,7.7,420.0,60.0,3.8,60.0,210.0,1.5,0.0,1.5,0.0,0.0,0.0,98.5,45.0,Lunch,Vegan;Vegetarian;Gluten Free;High Fiber;High Protein,,True,True,True
CX004807,Cooked Garlic Chickpeas (200G),Legumes,Middle Eastern,200,260.0,16.0,40.0,4.0,14.0,0.0,0.4,10.3,560.0,80.0,5.0,80.0,280.0,2.0,0.0,2.0,0.0,0.0,0.0,131.3,60.0,Lunch,Vegan;Vegetarian;Gluten Free;High Fiber;High Protein,,True,True,True
CX004808,Cooked Garlic Chickpeas (250G),Legumes,Middle Eastern,250,325.0,20.0,50.0,5.0,17.5,0.0,0.5,12.9,700.0,100.0,6.2,100.0,350.0,2.5,0.0,2.5,0.0,0.0,0.0,164.1,75.0,Lunch,Vegan;Vegetarian;Gluten Free;High Fiber;High Protein,,True,True,True
CX004813,Cooked Chili Chickpeas (100G),Legumes,Middle Eastern,100,130.0,8.0,20.0,2.0,7.0,0.0,0.2,5.1,280.0,40.0,2.5,40.0,140.0,1.0,0.0,1.0,0.0,0.0,0.0,65.7,30.0,Lunch,Vegan;Vegetarian;Gluten Free;High Fiber;High Protein,,True,True,True
CX004815,Cooked Chili Chickpeas (200G),Legumes,Middle Eastern,200,260.0,16.0,40.0,4.0,14.0,0.0,0.4,10.2,560.0,80.0,5.0,80.0,280.0,2.0,0.0,2.0,0.0,0.0,0.0,131.3,60.0,Lunch,Vegan;Vegetarian;Gluten Free;High Fiber;High Protein,,True,True,True
CX004816,Cooked Chili Chickpeas (250G),Legumes,Middle Eastern,250,325.0,20.0,50.0,5.0,17.5,0.0,0.5,12.8,700.0,100.0,6.2,100.0,350.0,2.5,0.0,2.5,0.0,0.0,0.0,164.1,75.0,Lunch,Vegan;Vegetarian;Gluten Free;High Fiber;High Protein,,True,True,True
CX004817,Cooked Soup Chickpeas (100G),Legumes,Middle Eastern,100,128.6,8.0,20.0,1.8,7.0,0.0,0.2,5.0,280.0,40.0,2.5,40.0,140.0,1.0,0.0,1.0,0.0,0.0,0.0,70.9,30.0,Lunch,Vegan;Vegetarian;Gluten Free;High Fiber;High Protein,,True,True,True
CX004818,Cooked Soup Chickpeas (150G),Legumes,Middle Eastern,150,192.8,12.0,30.0,2.8,10.5,0.0,0.3,7.5,420.0,60.0,3.8,60.0,210.0,1.5,0.0,1.5,0.0,0.0,0.0,106.4,45.0,Lunch,Vegan;Vegetarian;Gluten Free;High Fiber;High Protein,,True,True,True
CX004819,Cooked Soup Chickpeas (200G),Legumes,Middle Eastern,200,257.1,16.0,40.0,3.7,14.0,0.0,0.4,10.0,560.0,80.0,5.0,80.0,280.0,2.0,0.0,2.0,0.0,0.0,0.0,141.8,60.0,Lunch,Vegan;Vegetarian;Gluten Free;High Fiber;High Protein,,True,True,True
CX004820,Cooked Soup Chickpeas (250G),Legumes,Middle Eastern,250,321.4,20.0,50.0,4.6,17.5,0.0,0.5,12.5,700.0,100.0,6.2,100.0,350.0,2.5,0.0,2.5,0.0,0.0,0.0,177.3,75.0,Lunch,Vegan;Vegetarian;Gluten Free;High Fiber;High Protein,,True,True,True
CX004821,Cooked Salad Chickpeas (100G),Legumes,Middle Eastern,100,130.0,8.0,20.0,2.0,7.4,0.0,0.2,5.0,280.0,40.0,2.5,40.0,140.0,1.0,0.0,1.0,0.0,0.0,0.0,66.3,30.0,Lunch,Vegan;Vegetarian;Gluten Free;High Fiber;High Protein,,True,True,True
CX004822,Cooked Salad Chickpeas (150G),Legumes,Middle Eastern,150,195.0,12.0,30.0,3.0,11.0,0.0,0.3,7.5,420.0,60.0,3.8,60.0,210.0,1.5,0.0,1.5,0.0,0.0,0.0,99.5,45.0,Lunch,Vegan;Vegetarian;Gluten Free;High Fiber;High Protein,,True,True,True
CX004823,Cooked Salad Chickpeas (200G),Legumes,Middle Eastern,200,260.0,16.0,40.0,4.0,14.7,0.0,0.4,10.0,560.0,80.0,5.0,80.0,280.0,2.0,0.0,2.0,0.0,0.0,0.0,132.6,60.0,Lunch,Vegan;Vegetarian;Gluten Free;High Fiber;High Protein,,True,True,True
CX004824,Cooked Salad Chickpeas (250G),Legumes,Middle Eastern,250,325.0,20.0,50.0,5.0,18.4,0.0,0.5,12.5,700.0,100.0,6.2,100.0,350.0,2.5,0.0,2.5,0.0,0.0,0.0,165.8,75.0,Lunch,Vegan;Vegetarian;Gluten Free;High Fiber;High Protein,,True,True,True
CX004825,Cooked Curry Chickpeas (100G),Legumes,Middle Eastern,100,131.4,8.0,20.0,2.2,7.0,0.0,0.2,5.0,280.0,40.0,2.5,40.0,140.0,1.0,0.0,1.0,0.0,0.0,0.0,65.7,30.0,Lunch,Vegan;Vegetarian;Gluten Free;High Fiber;High Protein,,True,True,True
CX004826,Cooked Curry Chickpeas (150G),Legumes,Middle Eastern,150,197.2,12.0,30.0,3.2,10.5,0.0,0.3,7.5,420.0,60.0,3.8,60.0,210.0,1.5,0.0,1.5,0.0,0.0,0.0,98.5,45.0,Lunch,Vegan;Vegetarian;Gluten Free;High Fiber;High Protein,,True,True,True
CX004827,Cooked Curry Chickpeas (200G),Legumes,Middle Eastern,200,262.9,16.0,40.0,4.3,14.0,0.0,0.4,10.0,560.0,80.0,5.0,80.0,280.0,2.0,0.0,2.0,0.0,0.0,0.0,131.3,60.0,Lunch,Vegan;Vegetarian;Gluten Free;High Fiber;High Protein,,True,True,True
CX004828,Cooked Curry Chickpeas (250G),Legumes,Middle Eastern,250,328.6,20.0,50.0,5.4,17.5,0.0,0.5,12.5,700.0,100.0,6.2,100.0,350.0,2.5,0.0,2.5,0.0,0.0,0.0,164.1,75.0,Lunch,Vegan;Vegetarian;Gluten Free;High Fiber;High Protein,,True,True,True
CX004829,Cooked Dip Chickpeas (100G),Legumes,Middle Eastern,100,130.9,8.0,20.0,2.1,7.0,0.0,0.2,5.0,280.0,40.0,2.5,40.0,140.0,1.0,0.0,1.0,0.0,0.0,0.0,65.7,30.0,Lunch,Vegan;Vegetarian;Gluten Free;High Fiber;High Protein,,True,True,True
CX004830,Cooked Dip Chickpeas (150G),Legumes,Middle Eastern,150,196.3,12.0,30.0,3.2,10.5,0.0,0.3,7.5,420.0,60.0,3.8,60.0,210.0,1.5,0.0,1.5,0.0,0.0,0.0,98.5,45.0,Lunch,Vegan;Vegetarian;Gluten Free;High Fiber;High Protein,,True,True,True
CX004831,Cooked Dip Chickpeas (200G),Legumes,Middle Eastern,200,261.8,16.0,40.0,4.2,14.0,0.0,0.4,10.0,560.0,80.0,5.0,80.0,280.0,2.0,0.0,2.0,0.0,0.0,0.0,131.3,60.0,Lunch,Vegan;Vegetarian;Gluten Free;High Fiber;High Protein,,True,True,True
CX004832,Cooked Dip Chickpeas (250G),Legumes,Middle Eastern,250,327.2,20.0,50.0,5.2,17.5,0.0,0.5,12.5,700.0,100.0,6.2,100.0,350.0,2.5,0.0,2.5,0.0,0.0,0.0,164.1,75.0,Lunch,Vegan;Vegetarian;Gluten Free;High Fiber;High Protein,,True,True,True
CX004837,Cooked Hummus Style Chickpeas (100G),Legumes,Middle Eastern,100,133.0,8.4,20.0,2.2,7.0,0.0,0.2,5.0,280.0,40.0,2.5,40.0,140.0,1.0,0.0,1.0,0.0,0.0,0.0,65.7,30.0,Lunch,Vegan;Vegetarian;Gluten Free;High Fiber;High Protein,,True,True,True
CX004838,Cooked Hummus Style Chickpeas (150G),Legumes,Middle Eastern,150,199.6,12.6,30.0,3.2,10.5,0.0,0.3,7.5,420.0,60.0,3.8,60.0,210.0,1.5,0.0,1.5,0.0,0.0,0.0,98.5,45.0,Lunch,Vegan;Vegetarian;Gluten Free;High Fiber;High Protein,,True,True,True
CX004839,Cooked Hummus Style Chickpeas (200G),Legumes,Middle Eastern,200,266.1,16.8,40.0,4.3,14.0,0.0,0.4,10.0,560.0,80.0,5.0,80.0,280.0,2.0,0.0,2.0,0.0,0.0,0.0,131.3,60.0,Lunch,Vegan;Vegetarian;Gluten Free;High Fiber;High Protein,,True,True,True
CX004840,Cooked Hummus Style Chickpeas (250G),Legumes,Middle Eastern,250,332.6,21.0,50.0,5.4,17.5,0.0,0.5,12.5,700.0,100.0,6.2,100.0,350.0,2.5,0.0,2.5,0.0,0.0,0.0,164.1,75.0,Lunch,Vegan;Vegetarian;Gluten Free;High Fiber;High Protein,,True,True,True
CX004841,Boiled Plain Chickpeas (100G),Legumes,Middle Eastern,100,129.1,8.0,20.0,1.9,7.0,0.0,0.2,5.0,280.0,40.0,2.5,40.0,140.0,1.0,0.0,1.0,0.0,0.0,0.0,65.0,30.0,Lunch,Vegan;Vegetarian;Gluten Free;High Fiber;High Protein,,True,True,True
CX004842,Boiled Plain Chickpeas (150G),Legumes,Middle Eastern,150,193.7,12.0,30.0,2.8,10.5,0.0,0.3,7.5,420.0,60.0,3.8,60.0,210.0,1.5,0.0,1.5,0.0,0.0,0.0,97.5,45.0,Lunch,Vegan;Vegetarian;Gluten Free;High Fiber;High Protein,,True,True,True
CX004843,Boiled Plain Chickpeas (200G),Legumes,Middle Eastern,200,258.2,16.0,40.0,3.8,14.0,0.0,0.4,10.0,560.0,80.0,5.0,80.0,280.0,2.0,0.0,2.0,0.0,0.0,0.0,130.0,60.0,Lunch,Vegan;Vegetarian;Gluten Free;High Fiber;High Protein,,True,True,True
CX004844,Boiled Plain Chickpeas (250G),Legumes,Middle Eastern,250,322.8,20.0,50.0,4.8,17.5,0.0,0.5,12.5,700.0,100.0,6.2,100.0,350.0,2.5,0.0,2.5,0.0,0.0,0.0,162.5,75.0,Lunch,Vegan;Vegetarian;Gluten Free;High Fiber;High Protein,,True,True,True
CX004845,Boiled Garlic Chickpeas (100G),Legumes,Middle Eastern,100,129.1,8.0,20.0,1.9,7.0,0.0,0.2,5.2,280.0,40.0,2.5,40.0,140.0,1.0,0.0,1.0,0.0,0.0,0.0,65.0,30.0,Lunch,Vegan;Vegetarian;Gluten Free;High Fiber;High Protein,,True,True,True
CX004846,Boiled Garlic Chickpeas (150G),Legumes,Middle Eastern,150,193.7,12.0,30.0,2.8,10.5,0.0,0.3,7.7,420.0,60.0,3.8,60.0,210.0,1.5,0.0,1.5,0.0,0.0,0.0,97.5,45.0,Lunch,Vegan;Vegetarian;Gluten Free;High Fiber;High Protein,,True,True,True
CX004847,Boiled Garlic Chickpeas (200G),Legumes,Middle Eastern,200,258.2,16.0,40.0,3.8,14.0,0.0,0.4,10.3,560.0,80.0,5.0,80.0,280.0,2.0,0.0,2.0,0.0,0.0,0.0,130.0,60.0,Lunch,Vegan;Vegetarian;Gluten Free;High Fiber;High Protein,,True,True,True
CX004848,Boiled Garlic Chickpeas (250G),Legumes,Middle Eastern,250,322.8,20.0,50.0,4.8,17.5,0.0,0.5,12.9,700.0,100.0,6.2,100.0,350.0,2.5,0.0,2.5,0.0,0.0,0.0,162.5,75.0,Lunch,Vegan;Vegetarian;Gluten Free;High Fiber;High Protein,,True,True,True
CX004853,Boiled Chili Chickpeas (100G),Legumes,Middle Eastern,100,129.1,8.0,20.0,1.9,7.0,0.0,0.2,5.1,280.0,40.0,2.5,40.0,140.0,1.0,0.0,1.0,0.0,0.0,0.0,65.0,30.0,Lunch,Vegan;Vegetarian;Gluten Free;High Fiber;High Protein,,True,True,True
CX004855,Boiled Chili Chickpeas (200G),Legumes,Middle Eastern,200,258.2,16.0,40.0,3.8,14.0,0.0,0.4,10.2,560.0,80.0,5.0,80.0,280.0,2.0,0.0,2.0,0.0,0.0,0.0,130.0,60.0,Lunch,Vegan;Vegetarian;Gluten Free;High Fiber;High Protein,,True,True,True
CX004856,Boiled Chili Chickpeas (250G),Legumes,Middle Eastern,250,322.8,20.0,50.0,4.8,17.5,0.0,0.5,12.8,700.0,100.0,6.2,100.0,350.0,2.5,0.0,2.5,0.0,0.0,0.0,162.5,75.0,Lunch,Vegan;Vegetarian;Gluten Free;High Fiber;High Protein,,True,True,True
CX004857,Boiled Soup Chickpeas (100G),Legumes,Middle Eastern,100,127.7,8.0,20.0,1.7,7.0,0.0,0.2,5.0,280.0,40.0,2.5,40.0,140.0,1.0,0.0,1.0,0.0,0.0,0.0,70.2,30.0,Lunch,Vegan;Vegetarian;Gluten Free;High Fiber;High Protein,,True,True,True
CX004858,Boiled Soup Chickpeas (150G),Legumes,Middle Eastern,150,191.6,12.0,30.0,2.6,10.5,0.0,0.3,7.5,420.0,60.0,3.8,60.0,210.0,1.5,0.0,1.5,0.0,0.0,0.0,105.3,45.0,Lunch,Vegan;Vegetarian;Gluten Free;High Fiber;High Protein,,True,True,True
CX004859,Boiled Soup Chickpeas (200G),Legumes,Middle Eastern,200,255.5,16.0,40.0,3.5,14.0,0.0,0.4,10.0,560.0,80.0,5.0,80.0,280.0,2.0,0.0,2.0,0.0,0.0,0.0,140.4,60.0,Lunch,Vegan;Vegetarian;Gluten Free;High Fiber;High Protein,,True,True,True
CX004860,Boiled Soup Chickpeas (250G),Legumes,Middle Eastern,250,319.3,20.0,50.0,4.4,17.5,0.0,0.5,12.5,700.0,100.0,6.2,100.0,350.0,2.5,0.0,2.5,0.0,0.0,0.0,175.5,75.0,Lunch,Vegan;Vegetarian;Gluten Free;High Fiber;High Protein,,True,True,True
CX004861,Boiled Salad Chickpeas (100G),Legumes,Middle Eastern,100,129.1,8.0,20.0,1.9,7.4,0.0,0.2,5.0,280.0,40.0,2.5,40.0,140.0,1.0,0.0,1.0,0.0,0.0,0.0,65.7,30.0,Lunch,Vegan;Vegetarian;Gluten Free;High Fiber;High Protein,,True,True,True
CX004862,Boiled Salad Chickpeas (150G),Legumes,Middle Eastern,150,193.7,12.0,30.0,2.8,11.0,0.0,0.3,7.5,420.0,60.0,3.8,60.0,210.0,1.5,0.0,1.5,0.0,0.0,0.0,98.5,45.0,Lunch,Vegan;Vegetarian;Gluten Free;High Fiber;High Protein,,True,True,True
CX004863,Boiled Salad Chickpeas (200G),Legumes,Middle Eastern,200,258.2,16.0,40.0,3.8,14.7,0.0,0.4,10.0,560.0,80.0,5.0,80.0,280.0,2.0,0.0,2.0,0.0,0.0,0.0,131.3,60.0,Lunch,Vegan;Vegetarian;Gluten Free;High Fiber;High Protein,,True,True,True
CX004864,Boiled Salad Chickpeas (250G),Legumes,Middle Eastern,250,322.8,20.0,50.0,4.8,18.4,0.0,0.5,12.5,700.0,100.0,6.2,100.0,350.0,2.5,0.0,2.5,0.0,0.0,0.0,164.1,75.0,Lunch,Vegan;Vegetarian;Gluten Free;High Fiber;High Protein,,True,True,True
CX004865,Boiled Curry Chickpeas (100G),Legumes,Middle Eastern,100,130.5,8.0,20.0,2.1,7.0,0.0,0.2,5.0,280.0,40.0,2.5,40.0,140.0,1.0,0.0,1.0,0.0,0.0,0.0,65.0,30.0,Lunch,Vegan;Vegetarian;Gluten Free;High Fiber;High Protein,,True,True,True
CX004866,Boiled Curry Chickpeas (150G),Legumes,Middle Eastern,150,195.7,12.0,30.0,3.1,10.5,0.0,0.3,7.5,420.0,60.0,3.8,60.0,210.0,1.5,0.0,1.5,0.0,0.0,0.0,97.5,45.0,Lunch,Vegan;Vegetarian;Gluten Free;High Fiber;High Protein,,True,True,True
CX004867,Boiled Curry Chickpeas (200G),Legumes,Middle Eastern,200,260.9,16.0,40.0,4.1,14.0,0.0,0.4,10.0,560.0,80.0,5.0,80.0,280.0,2.0,0.0,2.0,0.0,0.0,0.0,130.0,60.0,Lunch,Vegan;Vegetarian;Gluten Free;High Fiber;High Protein,,True,True,True
CX004868,Boiled Curry Chickpeas (250G),Legumes,Middle Eastern,250,326.2,20.0,50.0,5.1,17.5,0.0,0.5,12.5,700.0,100.0,6.2,100.0,350.0,2.5,0.0,2.5,0.0,0.0,0.0,162.5,75.0,Lunch,Vegan;Vegetarian;Gluten Free;High Fiber;High Protein,,True,True,True
CX004870,Boiled Dip Chickpeas (150G),Legumes,Middle Eastern,150,194.9,12.0,30.0,3.0,10.5,0.0,0.3,7.5,420.0,60.0,3.8,60.0,210.0,1.5,0.0,1.5,0.0,0.0,0.0,97.5,45.0,Lunch,Vegan;Vegetarian;Gluten Free;High Fiber;High Protein,,True,True,True
CX004871,Boiled Dip Chickpeas (200G),Legumes,Middle Eastern,200,259.9,16.0,40.0,4.0,14.0,0.0,0.4,10.0,560.0,80.0,5.0,80.0,280.0,2.0,0.0,2.0,0.0,0.0,0.0,130.0,60.0,Lunch,Vegan;Vegetarian;Gluten Free;High Fiber;High Protein,,True,True,True
CX004872,Boiled Dip Chickpeas (250G),Legumes,Middle Eastern,250,324.9,20.0,50.0,5.0,17.5,0.0,0.5,12.5,700.0,100.0,6.2,100.0,350.0,2.5,0.0,2.5,0.0,0.0,0.0,162.5,75.0,Lunch,Vegan;Vegetarian;Gluten Free;High Fiber;High Protein,,True,True,True
CX004877,Boiled Hummus Style Chickpeas (100G),Legumes,Middle Eastern,100,132.1,8.4,20.0,2.1,7.0,0.0,0.2,5.0,280.0,40.0,2.5,40.0,140.0,1.0,0.0,1.0,0.0,0.0,0.0,65.0,30.0,Lunch,Vegan;Vegetarian;Gluten Free;High Fiber;High Protein,,True,True,True
CX004878,Boiled Hummus Style Chickpeas (150G),Legumes,Middle Eastern,150,198.1,12.6,30.0,3.1,10.5,0.0,0.3,7.5,420.0,60.0,3.8,60.0,210.0,1.5,0.0,1.5,0.0,0.0,0.0,97.5,45.0,Lunch,Vegan;Vegetarian;Gluten Free;High Fiber;High Protein,,True,True,True
CX004879,Boiled Hummus Style Chickpeas (200G),Legumes,Middle Eastern,200,264.1,16.8,40.0,4.1,14.0,0.0,0.4,10.0,560.0,80.0,5.0,80.0,280.0,2.0,0.0,2.0,0.0,0.0,0.0,130.0,60.0,Lunch,Vegan;Vegetarian;Gluten Free;High Fiber;High Protein,,True,True,True
CX004880,Boiled Hummus Style Chickpeas (250G),Legumes,Middle Eastern,250,330.2,21.0,50.0,5.1,17.5,0.0,0.5,12.5,700.0,100.0,6.2,100.0,350.0,2.5,0.0,2.5,0.0,0.0,0.0,162.5,75.0,Lunch,Vegan;Vegetarian;Gluten Free;High Fiber;High Protein,,True,True,True
CX004921,Roasted Plain Chickpeas (100G),Legumes,Middle Eastern,100,129.6,8.0,20.0,2.0,7.0,0.0,0.2,5.0,280.0,40.0,2.5,40.0,140.0,1.0,0.0,1.0,0.0,0.0,0.0,61.1,30.0,Lunch,Vegan;Vegetarian;Gluten Free;High Fiber;High Protein,,True,True,True
CX004922,Roasted Plain Chickpeas (150G),Legumes,Middle Eastern,150,194.5,12.0,30.0,2.9,10.5,0.0,0.3,7.5,420.0,60.0,3.8,60.0,210.0,1.5,0.0,1.5,0.0,0.0,0.0,91.6,45.0,Lunch,Vegan;Vegetarian;Gluten Free;High Fiber;High Protein,,True,True,True
CX004923,Roasted Plain Chickpeas (200G),Legumes,Middle Eastern,200,259.3,16.0,40.0,3.9,14.0,0.0,0.4,10.0,560.0,80.0,5.0,80.0,280.0,2.0,0.0,2.0,0.0,0.0,0.0,122.2,60.0,Lunch,Vegan;Vegetarian;Gluten Free;High Fiber;High Protein,,True,True,True
CX004924,Roasted Plain Chickpeas (250G),Legumes,Middle Eastern,250,324.1,20.0,50.0,4.9,17.5,0.0,0.5,12.5,700.0,100.0,6.2,100.0,350.0,2.5,0.0,2.5,0.0,0.0,0.0,152.8,75.0,Lunch,Vegan;Vegetarian;Gluten Free;High Fiber;High Protein,,True,True,True
CX004925,Roasted Garlic Chickpeas (100G),Legumes,Middle Eastern,100,129.6,8.0,20.0,2.0,7.0,0.0,0.2,5.2,280.0,40.0,2.5,40.0,140.0,1.0,0.0,1.0,0.0,0.0,0.0,61.1,30.0,Lunch,Vegan;Vegetarian;Gluten Free;High Fiber;High Protein,,True,True,True
CX004926,Roasted Garlic Chickpeas (150G),Legumes,Middle Eastern,150,194.5,12.0,30.0,2.9,10.5,0.0,0.3,7.7,420.0,60.0,3.8,60.0,210.0,1.5,0.0,1.5,0.0,0.0,0.0,91.6,45.0,Lunch,Vegan;Vegetarian;Gluten Free;High Fiber;High Protein,,True,True,True
CX004927,Roasted Garlic Chickpeas (200G),Legumes,Middle Eastern,200,259.3,16.0,40.0,3.9,14.0,0.0,0.4,10.3,560.0,80.0,5.0,80.0,280.0,2.0,0.0,2.0,0.0,0.0,0.0,122.2,60.0,Lunch,Vegan;Vegetarian;Gluten Free;High Fiber;High Protein,,True,True,True
CX004928,Roasted Garlic Chickpeas (250G),Legumes,Middle Eastern,250,324.1,20.0,50.0,4.9,17.5,0.0,0.5,12.9,700.0,100.0,6.2,100.0,350.0,2.5,0.0,2.5,0.0,0.0,0.0,152.8,75.0,Lunch,Vegan;Vegetarian;Gluten Free;High Fiber;High Protein,,True,True,True
CX004933,Roasted Chili Chickpeas (100G),Legumes,Middle Eastern,100,129.6,8.0,20.0,2.0,7.0,0.0,0.2,5.1,280.0,40.0,2.5,40.0,140.0,1.0,0.0,1.0,0.0,0.0,0.0,61.1,30.0,Lunch,Vegan;Vegetarian;Gluten Free;High Fiber;High Protein,,True,True,True
CX004935,Roasted Chili Chickpeas (200G),Legumes,Middle Eastern,200,259.3,16.0,40.0,3.9,14.0,0.0,0.4,10.2,560.0,80.0,5.0,80.0,280.0,2.0,0.0,2.0,0.0,0.0,0.0,122.2,60.0,Lunch,Vegan;Vegetarian;Gluten Free;High Fiber;High Protein,,True,True,True
CX004936,Roasted Chili Chickpeas (250G),Legumes,Middle Eastern,250,324.1,20.0,50.0,4.9,17.5,0.0,0.5,12.8,700.0,100.0,6.2,100.0,350.0,2.5,0.0,2.5,0.0,0.0,0.0,152.8,75.0,Lunch,Vegan;Vegetarian;Gluten Free;High Fiber;High Protein,,True,True,True
CX004937,Roasted Soup Chickpeas (100G),Legumes,Middle Eastern,100,128.2,8.0,20.0,1.8,7.0,0.0,0.2,5.0,280.0,40.0,2.5,40.0,140.0,1.0,0.0,1.0,0.0,0.0,0.0,66.0,30.0,Lunch,Vegan;Vegetarian;Gluten Free;High Fiber;High Protein,,True,True,True
CX004938,Roasted Soup Chickpeas (150G),Legumes,Middle Eastern,150,192.3,12.0,30.0,2.7,10.5,0.0,0.3,7.5,420.0,60.0,3.8,60.0,210.0,1.5,0.0,1.5,0.0,0.0,0.0,99.0,45.0,Lunch,Vegan;Vegetarian;Gluten Free;High Fiber;High Protein,,True,True,True
CX004939,Roasted Soup Chickpeas (200G),Legumes,Middle Eastern,200,256.5,16.0,40.0,3.6,14.0,0.0,0.4,10.0,560.0,80.0,5.0,80.0,280.0,2.0,0.0,2.0,0.0,0.0,0.0,132.0,60.0,Lunch,Vegan;Vegetarian;Gluten Free;High Fiber;High Protein,,True,True,True
CX004940,Roasted Soup Chickpeas (250G),Legumes,Middle Eastern,250,320.6,20.0,50.0,4.5,17.5,0.0,0.5,12.5,700.0,100.0,6.2,100.0,350.0,2.5,0.0,2.5,0.0,0.0,0.0,165.0,75.0,Lunch,Vegan;Vegetarian;Gluten Free;High Fiber;High Protein,,True,True,True
CX004941,Roasted Salad Chickpeas (100G),Legumes,Middle Eastern,100,129.6,8.0,20.0,2.0,7.4,0.0,0.2,5.0,280.0,40.0,2.5,40.0,140.0,1.0,0.0,1.0,0.0,0.0,0.0,61.7,30.0,Lunch,Vegan;Vegetarian;Gluten Free;High Fiber;High Protein,,True,True,True
CX004942,Roasted Salad Chickpeas (150G),Legumes,Middle Eastern,150,194.5,12.0,30.0,2.9,11.0,0.0,0.3,7.5,420.0,60.0,3.8,60.0,210.0,1.5,0.0,1.5,0.0,0.0,0.0,92.6,45.0,Lunch,Vegan;Vegetarian;Gluten Free;High Fiber;High Protein,,True,True,True
CX004943,Roasted Salad Chickpeas (200G),Legumes,Middle Eastern,200,259.3,16.0,40.0,3.9,14.7,0.0,0.4,10.0,560.0,80.0,5.0,80.0,280.0,2.0,0.0,2.0,0.0,0.0,0.0,123.4,60.0,Lunch,Vegan;Vegetarian;Gluten Free;High Fiber;High Protein,,True,True,True
CX004944,Roasted Salad Chickpeas (250G),Legumes,Middle Eastern,250,324.1,20.0,50.0,4.9,18.4,0.0,0.5,12.5,700.0,100.0,6.2,100.0,350.0,2.5,0.0,2.5,0.0,0.0,0.0,154.3,75.0,Lunch,Vegan;Vegetarian;Gluten Free;High Fiber;High Protein,,True,True,True
CX004945,Roasted Curry Chickpeas (100G),Legumes,Middle Eastern,100,131.1,8.0,20.0,2.1,7.0,0.0,0.2,5.0,280.0,40.0,2.5,40.0,140.0,1.0,0.0,1.0,0.0,0.0,0.0,61.1,30.0,Lunch,Vegan;Vegetarian;Gluten Free;High Fiber;High Protein,,True,True,True
CX004946,Roasted Curry Chickpeas (150G),Legumes,Middle Eastern,150,196.6,12.0,30.0,3.2,10.5,0.0,0.3,7.5,420.0,60.0,3.8,60.0,210.0,1.5,0.0,1.5,0.0,0.0,0.0,91.6,45.0,Lunch,Vegan;Vegetarian;Gluten Free;High Fiber;High Protein,,True,True,True
CX004947,Roasted Curry Chickpeas (200G),Legumes,Middle Eastern,200,262.1,16.0,40.0,4.2,14.0,0.0,0.4,10.0,560.0,80.0,5.0,80.0,280.0,2.0,0.0,2.0,0.0,0.0,0.0,122.2,60.0,Lunch,Vegan;Vegetarian;Gluten Free;High Fiber;High Protein,,True,True,True
CX004948,Roasted Curry Chickpeas (250G),Legumes,Middle Eastern,250,327.6,20.0,50.0,5.3,17.5,0.0,0.5,12.5,700.0,100.0,6.2,100.0,350.0,2.5,0.0,2.5,0.0,0.0,0.0,152.8,75.0,Lunch,Vegan;Vegetarian;Gluten Free;High Fiber;High Protein,,True,True,True
CX004950,Roasted Dip Chickpeas (150G),Legumes,Middle Eastern,150,195.8,12.0,30.0,3.1,10.5,0.0,0.3,7.5,420.0,60.0,3.8,60.0,210.0,1.5,0.0,1.5,0.0,0.0,0.0,91.6,45.0,Lunch,Vegan;Vegetarian;Gluten Free;High Fiber;High Protein,,True,True,True
CX004951,Roasted Dip Chickpeas (200G),Legumes,Middle Eastern,200,261.0,16.0,40.0,4.1,14.0,0.0,0.4,10.0,560.0,80.0,5.0,80.0,280.0,2.0,0.0,2.0,0.0,0.0,0.0,122.2,60.0,Lunch,Vegan;Vegetarian;Gluten Free;High Fiber;High Protein,,True,True,True
CX004952,Roasted Dip Chickpeas (250G),Legumes,Middle Eastern,250,326.3,20.0,50.0,5.1,17.5,0.0,0.5,12.5,700.0,100.0,6.2,100.0,350.0,2.5,0.0,2.5,0.0,0.0,0.0,152.8,75.0,Lunch,Vegan;Vegetarian;Gluten Free;High Fiber;High Protein,,True,True,True
CX004957,Roasted Hummus Style Chickpeas (100G),Legumes,Middle Eastern,100,132.7,8.4,20.0,2.1,7.0,0.0,0.2,5.0,280.0,40.0,2.5,40.0,140.0,1.0,0.0,1.0,0.0,0.0,0.0,61.1,30.0,Lunch,Vegan;Vegetarian;Gluten Free;High Fiber;High Protein,,True,True,True
CX004958,Roasted Hummus Style Chickpeas (150G),Legumes,Middle Eastern,150,199.0,12.6,30.0,3.2,10.5,0.0,0.3,7.5,420.0,60.0,3.8,60.0,210.0,1.5,0.0,1.5,0.0,0.0,0.0,91.6,45.0,Lunch,Vegan;Vegetarian;Gluten Free;High Fiber;High Protein,,True,True,True
CX004959,Roasted Hummus Style Chickpeas (200G),Legumes,Middle Eastern,200,265.3,16.8,40.0,4.2,14.0,0.0,0.4,10.0,560.0,80.0,5.0,80.0,280.0,2.0,0.0,2.0,0.0,0.0,0.0,122.2,60.0,Lunch,Vegan;Vegetarian;Gluten Free;High Fiber;High Protein,,True,True,True
CX004960,Roasted Hummus Style Chickpeas (250G),Legumes,Middle Eastern,250,331.6,21.0,50.0,5.3,17.5,0.0,0.5,12.5,700.0,100.0,6.2,100.0,350.0,2.5,0.0,2.5,0.0,0.0,0.0,152.8,75.0,Lunch,Vegan;Vegetarian;Gluten Free;High Fiber;High Protein,,True,True,True
CX004961,Mashed Plain Chickpeas (100G),Legumes,Middle Eastern,100,132.4,8.0,20.6,2.0,7.0,0.0,0.2,5.0,280.0,40.0,2.5,40.0,140.0,1.0,0.0,1.0,0.0,0.0,0.0,65.7,30.0,Lunch,Vegan;Vegetarian;Gluten Free;High Fiber;High Protein,,True,True,True
CX004962,Mashed Plain Chickpeas (150G),Legumes,Middle Eastern,150,198.6,12.0,30.9,3.0,10.5,0.0,0.3,7.5,420.0,60.0,3.8,60.0,210.0,1.5,0.0,1.5,0.0,0.0,0.0,98.5,45.0,Lunch,Vegan;Vegetarian;Gluten Free;High Fiber;High Protein,,True,True,True
CX004963,Mashed Plain Chickpeas (200G),Legumes,Middle Eastern,200,264.8,16.0,41.2,4.0,14.0,0.0,0.4,10.0,560.0,80.0,5.0,80.0,280.0,2.0,0.0,2.0,0.0,0.0,0.0,131.3,60.0,Lunch,Vegan;Vegetarian;Gluten Free;High Fiber;High Protein,,True,True,True
CX004964,Mashed Plain Chickpeas (250G),Legumes,Middle Eastern,250,331.0,20.0,51.5,5.0,17.5,0.0,0.5,12.5,700.0,100.0,6.2,100.0,350.0,2.5,0.0,2.5,0.0,0.0,0.0,164.1,75.0,Lunch,Vegan;Vegetarian;Gluten Free;High Fiber;High Protein,,True,True,True
CX004965,Mashed Garlic Chickpeas (100G),Legumes,Middle Eastern,100,132.4,8.0,20.6,2.0,7.0,0.0,0.2,5.2,280.0,40.0,2.5,40.0,140.0,1.0,0.0,1.0,0.0,0.0,0.0,65.7,30.0,Lunch,Vegan;Vegetarian;Gluten Free;High Fiber;High Protein,,True,True,True
CX004966,Mashed Garlic Chickpeas (150G),Legumes,Middle Eastern,150,198.6,12.0,30.9,3.0,10.5,0.0,0.3,7.7,420.0,60.0,3.8,60.0,210.0,1.5,0.0,1.5,0.0,0.0,0.0,98.5,45.0,Lunch,Vegan;Vegetarian;Gluten Free;High Fiber;High Protein,,True,True,True
CX004967,Mashed Garlic Chickpeas (200G),Legumes,Middle Eastern,200,264.8,16.0,41.2,4.0,14.0,0.0,0.4,10.3,560.0,80.0,5.0,80.0,280.0,2.0,0.0,2.0,0.0,0.0,0.0,131.3,60.0,Lunch,Vegan;Vegetarian;Gluten Free;High Fiber;High Protein,,True,True,True
CX004968,Mashed Garlic Chickpeas (250G),Legumes,Middle Eastern,250,331.0,20.0,51.5,5.0,17.5,0.0,0.5,12.9,700.0,100.0,6.2,100.0,350.0,2.5,0.0,2.5,0.0,0.0,0.0,164.1,75.0,Lunch,Vegan;Vegetarian;Gluten Free;High Fiber;High Protein,,True,True,True
CX004973,Mashed Chili Chickpeas (100G),Legumes,Middle Eastern,100,132.4,8.0,20.6,2.0,7.0,0.0,0.2,5.1,280.0,40.0,2.5,40.0,140.0,1.0,0.0,1.0,0.0,0.0,0.0,65.7,30.0,Lunch,Vegan;Vegetarian;Gluten Free;High Fiber;High Protein,,True,True,True
CX004975,Mashed Chili Chickpeas (200G),Legumes,Middle Eastern,200,264.8,16.0,41.2,4.0,14.0,0.0,0.4,10.2,560.0,80.0,5.0,80.0,280.0,2.0,0.0,2.0,0.0,0.0,0.0,131.3,60.0,Lunch,Vegan;Vegetarian;Gluten Free;High Fiber;High Protein,,True,True,True
CX004976,Mashed Chili Chickpeas (250G),Legumes,Middle Eastern,250,331.0,20.0,51.5,5.0,17.5,0.0,0.5,12.8,700.0,100.0,6.2,100.0,350.0,2.5,0.0,2.5,0.0,0.0,0.0,164.1,75.0,Lunch,Vegan;Vegetarian;Gluten Free;High Fiber;High Protein,,True,True,True
CX004977,Mashed Soup Chickpeas (100G),Legumes,Middle Eastern,100,131.0,8.0,20.6,1.8,7.0,0.0,0.2,5.0,280.0,40.0,2.5,40.0,140.0,1.0,0.0,1.0,0.0,0.0,0.0,70.9,30.0,Lunch,Vegan;Vegetarian;Gluten Free;High Fiber;High Protein,,True,True,True
CX004978,Mashed Soup Chickpeas (150G),Legumes,Middle Eastern,150,196.4,12.0,30.9,2.8,10.5,0.0,0.3,7.5,420.0,60.0,3.8,60.0,210.0,1.5,0.0,1.5,0.0,0.0,0.0,106.4,45.0,Lunch,Vegan;Vegetarian;Gluten Free;High Fiber;High Protein,,True,True,True
CX004979,Mashed Soup Chickpeas (200G),Legumes,Middle Eastern,200,261.9,16.0,41.2,3.7,14.0,0.0,0.4,10.0,560.0,80.0,5.0,80.0,280.0,2.0,0.0,2.0,0.0,0.0,0.0,141.8,60.0,Lunch,Vegan;Vegetarian;Gluten Free;High Fiber;High Protein,,True,True,True
CX004980,Mashed Soup Chickpeas (250G),Legumes,Middle Eastern,250,327.4,20.0,51.5,4.6,17.5,0.0,0.5,12.5,700.0,100.0,6.2,100.0,350.0,2.5,0.0,2.5,0.0,0.0,0.0,177.3,75.0,Lunch,Vegan;Vegetarian;Gluten Free;High Fiber;High Protein,,True,True,True
CX004981,Mashed Salad Chickpeas (100G),Legumes,Middle Eastern,100,132.4,8.0,20.6,2.0,7.4,0.0,0.2,5.0,280.0,40.0,2.5,40.0,140.0,1.0,0.0,1.0,0.0,0.0,0.0,66.3,30.0,Lunch,Vegan;Vegetarian;Gluten Free;High Fiber;High Protein,,True,True,True
CX004982,Mashed Salad Chickpeas (150G),Legumes,Middle Eastern,150,198.6,12.0,30.9,3.0,11.0,0.0,0.3,7.5,420.0,60.0,3.8,60.0,210.0,1.5,0.0,1.5,0.0,0.0,0.0,99.5,45.0,Lunch,Vegan;Vegetarian;Gluten Free;High Fiber;High Protein,,True,True,True
CX004983,Mashed Salad Chickpeas (200G),Legumes,Middle Eastern,200,264.8,16.0,41.2,4.0,14.7,0.0,0.4,10.0,560.0,80.0,5.0,80.0,280.0,2.0,0.0,2.0,0.0,0.0,0.0,132.6,60.0,Lunch,Vegan;Vegetarian;Gluten Free;High Fiber;High Protein,,True,True,True
CX004984,Mashed Salad Chickpeas (250G),Legumes,Middle Eastern,250,331.0,20.0,51.5,5.0,18.4,0.0,0.5,12.5,700.0,100.0,6.2,100.0,350.0,2.5,0.0,2.5,0.0,0.0,0.0,165.8,75.0,Lunch,Vegan;Vegetarian;Gluten Free;High Fiber;High Protein,,True,True,True
CX004985,Mashed Curry Chickpeas (100G),Legumes,Middle Eastern,100,133.8,8.0,20.6,2.2,7.0,0.0,0.2,5.0,280.0,40.0,2.5,40.0,140.0,1.0,0.0,1.0,0.0,0.0,0.0,65.7,30.0,Lunch,Vegan;Vegetarian;Gluten Free;High Fiber;High Protein,,True,True,True
CX004986,Mashed Curry Chickpeas (150G),Legumes,Middle Eastern,150,200.8,12.0,30.9,3.2,10.5,0.0,0.3,7.5,420.0,60.0,3.8,60.0,210.0,1.5,0.0,1.5,0.0,0.0,0.0,98.5,45.0,Lunch,Vegan;Vegetarian;Gluten Free;High Fiber;High Protein,,True,True,True
CX004987,Mashed Curry Chickpeas (200G),Legumes,Middle Eastern,200,267.7,16.0,41.2,4.3,14.0,0.0,0.4,10.0,560.0,80.0,5.0,80.0,280.0,2.0,0.0,2.0,0.0,0.0,0.0,131.3,60.0,Lunch,Vegan;Vegetarian;Gluten Free;High Fiber;High Protein,,True,True,True
CX004988,Mashed Curry Chickpeas (250G),Legumes,Middle Eastern,250,334.6,20.0,51.5,5.4,17.5,0.0,0.5,12.5,700.0,100.0,6.2,100.0,350.0,2.5,0.0,2.5,0.0,0.0,0.0,164.1,75.0,Lunch,Vegan;Vegetarian;Gluten Free;High Fiber;High Protein,,True,True,True
CX004989,Mashed Dip Chickpeas (100G),Legumes,Middle Eastern,100,133.3,8.0,20.6,2.1,7.0,0.0,0.2,5.0,280.0,40.0,2.5,40.0,140.0,1.0,0.0,1.0,0.0,0.0,0.0,65.7,30.0,Lunch,Vegan;Vegetarian;Gluten Free;High Fiber;High Protein,,True,True,True
CX004990,Mashed Dip Chickpeas (150G),Legumes,Middle Eastern,150,200.0,12.0,30.9,3.2,10.5,0.0,0.3,7.5,420.0,60.0,3.8,60.0,210.0,1.5,0.0,1.5,0.0,0.0,0.0,98.5,45.0,Lunch,Vegan;Vegetarian;Gluten Free;High Fiber;High Protein,,True,True,True
CX004991,Mashed Dip Chickpeas (200G),Legumes,Middle Eastern,200,266.6,16.0,41.2,4.2,14.0,0.0,0.4,10.0,560.0,80.0,5.0,80.0,280.0,2.0,0.0,2.0,0.0,0.0,0.0,131.3,60.0,Lunch,Vegan;Vegetarian;Gluten Free;High Fiber;High Protein,,True,True,True
CX004992,Mashed Dip Chickpeas (250G),Legumes,Middle Eastern,250,333.2,20.0,51.5,5.2,17.5,0.0,0.5,12.5,700.0,100.0,6.2,100.0,350.0,2.5,0.0,2.5,0.0,0.0,0.0,164.1,75.0,Lunch,Vegan;Vegetarian;Gluten Free;High Fiber;High Protein,,True,True,True
CX004997,Mashed Hummus Style Chickpeas (100G),Legumes,Middle Eastern,100,135.4,8.4,20.6,2.2,7.0,0.0,0.2,5.0,280.0,40.0,2.5,40.0,140.0,1.0,0.0,1.0,0.0,0.0,0.0,65.7,30.0,Lunch,Vegan;Vegetarian;Gluten Free;High Fiber;High Protein,,True,True,True
CX004998,Mashed Hummus Style Chickpeas (150G),Legumes,Middle Eastern,150,203.2,12.6,30.9,3.2,10.5,0.0,0.3,7.5,420.0,60.0,3.8,60.0,210.0,1.5,0.0,1.5,0.0,0.0,0.0,98.5,45.0,Lunch,Vegan;Vegetarian;Gluten Free;High Fiber;High Protein,,True,True,True
CX004999,Mashed Hummus Style Chickpeas (200G),Legumes,Middle Eastern,200,270.9,16.8,41.2,4.3,14.0,0.0,0.4,10.0,560.0,80.0,5.0,80.0,280.0,2.0,0.0,2.0,0.0,0.0,0.0,131.3,60.0,Lunch,Vegan;Vegetarian;Gluten Free;High Fiber;High Protein,,True,True,True
CX005000,Mashed Hummus Style Chickpeas (250G),Legumes,Middle Eastern,250,338.6,21.0,51.5,5.4,17.5,0.0,0.5,12.5,700.0,100.0,6.2,100.0,350.0,2.5,0.0,2.5,0.0,0.0,0.0,164.1,75.0,Lunch,Vegan;Vegetarian;Gluten Free;High Fiber;High Protein,,True,True,True
CX005001,Seasoned Plain Chickpeas (100G),Legumes,Middle Eastern,100,130.0,8.0,20.0,2.0,7.0,0.0,0.2,5.4,280.0,40.0,2.5,40.0,140.0,1.0,0.0,1.0,0.0,0.0,0.0,65.0,30.0,Lunch,Vegan;Vegetarian;Gluten Free;High Fiber;High Protein,,True,True,True
CX005002,Seasoned Plain Chickpeas (150G),Legumes,Middle Eastern,150,195.0,12.0,30.0,3.0,10.5,0.0,0.3,8.1,420.0,60.0,3.8,60.0,210.0,1.5,0.0,1.5,0.0,0.0,0.0,97.5,45.0,Lunch,Vegan;Vegetarian;Gluten Free;High Fiber;High Protein,,True,True,True
CX005003,Seasoned Plain Chickpeas (200G),Legumes,Middle Eastern,200,260.0,16.0,40.0,4.0,14.0,0.0,0.4,10.8,560.0,80.0,5.0,80.0,280.0,2.0,0.0,2.0,0.0,0.0,0.0,130.0,60.0,Lunch,Vegan;Vegetarian;Gluten Free;High Fiber;High Protein,,True,True,True
CX005004,Seasoned Plain Chickpeas (250G),Legumes,Middle Eastern,250,325.0,20.0,50.0,5.0,17.5,0.0,0.5,13.5,700.0,100.0,6.2,100.0,350.0,2.5,0.0,2.5,0.0,0.0,0.0,162.5,75.0,Lunch,Vegan;Vegetarian;Gluten Free;High Fiber;High Protein,,True,True,True
CX005005,Seasoned Garlic Chickpeas (100G),Legumes,Middle Eastern,100,130.0,8.0,20.0,2.0,7.0,0.0,0.2,5.6,280.0,40.0,2.5,40.0,140.0,1.0,0.0,1.0,0.0,0.0,0.0,65.0,30.0,Lunch,Vegan;Vegetarian;Gluten Free;High Fiber;High Protein,,True,True,True
CX005006,Seasoned Garlic Chickpeas (150G),Legumes,Middle Eastern,150,195.0,12.0,30.0,3.0,10.5,0.0,0.3,8.3,420.0,60.0,3.8,60.0,210.0,1.5,0.0,1.5,0.0,0.0,0.0,97.5,45.0,Lunch,Vegan;Vegetarian;Gluten Free;High Fiber;High Protein,,True,True,True
CX005007,Seasoned Garlic Chickpeas (200G),Legumes,Middle Eastern,200,260.0,16.0,40.0,4.0,14.0,0.0,0.4,11.1,560.0,80.0,5.0,80.0,280.0,2.0,0.0,2.0,0.0,0.0,0.0,130.0,60.0,Lunch,Vegan;Vegetarian;Gluten Free;High Fiber;High Protein,,True,True,True
CX005008,Seasoned Garlic Chickpeas (250G),Legumes,Middle Eastern,250,325.0,20.0,50.0,5.0,17.5,0.0,0.5,13.9,700.0,100.0,6.2,100.0,350.0,2.5,0.0,2.5,0.0,0.0,0.0,162.5,75.0,Lunch,Vegan;Vegetarian;Gluten Free;High Fiber;High Protein,,True,True,True
CX005013,Seasoned Chili Chickpeas (100G),Legumes,Middle Eastern,100,130.0,8.0,20.0,2.0,7.0,0.0,0.2,5.5,280.0,40.0,2.5,40.0,140.0,1.0,0.0,1.0,0.0,0.0,0.0,65.0,30.0,Lunch,Vegan;Vegetarian;Gluten Free;High Fiber;High Protein,,True,True,True
CX005015,Seasoned Chili Chickpeas (200G),Legumes,Middle Eastern,200,260.0,16.0,40.0,4.0,14.0,0.0,0.4,11.0,560.0,80.0,5.0,80.0,280.0,2.0,0.0,2.0,0.0,0.0,0.0,130.0,60.0,Lunch,Vegan;Vegetarian;Gluten Free;High Fiber;High Protein,,True,True,True
CX005016,Seasoned Chili Chickpeas (250G),Legumes,Middle Eastern,250,325.0,20.0,50.0,5.0,17.5,0.0,0.5,13.8,700.0,100.0,6.2,100.0,350.0,2.5,0.0,2.5,0.0,0.0,0.0,162.5,75.0,Lunch,Vegan;Vegetarian;Gluten Free;High Fiber;High Protein,,True,True,True
CX005017,Seasoned Soup Chickpeas (100G),Legumes,Middle Eastern,100,128.6,8.0,20.0,1.8,7.0,0.0,0.2,5.4,280.0,40.0,2.5,40.0,140.0,1.0,0.0,1.0,0.0,0.0,0.0,70.2,30.0,Lunch,Vegan;Vegetarian;Gluten Free;High Fiber;High Protein,,True,True,True
CX005018,Seasoned Soup Chickpeas (150G),Legumes,Middle Eastern,150,192.8,12.0,30.0,2.8,10.5,0.0,0.3,8.1,420.0,60.0,3.8,60.0,210.0,1.5,0.0,1.5,0.0,0.0,0.0,105.3,45.0,Lunch,Vegan;Vegetarian;Gluten Free;High Fiber;High Protein,,True,True,True
CX005019,Seasoned Soup Chickpeas (200G),Legumes,Middle Eastern,200,257.1,16.0,40.0,3.7,14.0,0.0,0.4,10.8,560.0,80.0,5.0,80.0,280.0,2.0,0.0,2.0,0.0,0.0,0.0,140.4,60.0,Lunch,Vegan;Vegetarian;Gluten Free;High Fiber;High Protein,,True,True,True
CX005020,Seasoned Soup Chickpeas (250G),Legumes,Middle Eastern,250,321.4,20.0,50.0,4.6,17.5,0.0,0.5,13.5,700.0,100.0,6.2,100.0,350.0,2.5,0.0,2.5,0.0,0.0,0.0,175.5,75.0,Lunch,Vegan;Vegetarian;Gluten Free;High Fiber;High Protein,,True,True,True
CX005021,Seasoned Salad Chickpeas (100G),Legumes,Middle Eastern,100,130.0,8.0,20.0,2.0,7.4,0.0,0.2,5.4,280.0,40.0,2.5,40.0,140.0,1.0,0.0,1.0,0.0,0.0,0.0,65.7,30.0,Lunch,Vegan;Vegetarian;Gluten Free;High Fiber;High Protein,,True,True,True
CX005022,Seasoned Salad Chickpeas (150G),Legumes,Middle Eastern,150,195.0,12.0,30.0,3.0,11.0,0.0,0.3,8.1,420.0,60.0,3.8,60.0,210.0,1.5,0.0,1.5,0.0,0.0,0.0,98.5,45.0,Lunch,Vegan;Vegetarian;Gluten Free;High Fiber;High Protein,,True,True,True
CX005023,Seasoned Salad Chickpeas (200G),Legumes,Middle Eastern,200,260.0,16.0,40.0,4.0,14.7,0.0,0.4,10.8,560.0,80.0,5.0,80.0,280.0,2.0,0.0,2.0,0.0,0.0,0.0,131.3,60.0,Lunch,Vegan;Vegetarian;Gluten Free;High Fiber;High Protein,,True,True,True
CX005024,Seasoned Salad Chickpeas (250G),Legumes,Middle Eastern,250,325.0,20.0,50.0,5.0,18.4,0.0,0.5,13.5,700.0,100.0,6.2,100.0,350.0,2.5,0.0,2.5,0.0,0.0,0.0,164.1,75.0,Lunch,Vegan;Vegetarian;Gluten Free;High Fiber;High Protein,,True,True,True
CX005025,Seasoned Curry Chickpeas (100G),Legumes,Middle Eastern,100,131.4,8.0,20.0,2.2,7.0,0.0,0.2,5.4,280.0,40.0,2.5,40.0,140.0,1.0,0.0,1.0,0.0,0.0,0.0,65.0,30.0,Lunch,Vegan;Vegetarian;Gluten Free;High Fiber;High Protein,,True,True,True
CX005026,Seasoned Curry Chickpeas (150G),Legumes,Middle Eastern,150,197.2,12.0,30.0,3.2,10.5,0.0,0.3,8.1,420.0,60.0,3.8,60.0,210.0,1.5,0.0,1.5,0.0,0.0,0.0,97.5,45.0,Lunch,Vegan;Vegetarian;Gluten Free;High Fiber;High Protein,,True,True,True
CX005027,Seasoned Curry Chickpeas (200G),Legumes,Middle Eastern,200,262.9,16.0,40.0,4.3,14.0,0.0,0.4,10.8,560.0,80.0,5.0,80.0,280.0,2.0,0.0,2.0,0.0,0.0,0.0,130.0,60.0,Lunch,Vegan;Vegetarian;Gluten Free;High Fiber;High Protein,,True,True,True
CX005028,Seasoned Curry Chickpeas (250G),Legumes,Middle Eastern,250,328.6,20.0,50.0,5.4,17.5,0.0,0.5,13.5,700.0,100.0,6.2,100.0,350.0,2.5,0.0,2.5,0.0,0.0,0.0,162.5,75.0,Lunch,Vegan;Vegetarian;Gluten Free;High Fiber;High Protein,,True,True,True
CX005029,Seasoned Dip Chickpeas (100G),Legumes,Middle Eastern,100,130.9,8.0,20.0,2.1,7.0,0.0,0.2,5.4,280.0,40.0,2.5,40.0,140.0,1.0,0.0,1.0,0.0,0.0,0.0,65.0,30.0,Lunch,Vegan;Vegetarian;Gluten Free;High Fiber;High Protein,,True,True,True
CX005030,Seasoned Dip Chickpeas (150G),Legumes,Middle Eastern,150,196.3,12.0,30.0,3.2,10.5,0.0,0.3,8.1,420.0,60.0,3.8,60.0,210.0,1.5,0.0,1.5,0.0,0.0,0.0,97.5,45.0,Lunch,Vegan;Vegetarian;Gluten Free;High Fiber;High Protein,,True,True,True
CX005031,Seasoned Dip Chickpeas (200G),Legumes,Middle Eastern,200,261.8,16.0,40.0,4.2,14.0,0.0,0.4,10.8,560.0,80.0,5.0,80.0,280.0,2.0,0.0,2.0,0.0,0.0,0.0,130.0,60.0,Lunch,Vegan;Vegetarian;Gluten Free;High Fiber;High Protein,,True,True,True
CX005032,Seasoned Dip Chickpeas (250G),Legumes,Middle Eastern,250,327.2,20.0,50.0,5.2,17.5,0.0,0.5,13.5,700.0,100.0,6.2,100.0,350.0,2.5,0.0,2.5,0.0,0.0,0.0,162.5,75.0,Lunch,Vegan;Vegetarian;Gluten Free;High Fiber;High Protein,,True,True,True
CX005037,Seasoned Hummus Style Chickpeas (100G),Legumes,Middle Eastern,100,133.0,8.4,20.0,2.2,7.0,0.0,0.2,5.4,280.0,40.0,2.5,40.0,140.0,1.0,0.0,1.0,0.0,0.0,0.0,65.0,30.0,Lunch,Vegan;Vegetarian;Gluten Free;High Fiber;High Protein,,True,True,True
CX005038,Seasoned Hummus Style Chickpeas (150G),Legumes,Middle Eastern,150,199.6,12.6,30.0,3.2,10.5,0.0,0.3,8.1,420.0,60.0,3.8,60.0,210.0,1.5,0.0,1.5,0.0,0.0,0.0,97.5,45.0,Lunch,Vegan;Vegetarian;Gluten Free;High Fiber;High Protein,,True,True,True
CX005039,Seasoned Hummus Style Chickpeas (200G),Legumes,Middle Eastern,200,266.1,16.8,40.0,4.3,14.0,0.0,0.4,10.8,560.0,80.0,5.0,80.0,280.0,2.0,0.0,2.0,0.0,0.0,0.0,130.0,60.0,Lunch,Vegan;Vegetarian;Gluten Free;High Fiber;High Protein,,True,True,True
CX005040,Seasoned Hummus Style Chickpeas (250G),Legumes,Middle Eastern,250,332.6,21.0,50.0,5.4,17.5,0.0,0.5,13.5,700.0,100.0,6.2,100.0,350.0,2.5,0.0,2.5,0.0,0.0,0.0,162.5,75.0,Lunch,Vegan;Vegetarian;Gluten Free;High Fiber;High Protein,,True,True,True
CX005081,Canned Plain Chickpeas (100G),Legumes,Middle Eastern,100,130.0,8.0,20.0,2.0,7.0,0.0,0.2,6.2,280.0,40.0,2.5,40.0,140.0,1.0,0.0,1.0,0.0,0.0,0.0,65.0,30.0,Lunch,Vegan;Vegetarian;Gluten Free;High Fiber;High Protein,,True,True,True
CX005082,Canned Plain Chickpeas (150G),Legumes,Middle Eastern,150,195.0,12.0,30.0,3.0,10.5,0.0,0.3,9.4,420.0,60.0,3.8,60.0,210.0,1.5,0.0,1.5,0.0,0.0,0.0,97.5,45.0,Lunch,Vegan;Vegetarian;Gluten Free;High Fiber;High Protein,,True,True,True
CX005083,Canned Plain Chickpeas (200G),Legumes,Middle Eastern,200,260.0,16.0,40.0,4.0,14.0,0.0,0.4,12.5,560.0,80.0,5.0,80.0,280.0,2.0,0.0,2.0,0.0,0.0,0.0,130.0,60.0,Lunch,Vegan;Vegetarian;Gluten Free;High Fiber;High Protein,,True,True,True
CX005084,Canned Plain Chickpeas (250G),Legumes,Middle Eastern,250,325.0,20.0,50.0,5.0,17.5,0.0,0.5,15.6,700.0,100.0,6.2,100.0,350.0,2.5,0.0,2.5,0.0,0.0,0.0,162.5,75.0,Lunch,Vegan;Vegetarian;Gluten Free;High Fiber;High Protein,,True,True,True
CX005085,Canned Garlic Chickpeas (100G),Legumes,Middle Eastern,100,130.0,8.0,20.0,2.0,7.0,0.0,0.2,6.4,280.0,40.0,2.5,40.0,140.0,1.0,0.0,1.0,0.0,0.0,0.0,65.0,30.0,Lunch,Vegan;Vegetarian;Gluten Free;High Fiber;High Protein,,True,True,True
CX005086,Canned Garlic Chickpeas (150G),Legumes,Middle Eastern,150,195.0,12.0,30.0,3.0,10.5,0.0,0.3,9.7,420.0,60.0,3.8,60.0,210.0,1.5,0.0,1.5,0.0,0.0,0.0,97.5,45.0,Lunch,Vegan;Vegetarian;Gluten Free;High Fiber;High Protein,,True,True,True
CX005087,Canned Garlic Chickpeas (200G),Legumes,Middle Eastern,200,260.0,16.0,40.0,4.0,14.0,0.0,0.4,12.9,560.0,80.0,5.0,80.0,280.0,2.0,0.0,2.0,0.0,0.0,0.0,130.0,60.0,Lunch,Vegan;Vegetarian;Gluten Free;High Fiber;High Protein,,True,True,True
CX005088,Canned Garlic Chickpeas (250G),Legumes,Middle Eastern,250,325.0,20.0,50.0,5.0,17.5,0.0,0.5,16.1,700.0,100.0,6.2,100.0,350.0,2.5,0.0,2.5,0.0,0.0,0.0,162.5,75.0,Lunch,Vegan;Vegetarian;Gluten Free;High Fiber;High Protein,,True,True,True
CX005094,Canned Chili Chickpeas (150G),Legumes,Middle Eastern,150,195.0,12.0,30.0,3.0,10.5,0.0,0.3,9.6,420.0,60.0,3.8,60.0,210.0,1.5,0.0,1.5,0.0,0.0,0.0,97.5,45.0,Lunch,Vegan;Vegetarian;Gluten Free;High Fiber;High Protein,,True,True,True
CX005095,Canned Chili Chickpeas (200G),Legumes,Middle Eastern,200,260.0,16.0,40.0,4.0,14.0,0.0,0.4,12.8,560.0,80.0,5.0,80.0,280.0,2.0,0.0,2.0,0.0,0.0,0.0,130.0,60.0,Lunch,Vegan;Vegetarian;Gluten Free;High Fiber;High Protein,,True,True,True
CX005096,Canned Chili Chickpeas (250G),Legumes,Middle Eastern,250,325.0,20.0,50.0,5.0,17.5,0.0,0.5,15.9,700.0,100.0,6.2,100.0,350.0,2.5,0.0,2.5,0.0,0.0,0.0,162.5,75.0,Lunch,Vegan;Vegetarian;Gluten Free;High Fiber;High Protein,,True,True,True
CX005097,Canned Soup Chickpeas (100G),Legumes,Middle Eastern,100,128.6,8.0,20.0,1.8,7.0,0.0,0.2,6.2,280.0,40.0,2.5,40.0,140.0,1.0,0.0,1.0,0.0,0.0,0.0,70.2,30.0,Lunch,Vegan;Vegetarian;Gluten Free;High Fiber;High Protein,,True,True,True
CX005098,Canned Soup Chickpeas (150G),Legumes,Middle Eastern,150,192.8,12.0,30.0,2.8,10.5,0.0,0.3,9.4,420.0,60.0,3.8,60.0,210.0,1.5,0.0,1.5,0.0,0.0,0.0,105.3,45.0,Lunch,Vegan;Vegetarian;Gluten Free;High Fiber;High Protein,,True,True,True
CX005099,Canned Soup Chickpeas (200G),Legumes,Middle Eastern,200,257.1,16.0,40.0,3.7,14.0,0.0,0.4,12.5,560.0,80.0,5.0,80.0,280.0,2.0,0.0,2.0,0.0,0.0,0.0,140.4,60.0,Lunch,Vegan;Vegetarian;Gluten Free;High Fiber;High Protein,,True,True,True
CX005100,Canned Soup Chickpeas (250G),Legumes,Middle Eastern,250,321.4,20.0,50.0,4.6,17.5,0.0,0.5,15.6,700.0,100.0,6.2,100.0,350.0,2.5,0.0,2.5,0.0,0.0,0.0,175.5,75.0,Lunch,Vegan;Vegetarian;Gluten Free;High Fiber;High Protein,,True,True,True
CX005101,Canned Salad Chickpeas (100G),Legumes,Middle Eastern,100,130.0,8.0,20.0,2.0,7.4,0.0,0.2,6.2,280.0,40.0,2.5,40.0,140.0,1.0,0.0,1.0,0.0,0.0,0.0,65.7,30.0,Lunch,Vegan;Vegetarian;Gluten Free;High Fiber;High Protein,,True,True,True
CX005102,Canned Salad Chickpeas (150G),Legumes,Middle Eastern,150,195.0,12.0,30.0,3.0,11.0,0.0,0.3,9.4,420.0,60.0,3.8,60.0,210.0,1.5,0.0,1.5,0.0,0.0,0.0,98.5,45.0,Lunch,Vegan;Vegetarian;Gluten Free;High Fiber;High Protein,,True,True,True
CX005103,Canned Salad Chickpeas (200G),Legumes,Middle Eastern,200,260.0,16.0,40.0,4.0,14.7,0.0,0.4,12.5,560.0,80.0,5.0,80.0,280.0,2.0,0.0,2.0,0.0,0.0,0.0,131.3,60.0,Lunch,Vegan;Vegetarian;Gluten Free;High Fiber;High Protein,,True,True,True
CX005104,Canned Salad Chickpeas (250G),Legumes,Middle Eastern,250,325.0,20.0,50.0,5.0,18.4,0.0,0.5,15.6,700.0,100.0,6.2,100.0,350.0,2.5,0.0,2.5,0.0,0.0,0.0,164.1,75.0,Lunch,Vegan;Vegetarian;Gluten Free;High Fiber;High Protein,,True,True,True
CX005105,Canned Curry Chickpeas (100G),Legumes,Middle Eastern,100,131.4,8.0,20.0,2.2,7.0,0.0,0.2,6.2,280.0,40.0,2.5,40.0,140.0,1.0,0.0,1.0,0.0,0.0,0.0,65.0,30.0,Lunch,Vegan;Vegetarian;Gluten Free;High Fiber;High Protein,,True,True,True
CX005106,Canned Curry Chickpeas (150G),Legumes,Middle Eastern,150,197.2,12.0,30.0,3.2,10.5,0.0,0.3,9.4,420.0,60.0,3.8,60.0,210.0,1.5,0.0,1.5,0.0,0.0,0.0,97.5,45.0,Lunch,Vegan;Vegetarian;Gluten Free;High Fiber;High Protein,,True,True,True
CX005107,Canned Curry Chickpeas (200G),Legumes,Middle Eastern,200,262.9,16.0,40.0,4.3,14.0,0.0,0.4,12.5,560.0,80.0,5.0,80.0,280.0,2.0,0.0,2.0,0.0,0.0,0.0,130.0,60.0,Lunch,Vegan;Vegetarian;Gluten Free;High Fiber;High Protein,,True,True,True
CX005108,Canned Curry Chickpeas (250G),Legumes,Middle Eastern,250,328.6,20.0,50.0,5.4,17.5,0.0,0.5,15.6,700.0,100.0,6.2,100.0,350.0,2.5,0.0,2.5,0.0,0.0,0.0,162.5,75.0,Lunch,Vegan;Vegetarian;Gluten Free;High Fiber;High Protein,,True,True,True
CX005109,Canned Dip Chickpeas (100G),Legumes,Middle Eastern,100,130.9,8.0,20.0,2.1,7.0,0.0,0.2,6.2,280.0,40.0,2.5,40.0,140.0,1.0,0.0,1.0,0.0,0.0,0.0,65.0,30.0,Lunch,Vegan;Vegetarian;Gluten Free;High Fiber;High Protein,,True,True,True
CX005110,Canned Dip Chickpeas (150G),Legumes,Middle Eastern,150,196.3,12.0,30.0,3.2,10.5,0.0,0.3,9.4,420.0,60.0,3.8,60.0,210.0,1.5,0.0,1.5,0.0,0.0,0.0,97.5,45.0,Lunch,Vegan;Vegetarian;Gluten Free;High Fiber;High Protein,,True,True,True
CX005111,Canned Dip Chickpeas (200G),Legumes,Middle Eastern,200,261.8,16.0,40.0,4.2,14.0,0.0,0.4,12.5,560.0,80.0,5.0,80.0,280.0,2.0,0.0,2.0,0.0,0.0,0.0,130.0,60.0,Lunch,Vegan;Vegetarian;Gluten Free;High Fiber;High Protein,,True,True,True
CX005112,Canned Dip Chickpeas (250G),Legumes,Middle Eastern,250,327.2,20.0,50.0,5.2,17.5,0.0,0.5,15.6,700.0,100.0,6.2,100.0,350.0,2.5,0.0,2.5,0.0,0.0,0.0,162.5,75.0,Lunch,Vegan;Vegetarian;Gluten Free;High Fiber;High Protein,,True,True,True
CX005117,Canned Hummus Style Chickpeas (100G),Legumes,Middle Eastern,100,133.0,8.4,20.0,2.2,7.0,0.0,0.2,6.2,280.0,40.0,2.5,40.0,140.0,1.0,0.0,1.0,0.0,0.0,0.0,65.0,30.0,Lunch,Vegan;Vegetarian;Gluten Free;High Fiber;High Protein,,True,True,True
CX005118,Canned Hummus Style Chickpeas (150G),Legumes,Middle Eastern,150,199.6,12.6,30.0,3.2,10.5,0.0,0.3,9.4,420.0,60.0,3.8,60.0,210.0,1.5,0.0,1.5,0.0,0.0,0.0,97.5,45.0,Lunch,Vegan;Vegetarian;Gluten Free;High Fiber;High Protein,,True,True,True
CX005119,Canned Hummus Style Chickpeas (200G),Legumes,Middle Eastern,200,266.1,16.8,40.0,4.3,14.0,0.0,0.4,12.5,560.0,80.0,5.0,80.0,280.0,2.0,0.0,2.0,0.0,0.0,0.0,130.0,60.0,Lunch,Vegan;Vegetarian;Gluten Free;High Fiber;High Protein,,True,True,True
CX005120,Canned Hummus Style Chickpeas (250G),Legumes,Middle Eastern,250,332.6,21.0,50.0,5.4,17.5,0.0,0.5,15.6,700.0,100.0,6.2,100.0,350.0,2.5,0.0,2.5,0.0,0.0,0.0,162.5,75.0,Lunch,Vegan;Vegetarian;Gluten Free;High Fiber;High Protein,,True,True,True
CX005121,Sprouted Plain Chickpeas (100G),Legumes,Middle Eastern,100,131.3,8.3,20.0,2.0,7.6,0.0,0.2,5.0,280.0,40.0,2.5,40.0,140.0,1.0,0.0,1.0,0.0,0.0,0.0,65.0,30.0,Lunch,Vegan;Vegetarian;Gluten Free;High Fiber;High Protein,,True,True,True
CX005122,Sprouted Plain Chickpeas (150G),Legumes,Middle Eastern,150,196.9,12.5,30.0,3.0,11.3,0.0,0.3,7.5,420.0,60.0,3.8,60.0,210.0,1.5,0.0,1.5,0.0,0.0,0.0,97.5,45.0,Lunch,Vegan;Vegetarian;Gluten Free;High Fiber;High Protein,,True,True,True
CX005123,Sprouted Plain Chickpeas (200G),Legumes,Middle Eastern,200,262.6,16.6,40.0,4.0,15.1,0.0,0.4,10.0,560.0,80.0,5.0,80.0,280.0,2.0,0.0,2.0,0.0,0.0,0.0,130.0,60.0,Lunch,Vegan;Vegetarian;Gluten Free;High Fiber;High Protein,,True,True,True
CX005124,Sprouted Plain Chickpeas (250G),Legumes,Middle Eastern,250,328.2,20.8,50.0,5.0,18.9,0.0,0.5,12.5,700.0,100.0,6.2,100.0,350.0,2.5,0.0,2.5,0.0,0.0,0.0,162.5,75.0,Lunch,Vegan;Vegetarian;Gluten Free;High Fiber;High Protein,,True,True,True
CX005125,Sprouted Garlic Chickpeas (100G),Legumes,Middle Eastern,100,131.3,8.3,20.0,2.0,7.6,0.0,0.2,5.2,280.0,40.0,2.5,40.0,140.0,1.0,0.0,1.0,0.0,0.0,0.0,65.0,30.0,Lunch,Vegan;Vegetarian;Gluten Free;High Fiber;High Protein,,True,True,True
CX005126,Sprouted Garlic Chickpeas (150G),Legumes,Middle Eastern,150,196.9,12.5,30.0,3.0,11.3,0.0,0.3,7.7,420.0,60.0,3.8,60.0,210.0,1.5,0.0,1.5,0.0,0.0,0.0,97.5,45.0,Lunch,Vegan;Vegetarian;Gluten Free;High Fiber;High Protein,,True,True,True
CX005127,Sprouted Garlic Chickpeas (200G),Legumes,Middle Eastern,200,262.6,16.6,40.0,4.0,15.1,0.0,0.4,10.3,560.0,80.0,5.0,80.0,280.0,2.0,0.0,2.0,0.0,0.0,0.0,130.0,60.0,Lunch,Vegan;Vegetarian;Gluten Free;High Fiber;High Protein,,True,True,True
CX005128,Sprouted Garlic Chickpeas (250G),Legumes,Middle Eastern,250,328.2,20.8,50.0,5.0,18.9,0.0,0.5,12.9,700.0,100.0,6.2,100.0,350.0,2.5,0.0,2.5,0.0,0.0,0.0,162.5,75.0,Lunch,Vegan;Vegetarian;Gluten Free;High Fiber;High Protein,,True,True,True
CX005133,Sprouted Chili Chickpeas (100G),Legumes,Middle Eastern,100,131.3,8.3,20.0,2.0,7.6,0.0,0.2,5.1,280.0,40.0,2.5,40.0,140.0,1.0,0.0,1.0,0.0,0.0,0.0,65.0,30.0,Lunch,Vegan;Vegetarian;Gluten Free;High Fiber;High Protein,,True,True,True
CX005135,Sprouted Chili Chickpeas (200G),Legumes,Middle Eastern,200,262.6,16.6,40.0,4.0,15.1,0.0,0.4,10.2,560.0,80.0,5.0,80.0,280.0,2.0,0.0,2.0,0.0,0.0,0.0,130.0,60.0,Lunch,Vegan;Vegetarian;Gluten Free;High Fiber;High Protein,,True,True,True
CX005136,Sprouted Chili Chickpeas (250G),Legumes,Middle Eastern,250,328.2,20.8,50.0,5.0,18.9,0.0,0.5,12.8,700.0,100.0,6.2,100.0,350.0,2.5,0.0,2.5,0.0,0.0,0.0,162.5,75.0,Lunch,Vegan;Vegetarian;Gluten Free;High Fiber;High Protein,,True,True,True
CX005137,Sprouted Soup Chickpeas (100G),Legumes,Middle Eastern,100,129.8,8.3,20.0,1.8,7.6,0.0,0.2,5.0,280.0,40.0,2.5,40.0,140.0,1.0,0.0,1.0,0.0,0.0,0.0,70.2,30.0,Lunch,Vegan;Vegetarian;Gluten Free;High Fiber;High Protein,,True,True,True
CX005138,Sprouted Soup Chickpeas (150G),Legumes,Middle Eastern,150,194.8,12.5,30.0,2.8,11.3,0.0,0.3,7.5,420.0,60.0,3.8,60.0,210.0,1.5,0.0,1.5,0.0,0.0,0.0,105.3,45.0,Lunch,Vegan;Vegetarian;Gluten Free;High Fiber;High Protein,,True,True,True
CX005139,Sprouted Soup Chickpeas (200G),Legumes,Middle Eastern,200,259.7,16.6,40.0,3.7,15.1,0.0,0.4,10.0,560.0,80.0,5.0,80.0,280.0,2.0,0.0,2.0,0.0,0.0,0.0,140.4,60.0,Lunch,Vegan;Vegetarian;Gluten Free;High Fiber;High Protein,,True,True,True
CX005140,Sprouted Soup Chickpeas (250G),Legumes,Middle Eastern,250,324.6,20.8,50.0,4.6,18.9,0.0,0.5,12.5,700.0,100.0,6.2,100.0,350.0,2.5,0.0,2.5,0.0,0.0,0.0,175.5,75.0,Lunch,Vegan;Vegetarian;Gluten Free;High Fiber;High Protein,,True,True,True
CX005141,Sprouted Salad Chickpeas (100G),Legumes,Middle Eastern,100,131.3,8.3,20.0,2.0,7.9,0.0,0.2,5.0,280.0,40.0,2.5,40.0,140.0,1.0,0.0,1.0,0.0,0.0,0.0,65.7,30.0,Lunch,Vegan;Vegetarian;Gluten Free;High Fiber;High Protein,,True,True,True
CX005142,Sprouted Salad Chickpeas (150G),Legumes,Middle Eastern,150,196.9,12.5,30.0,3.0,11.9,0.0,0.3,7.5,420.0,60.0,3.8,60.0,210.0,1.5,0.0,1.5,0.0,0.0,0.0,98.5,45.0,Lunch,Vegan;Vegetarian;Gluten Free;High Fiber;High Protein,,True,True,True
CX005143,Sprouted Salad Chickpeas (200G),Legumes,Middle Eastern,200,262.6,16.6,40.0,4.0,15.9,0.0,0.4,10.0,560.0,80.0,5.0,80.0,280.0,2.0,0.0,2.0,0.0,0.0,0.0,131.3,60.0,Lunch,Vegan;Vegetarian;Gluten Free;High Fiber;High Protein,,True,True,True
CX005144,Sprouted Salad Chickpeas (250G),Legumes,Middle Eastern,250,328.2,20.8,50.0,5.0,19.8,0.0,0.5,12.5,700.0,100.0,6.2,100.0,350.0,2.5,0.0,2.5,0.0,0.0,0.0,164.1,75.0,Lunch,Vegan;Vegetarian;Gluten Free;High Fiber;High Protein,,True,True,True
CX005145,Sprouted Curry Chickpeas (100G),Legumes,Middle Eastern,100,132.7,8.3,20.0,2.2,7.6,0.0,0.2,5.0,280.0,40.0,2.5,40.0,140.0,1.0,0.0,1.0,0.0,0.0,0.0,65.0,30.0,Lunch,Vegan;Vegetarian;Gluten Free;High Fiber;High Protein,,True,True,True
CX005146,Sprouted Curry Chickpeas (150G),Legumes,Middle Eastern,150,199.1,12.5,30.0,3.2,11.3,0.0,0.3,7.5,420.0,60.0,3.8,60.0,210.0,1.5,0.0,1.5,0.0,0.0,0.0,97.5,45.0,Lunch,Vegan;Vegetarian;Gluten Free;High Fiber;High Protein,,True,True,True
CX005147,Sprouted Curry Chickpeas (200G),Legumes,Middle Eastern,200,265.4,16.6,40.0,4.3,15.1,0.0,0.4,10.0,560.0,80.0,5.0,80.0,280.0,2.0,0.0,2.0,0.0,0.0,0.0,130.0,60.0,Lunch,Vegan;Vegetarian;Gluten Free;High Fiber;High Protein,,True,True,True
CX005148,Sprouted Curry Chickpeas (250G),Legumes,Middle Eastern,250,331.8,20.8,50.0,5.4,18.9,0.0,0.5,12.5,700.0,100.0,6.2,100.0,350.0,2.5,0.0,2.5,0.0,0.0,0.0,162.5,75.0,Lunch,Vegan;Vegetarian;Gluten Free;High Fiber;High Protein,,True,True,True
CX005149,Sprouted Dip Chickpeas (100G),Legumes,Middle Eastern,100,132.2,8.3,20.0,2.1,7.6,0.0,0.2,5.0,280.0,40.0,2.5,40.0,140.0,1.0,0.0,1.0,0.0,0.0,0.0,65.0,30.0,Lunch,Vegan;Vegetarian;Gluten Free;High Fiber;High Protein,,True,True,True
CX005150,Sprouted Dip Chickpeas (150G),Legumes,Middle Eastern,150,198.3,12.5,30.0,3.2,11.3,0.0,0.3,7.5,420.0,60.0,3.8,60.0,210.0,1.5,0.0,1.5,0.0,0.0,0.0,97.5,45.0,Lunch,Vegan;Vegetarian;Gluten Free;High Fiber;High Protein,,True,True,True
CX005151,Sprouted Dip Chickpeas (200G),Legumes,Middle Eastern,200,264.4,16.6,40.0,4.2,15.1,0.0,0.4,10.0,560.0,80.0,5.0,80.0,280.0,2.0,0.0,2.0,0.0,0.0,0.0,130.0,60.0,Lunch,Vegan;Vegetarian;Gluten Free;High Fiber;High Protein,,True,True,True
CX005152,Sprouted Dip Chickpeas (250G),Legumes,Middle Eastern,250,330.4,20.8,50.0,5.2,18.9,0.0,0.5,12.5,700.0,100.0,6.2,100.0,350.0,2.5,0.0,2.5,0.0,0.0,0.0,162.5,75.0,Lunch,Vegan;Vegetarian;Gluten Free;High Fiber;High Protein,,True,True,True
CX005157,Sprouted Hummus Style Chickpeas (100G),Legumes,Middle Eastern,100,134.4,8.7,20.0,2.2,7.6,0.0,0.2,5.0,280.0,40.0,2.5,40.0,140.0,1.0,0.0,1.0,0.0,0.0,0.0,65.0,30.0,Lunch,Vegan;Vegetarian;Gluten Free;High Fiber;High Protein,,True,True,True
CX005158,Sprouted Hummus Style Chickpeas (150G),Legumes,Middle Eastern,150,201.6,13.1,30.0,3.2,11.3,0.0,0.3,7.5,420.0,60.0,3.8,60.0,210.0,1.5,0.0,1.5,0.0,0.0,0.0,97.5,45.0,Lunch,Vegan;Vegetarian;Gluten Free;High Fiber;High Protein,,True,True,True
CX005159,Sprouted Hummus Style Chickpeas (200G),Legumes,Middle Eastern,200,268.8,17.5,40.0,4.3,15.1,0.0,0.4,10.0,560.0,80.0,5.0,80.0,280.0,2.0,0.0,2.0,0.0,0.0,0.0,130.0,60.0,Lunch,Vegan;Vegetarian;Gluten Free;High Fiber;High Protein,,True,True,True
CX005160,Sprouted Hummus Style Chickpeas (250G),Legumes,Middle Eastern,250,336.0,21.8,50.0,5.4,18.9,0.0,0.5,12.5,700.0,100.0,6.2,100.0,350.0,2.5,0.0,2.5,0.0,0.0,0.0,162.5,75.0,Lunch,Vegan;Vegetarian;Gluten Free;High Fiber;High Protein,,True,True,True
CX006401,Cooked Plain White Rice (100G),Rice,Asian,100,127.6,3.0,28.0,0.4,1.2,0.0,0.1,5.0,35.0,10.0,0.4,12.0,45.0,0.5,0.0,0.0,0.0,0.0,0.0,67.7,70.0,Lunch,Vegan;Vegetarian;Gluten Free;Balanced,,True,True,True
CX006402,Cooked Plain White Rice (150G),Rice,Asian,150,191.4,4.5,42.0,0.6,1.8,0.0,0.2,7.5,52.5,15.0,0.6,18.0,67.5,0.8,0.0,0.0,0.0,0.0,0.0,101.5,100.0,Lunch,Vegan;Vegetarian;Gluten Free;Balanced,,True,True,True
CX006403,Cooked Plain White Rice (200G),Rice,Asian,200,255.2,6.0,56.0,0.8,2.4,0.0,0.2,10.0,70.0,20.0,0.8,24.0,90.0,1.0,0.0,0.0,0.0,0.0,0.0,135.3,100.0,Lunch,Vegan;Vegetarian;Gluten Free;Balanced,,True,True,True
CX006404,Cooked Plain White Rice (250G),Rice,Asian,250,319.0,7.5,70.0,1.0,3.0,0.0,0.2,12.5,87.5,25.0,1.0,30.0,112.5,1.2,0.0,0.0,0.0,0.0,0.0,169.2,100.0,Lunch,Vegan;Vegetarian;Gluten Free;Balanced,,True,True,True
CX006405,Cooked Garlic White Rice (100G),Rice,Asian,100,127.6,3.0,28.0,0.4,1.2,0.0,0.1,5.2,35.0,10.0,0.4,12.0,45.0,0.5,0.0,0.0,0.0,0.0,0.0,67.7,70.0,Lunch,Vegan;Vegetarian;Gluten Free;Balanced,,True,True,True
CX006406,Cooked Garlic White Rice (150G),Rice,Asian,150,191.4,4.5,42.0,0.6,1.8,0.0,0.2,7.7,52.5,15.0,0.6,18.0,67.5,0.8,0.0,0.0,0.0,0.0,0.0,101.5,100.0,Lunch,Vegan;Vegetarian;Gluten Free;Balanced,,True,True,True
CX006407,Cooked Garlic White Rice (200G),Rice,Asian,200,255.2,6.0,56.0,0.8,2.4,0.0,0.2,10.3,70.0,20.0,0.8,24.0,90.0,1.0,0.0,0.0,0.0,0.0,0.0,135.3,100.0,Lunch,Vegan;Vegetarian;Gluten Free;Balanced,,True,True,True
CX006408,Cooked Garlic White Rice (250G),Rice,Asian,250,319.0,7.5,70.0,1.0,3.0,0.0,0.2,12.9,87.5,25.0,1.0,30.0,112.5,1.2,0.0,0.0,0.0,0.0,0.0,169.2,100.0,Lunch,Vegan;Vegetarian;Gluten Free;Balanced,,True,True,True
CX006410,Cooked Vegetable White Rice (150G),Rice,Asian,150,191.4,4.5,42.0,0.6,1.9,0.0,0.2,7.5,52.5,15.0,0.6,18.0,67.5,0.8,0.0,0.0,0.0,0.0,0.0,101.5,100.0,Lunch,Vegan;Vegetarian;Gluten Free;Balanced,,True,True,True
CX006411,Cooked Vegetable White Rice (200G),Rice,Asian,200,255.2,6.0,56.0,0.8,2.5,0.0,0.2,10.0,70.0,20.0,0.8,24.0,90.0,1.0,0.0,0.0,0.0,0.0,0.0,135.3,100.0,Lunch,Vegan;Vegetarian;Gluten Free;Balanced,,True,True,True
CX006412,Cooked Vegetable White Rice (250G),Rice,Asian,250,319.0,7.5,70.0,1.0,3.1,0.0,0.2,12.5,87.5,25.0,1.0,30.0,112.5,1.2,0.0,0.0,0.0,0.0,0.0,169.2,100.0,Lunch,Vegan;Vegetarian;Gluten Free;Balanced,,True,True,True
CX006417,Cooked Butter White Rice (100G),Rice,Asian,100,128.2,3.0,28.0,0.5,1.2,0.0,0.1,5.0,35.0,10.0,0.4,12.0,45.0,0.5,0.0,0.0,0.0,0.0,0.0,67.7,70.0,Lunch,Vegan;Vegetarian;Gluten Free;Balanced,,True,True,True
CX006418,Cooked Butter White Rice (150G),Rice,Asian,150,192.4,4.5,42.0,0.7,1.8,0.0,0.2,7.5,52.5,15.0,0.6,18.0,67.5,0.8,0.0,0.0,0.0,0.0,0.0,101.5,100.0,Lunch,Vegan;Vegetarian;Gluten Free;Balanced,,True,True,True
CX006419,Cooked Butter White Rice (200G),Rice,Asian,200,256.5,6.0,56.0,0.9,2.4,0.0,0.2,10.0,70.0,20.0,0.8,24.0,90.0,1.0,0.0,0.0,0.0,0.0,0.0,135.3,100.0,Lunch,Vegan;Vegetarian;Gluten Free;Balanced,,True,True,True
CX006420,Cooked Butter White Rice (250G),Rice,Asian,250,320.6,7.5,70.0,1.2,3.0,0.0,0.3,12.5,87.5,25.0,1.0,30.0,112.5,1.2,0.0,0.0,0.0,0.0,0.0,169.2,100.0,Lunch,Vegan;Vegetarian;Gluten Free;Balanced,,True,True,True
CX006433,Cooked Coconut White Rice (100G),Rice,Asian,100,127.9,3.0,28.0,0.4,1.2,0.0,0.1,5.0,35.0,10.0,0.4,12.0,45.0,0.5,0.0,0.0,0.0,0.0,0.0,67.7,70.0,Lunch,Vegan;Vegetarian;Gluten Free;Balanced,,True,True,True
CX006434,Cooked Coconut White Rice (150G),Rice,Asian,150,191.8,4.5,42.0,0.6,1.8,0.0,0.2,7.5,52.5,15.0,0.6,18.0,67.5,0.8,0.0,0.0,0.0,0.0,0.0,101.5,100.0,Lunch,Vegan;Vegetarian;Gluten Free;Balanced,,True,True,True
CX006435,Cooked Coconut White Rice (200G),Rice,Asian,200,255.8,6.0,56.0,0.9,2.4,0.0,0.2,10.0,70.0,20.0,0.8,24.0,90.0,1.0,0.0,0.0,0.0,0.0,0.0,135.3,100.0,Lunch,Vegan;Vegetarian;Gluten Free;Balanced,,True,True,True
CX006436,Cooked Coconut White Rice (250G),Rice,Asian,250,319.7,7.5,70.0,1.1,3.0,0.0,0.3,12.5,87.5,25.0,1.0,30.0,112.5,1.2,0.0,0.0,0.0,0.0,0.0,169.2,100.0,Lunch,Vegan;Vegetarian;Gluten Free;Balanced,,True,True,True
CX006481,Boiled Plain White Rice (100G),Rice,Asian,100,127.4,3.0,28.0,0.4,1.2,0.0,0.1,5.0,35.0,10.0,0.4,12.0,45.0,0.5,0.0,0.0,0.0,0.0,0.0,67.0,70.0,Lunch,Vegan;Vegetarian;Gluten Free;Balanced,,True,True,True
CX006482,Boiled Plain White Rice (150G),Rice,Asian,150,191.1,4.5,42.0,0.6,1.8,0.0,0.2,7.5,52.5,15.0,0.6,18.0,67.5,0.8,0.0,0.0,0.0,0.0,0.0,100.5,100.0,Lunch,Vegan;Vegetarian;Gluten Free;Balanced,,True,True,True
CX006483,Boiled Plain White Rice (200G),Rice,Asian,200,254.8,6.0,56.0,0.8,2.4,0.0,0.2,10.0,70.0,20.0,0.8,24.0,90.0,1.0,0.0,0.0,0.0,0.0,0.0,134.0,100.0,Lunch,Vegan;Vegetarian;Gluten Free;Balanced,,True,True,True
CX006484,Boiled Plain White Rice (250G),Rice,Asian,250,318.6,7.5,70.0,0.9,3.0,0.0,0.2,12.5,87.5,25.0,1.0,30.0,112.5,1.2,0.0,0.0,0.0,0.0,0.0,167.5,100.0,Lunch,Vegan;Vegetarian;Gluten Free;Balanced,,True,True,True
CX006485,Boiled Garlic White Rice (100G),Rice,Asian,100,127.4,3.0,28.0,0.4,1.2,0.0,0.1,5.2,35.0,10.0,0.4,12.0,45.0,0.5,0.0,0.0,0.0,0.0,0.0,67.0,70.0,Lunch,Vegan;Vegetarian;Gluten Free;Balanced,,True,True,True
CX006486,Boiled Garlic White Rice (150G),Rice,Asian,150,191.1,4.5,42.0,0.6,1.8,0.0,0.2,7.7,52.5,15.0,0.6,18.0,67.5,0.8,0.0,0.0,0.0,0.0,0.0,100.5,100.0,Lunch,Vegan;Vegetarian;Gluten Free;Balanced,,True,True,True
CX006487,Boiled Garlic White Rice (200G),Rice,Asian,200,254.8,6.0,56.0,0.8,2.4,0.0,0.2,10.3,70.0,20.0,0.8,24.0,90.0,1.0,0.0,0.0,0.0,0.0,0.0,134.0,100.0,Lunch,Vegan;Vegetarian;Gluten Free;Balanced,,True,True,True
CX006488,Boiled Garlic White Rice (250G),Rice,Asian,250,318.6,7.5,70.0,0.9,3.0,0.0,0.2,12.9,87.5,25.0,1.0,30.0,112.5,1.2,0.0,0.0,0.0,0.0,0.0,167.5,100.0,Lunch,Vegan;Vegetarian;Gluten Free;Balanced,,True,True,True
CX006490,Boiled Vegetable White Rice (150G),Rice,Asian,150,191.1,4.5,42.0,0.6,1.9,0.0,0.2,7.5,52.5,15.0,0.6,18.0,67.5,0.8,0.0,0.0,0.0,0.0,0.0,100.5,100.0,Lunch,Vegan;Vegetarian;Gluten Free;Balanced,,True,True,True
CX006491,Boiled Vegetable White Rice (200G),Rice,Asian,200,254.8,6.0,56.0,0.8,2.5,0.0,0.2,10.0,70.0,20.0,0.8,24.0,90.0,1.0,0.0,0.0,0.0,0.0,0.0,134.0,100.0,Lunch,Vegan;Vegetarian;Gluten Free;Balanced,,True,True,True
CX006492,Boiled Vegetable White Rice (250G),Rice,Asian,250,318.6,7.5,70.0,0.9,3.1,0.0,0.2,12.5,87.5,25.0,1.0,30.0,112.5,1.2,0.0,0.0,0.0,0.0,0.0,167.5,100.0,Lunch,Vegan;Vegetarian;Gluten Free;Balanced,,True,True,True
CX006497,Boiled Butter White Rice (100G),Rice,Asian,100,128.0,3.0,28.0,0.4,1.2,0.0,0.1,5.0,35.0,10.0,0.4,12.0,45.0,0.5,0.0,0.0,0.0,0.0,0.0,67.0,70.0,Lunch,Vegan;Vegetarian;Gluten Free;Balanced,,True,True,True
CX006498,Boiled Butter White Rice (150G),Rice,Asian,150,192.1,4.5,42.0,0.7,1.8,0.0,0.2,7.5,52.5,15.0,0.6,18.0,67.5,0.8,0.0,0.0,0.0,0.0,0.0,100.5,100.0,Lunch,Vegan;Vegetarian;Gluten Free;Balanced,,True,True,True
CX006499,Boiled Butter White Rice (200G),Rice,Asian,200,256.1,6.0,56.0,0.9,2.4,0.0,0.2,10.0,70.0,20.0,0.8,24.0,90.0,1.0,0.0,0.0,0.0,0.0,0.0,134.0,100.0,Lunch,Vegan;Vegetarian;Gluten Free;Balanced,,True,True,True
CX006500,Boiled Butter White Rice (250G),Rice,Asian,250,320.1,7.5,70.0,1.1,3.0,0.0,0.3,12.5,87.5,25.0,1.0,30.0,112.5,1.2,0.0,0.0,0.0,0.0,0.0,167.5,100.0,Lunch,Vegan;Vegetarian;Gluten Free;Balanced,,True,True,True
CX006513,Boiled Coconut White Rice (100G),Rice,Asian,100,127.7,3.0,28.0,0.4,1.2,0.0,0.1,5.0,35.0,10.0,0.4,12.0,45.0,0.5,0.0,0.0,0.0,0.0,0.0,67.0,70.0,Lunch,Vegan;Vegetarian;Gluten Free;Balanced,,True,True,True
CX006514,Boiled Coconut White Rice (150G),Rice,Asian,150,191.5,4.5,42.0,0.6,1.8,0.0,0.2,7.5,52.5,15.0,0.6,18.0,67.5,0.8,0.0,0.0,0.0,0.0,0.0,100.5,100.0,Lunch,Vegan;Vegetarian;Gluten Free;Balanced,,True,True,True
CX006515,Boiled Coconut White Rice (200G),Rice,Asian,200,255.4,6.0,56.0,0.8,2.4,0.0,0.2,10.0,70.0,20.0,0.8,24.0,90.0,1.0,0.0,0.0,0.0,0.0,0.0,134.0,100.0,Lunch,Vegan;Vegetarian;Gluten Free;Balanced,,True,True,True
CX006516,Boiled Coconut White Rice (250G),Rice,Asian,250,319.2,7.5,70.0,1.0,3.0,0.0,0.3,12.5,87.5,25.0,1.0,30.0,112.5,1.2,0.0,0.0,0.0,0.0,0.0,167.5,100.0,Lunch,Vegan;Vegetarian;Gluten Free;Balanced,,True,True,True
CX006521,Fried Plain White Rice (100G),Rice,Asian,100,128.9,3.0,28.0,0.5,1.2,0.0,0.1,5.0,35.0,10.0,0.4,12.0,45.0,0.5,0.0,0.0,0.0,0.0,0.0,60.3,70.0,Lunch,Vegan;Vegetarian;Gluten Free;Balanced,,True,True,True
CX006522,Fried Plain White Rice (150G),Rice,Asian,150,193.3,4.5,42.0,0.8,1.8,0.0,0.2,7.5,52.5,15.0,0.6,18.0,67.5,0.8,0.0,0.0,0.0,0.0,0.0,90.5,100.0,Lunch,Vegan;Vegetarian;Gluten Free;Balanced,,True,True,True
CX006523,Fried Plain White Rice (200G),Rice,Asian,200,257.7,6.0,56.0,1.1,2.4,0.0,0.2,10.0,70.0,20.0,0.8,24.0,90.0,1.0,0.0,0.0,0.0,0.0,0.0,120.6,100.0,Lunch,Vegan;Vegetarian;Gluten Free;Balanced,,True,True,True
CX006524,Fried Plain White Rice (250G),Rice,Asian,250,322.1,7.5,70.0,1.4,3.0,0.0,0.2,12.5,87.5,25.0,1.0,30.0,112.5,1.2,0.0,0.0,0.0,0.0,0.0,150.8,100.0,Lunch,Vegan;Vegetarian;Gluten Free;Balanced,,True,True,True
CX006525,Fried Garlic White Rice (100G),Rice,Asian,100,128.9,3.0,28.0,0.5,1.2,0.0,0.1,5.2,35.0,10.0,0.4,12.0,45.0,0.5,0.0,0.0,0.0,0.0,0.0,60.3,70.0,Lunch,Vegan;Vegetarian;Gluten Free;Balanced,,True,True,True
CX006526,Fried Garlic White Rice (150G),Rice,Asian,150,193.3,4.5,42.0,0.8,1.8,0.0,0.2,7.7,52.5,15.0,0.6,18.0,67.5,0.8,0.0,0.0,0.0,0.0,0.0,90.5,100.0,Lunch,Vegan;Vegetarian;Gluten Free;Balanced,,True,True,True
CX006527,Fried Garlic White Rice (200G),Rice,Asian,200,257.7,6.0,56.0,1.1,2.4,0.0,0.2,10.3,70.0,20.0,0.8,24.0,90.0,1.0,0.0,0.0,0.0,0.0,0.0,120.6,100.0,Lunch,Vegan;Vegetarian;Gluten Free;Balanced,,True,True,True
CX006528,Fried Garlic White Rice (250G),Rice,Asian,250,322.1,7.5,70.0,1.4,3.0,0.0,0.2,12.9,87.5,25.0,1.0,30.0,112.5,1.2,0.0,0.0,0.0,0.0,0.0,150.8,100.0,Lunch,Vegan;Vegetarian;Gluten Free;Balanced,,True,True,True
CX006530,Fried Vegetable White Rice (150G),Rice,Asian,150,193.3,4.5,42.0,0.8,1.9,0.0,0.2,7.5,52.5,15.0,0.6,18.0,67.5,0.8,0.0,0.0,0.0,0.0,0.0,90.5,100.0,Lunch,Vegan;Vegetarian;Gluten Free;Balanced,,True,True,True
CX006531,Fried Vegetable White Rice (200G),Rice,Asian,200,257.7,6.0,56.0,1.1,2.5,0.0,0.2,10.0,70.0,20.0,0.8,24.0,90.0,1.0,0.0,0.0,0.0,0.0,0.0,120.6,100.0,Lunch,Vegan;Vegetarian;Gluten Free;Balanced,,True,True,True
CX006532,Fried Vegetable White Rice (250G),Rice,Asian,250,322.1,7.5,70.0,1.4,3.1,0.0,0.2,12.5,87.5,25.0,1.0,30.0,112.5,1.2,0.0,0.0,0.0,0.0,0.0,150.8,100.0,Lunch,Vegan;Vegetarian;Gluten Free;Balanced,,True,True,True
CX006537,Fried Butter White Rice (100G),Rice,Asian,100,129.7,3.0,28.0,0.6,1.2,0.0,0.1,5.0,35.0,10.0,0.4,12.0,45.0,0.5,0.0,0.0,0.0,0.0,0.0,60.3,70.0,Lunch,Vegan;Vegetarian;Gluten Free;Balanced,,True,True,True
CX006538,Fried Butter White Rice (150G),Rice,Asian,150,194.6,4.5,42.0,1.0,1.8,0.0,0.2,7.5,52.5,15.0,0.6,18.0,67.5,0.8,0.0,0.0,0.0,0.0,0.0,90.5,100.0,Lunch,Vegan;Vegetarian;Gluten Free;Balanced,,True,True,True
CX006539,Fried Butter White Rice (200G),Rice,Asian,200,259.5,6.0,56.0,1.3,2.4,0.0,0.2,10.0,70.0,20.0,0.8,24.0,90.0,1.0,0.0,0.0,0.0,0.0,0.0,120.6,100.0,Lunch,Vegan;Vegetarian;Gluten Free;Balanced,,True,True,True
CX006540,Fried Butter White Rice (250G),Rice,Asian,250,324.3,7.5,70.0,1.6,3.0,0.0,0.3,12.5,87.5,25.0,1.0,30.0,112.5,1.2,0.0,0.0,0.0,0.0,0.0,150.8,100.0,Lunch,Vegan;Vegetarian;Gluten Free;Balanced,,True,True,True
CX006553,Fried Coconut White Rice (100G),Rice,Asian,100,129.2,3.0,28.0,0.6,1.2,0.0,0.1,5.0,35.0,10.0,0.4,12.0,45.0,0.5,0.0,0.0,0.0,0.0,0.0,60.3,70.0,Lunch,Vegan;Vegetarian;Gluten Free;Balanced,,True,True,True
CX006554,Fried Coconut White Rice (150G),Rice,Asian,150,193.9,4.5,42.0,0.9,1.8,0.0,0.2,7.5,52.5,15.0,0.6,18.0,67.5,0.8,0.0,0.0,0.0,0.0,0.0,90.5,100.0,Lunch,Vegan;Vegetarian;Gluten Free;Balanced,,True,True,True
CX006555,Fried Coconut White Rice (200G),Rice,Asian,200,258.5,6.0,56.0,1.2,2.4,0.0,0.2,10.0,70.0,20.0,0.8,24.0,90.0,1.0,0.0,0.0,0.0,0.0,0.0,120.6,100.0,Lunch,Vegan;Vegetarian;Gluten Free;Balanced,,True,True,True
CX006556,Fried Coconut White Rice (250G),Rice,Asian,250,323.1,7.5,70.0,1.5,3.0,0.0,0.3,12.5,87.5,25.0,1.0,30.0,112.5,1.2,0.0,0.0,0.0,0.0,0.0,150.8,100.0,Lunch,Vegan;Vegetarian;Gluten Free;Balanced,,True,True,True
CX006561,Brown Plain White Rice (100G),Rice,Asian,100,127.6,3.0,28.0,0.4,1.3,0.0,0.1,5.0,35.0,10.0,0.4,12.0,45.0,0.5,0.0,0.0,0.0,0.0,0.0,67.0,63.0,Lunch,Vegan;Vegetarian;Gluten Free;Balanced,,True,True,True
CX006562,Brown Plain White Rice (150G),Rice,Asian,150,191.4,4.5,42.0,0.6,2.0,0.0,0.2,7.5,52.5,15.0,0.6,18.0,67.5,0.8,0.0,0.0,0.0,0.0,0.0,100.5,94.5,Lunch,Vegan;Vegetarian;Gluten Free;Balanced,,True,True,True
CX006563,Brown Plain White Rice (200G),Rice,Asian,200,255.2,6.0,56.0,0.8,2.7,0.0,0.2,10.0,70.0,20.0,0.8,24.0,90.0,1.0,0.0,0.0,0.0,0.0,0.0,134.0,100.0,Lunch,Vegan;Vegetarian;Gluten Free;Balanced,,True,True,True
CX006564,Brown Plain White Rice (250G),Rice,Asian,250,319.0,7.5,70.0,1.0,3.4,0.0,0.2,12.5,87.5,25.0,1.0,30.0,112.5,1.2,0.0,0.0,0.0,0.0,0.0,167.5,100.0,Lunch,Vegan;Vegetarian;Gluten Free;Balanced,,True,True,True
CX006565,Brown Garlic White Rice (100G),Rice,Asian,100,127.6,3.0,28.0,0.4,1.3,0.0,0.1,5.2,35.0,10.0,0.4,12.0,45.0,0.5,0.0,0.0,0.0,0.0,0.0,67.0,63.0,Lunch,Vegan;Vegetarian;Gluten Free;Balanced,,True,True,True
CX006566,Brown Garlic White Rice (150G),Rice,Asian,150,191.4,4.5,42.0,0.6,2.0,0.0,0.2,7.7,52.5,15.0,0.6,18.0,67.5,0.8,0.0,0.0,0.0,0.0,0.0,100.5,94.5,Lunch,Vegan;Vegetarian;Gluten Free;Balanced,,True,True,True
CX006567,Brown Garlic White Rice (200G),Rice,Asian,200,255.2,6.0,56.0,0.8,2.7,0.0,0.2,10.3,70.0,20.0,0.8,24.0,90.0,1.0,0.0,0.0,0.0,0.0,0.0,134.0,100.0,Lunch,Vegan;Vegetarian;Gluten Free;Balanced,,True,True,True
CX006568,Brown Garlic White Rice (250G),Rice,Asian,250,319.0,7.5,70.0,1.0,3.4,0.0,0.2,12.9,87.5,25.0,1.0,30.0,112.5,1.2,0.0,0.0,0.0,0.0,0.0,167.5,100.0,Lunch,Vegan;Vegetarian;Gluten Free;Balanced,,True,True,True
CX006569,Brown Vegetable White Rice (100G),Rice,Asian,100,127.6,3.0,28.0,0.4,1.4,0.0,0.1,5.0,35.0,10.0,0.4,12.0,45.0,0.5,0.0,0.0,0.0,0.0,0.0,67.0,63.0,Lunch,Vegan;Vegetarian;Gluten Free;Balanced,,True,True,True
CX006570,Brown Vegetable White Rice (150G),Rice,Asian,150,191.4,4.5,42.0,0.6,2.1,0.0,0.2,7.5,52.5,15.0,0.6,18.0,67.5,0.8,0.0,0.0,0.0,0.0,0.0,100.5,94.5,Lunch,Vegan;Vegetarian;Gluten Free;Balanced,,True,True,True
CX006571,Brown Vegetable White Rice (200G),Rice,Asian,200,255.2,6.0,56.0,0.8,2.8,0.0,0.2,10.0,70.0,20.0,0.8,24.0,90.0,1.0,0.0,0.0,0.0,0.0,0.0,134.0,100.0,Lunch,Vegan;Vegetarian;Gluten Free;Balanced,,True,True,True
CX006572,Brown Vegetable White Rice (250G),Rice,Asian,250,319.0,7.5,70.0,1.0,3.5,0.0,0.2,12.5,87.5,25.0,1.0,30.0,112.5,1.2,0.0,0.0,0.0,0.0,0.0,167.5,100.0,Lunch,Vegan;Vegetarian;Gluten Free;Balanced,,True,True,True
CX006577,Brown Butter White Rice (100G),Rice,Asian,100,128.2,3.0,28.0,0.5,1.3,0.0,0.1,5.0,35.0,10.0,0.4,12.0,45.0,0.5,0.0,0.0,0.0,0.0,0.0,67.0,63.0,Lunch,Vegan;Vegetarian;Gluten Free;Balanced,,True,True,True
CX006578,Brown Butter White Rice (150G),Rice,Asian,150,192.4,4.5,42.0,0.7,2.0,0.0,0.2,7.5,52.5,15.0,0.6,18.0,67.5,0.8,0.0,0.0,0.0,0.0,0.0,100.5,94.5,Lunch,Vegan;Vegetarian;Gluten Free;Balanced,,True,True,True
CX006579,Brown Butter White Rice (200G),Rice,Asian,200,256.5,6.0,56.0,0.9,2.7,0.0,0.2,10.0,70.0,20.0,0.8,24.0,90.0,1.0,0.0,0.0,0.0,0.0,0.0,134.0,100.0,Lunch,Vegan;Vegetarian;Gluten Free;Balanced,,True,True,True
CX006580,Brown Butter White Rice (250G),Rice,Asian,250,320.6,7.5,70.0,1.2,3.4,0.0,0.3,12.5,87.5,25.0,1.0,30.0,112.5,1.2,0.0,0.0,0.0,0.0,0.0,167.5,100.0,Lunch,Vegan;Vegetarian;Gluten Free;Balanced,,True,True,True
CX006593,Brown Coconut White Rice (100G),Rice,Asian,100,127.9,3.0,28.0,0.4,1.3,0.0,0.1,5.0,35.0,10.0,0.4,12.0,45.0,0.5,0.0,0.0,0.0,0.0,0.0,67.0,63.0,Lunch,Vegan;Vegetarian;Gluten Free;Balanced,,True,True,True
CX006594,Brown Coconut White Rice (150G),Rice,Asian,150,191.8,4.5,42.0,0.6,2.0,0.0,0.2,7.5,52.5,15.0,0.6,18.0,67.5,0.8,0.0,0.0,0.0,0.0,0.0,100.5,94.5,Lunch,Vegan;Vegetarian;Gluten Free;Balanced,,True,True,True
CX006595,Brown Coconut White Rice (200G),Rice,Asian,200,255.8,6.0,56.0,0.9,2.7,0.0,0.2,10.0,70.0,20.0,0.8,24.0,90.0,1.0,0.0,0.0,0.0,0.0,0.0,134.0,100.0,Lunch,Vegan;Vegetarian;Gluten Free;Balanced,,True,True,True
CX006596,Brown Coconut White Rice (250G),Rice,Asian,250,319.7,7.5,70.0,1.1,3.4,0.0,0.3,12.5,87.5,25.0,1.0,30.0,112.5,1.2,0.0,0.0,0.0,0.0,0.0,167.5,100.0,Lunch,Vegan;Vegetarian;Gluten Free;Balanced,,True,True,True
CX006601,White Plain White Rice (100G),Rice,Asian,100,127.6,3.0,28.0,0.4,1.1,0.0,0.1,5.0,35.0,10.0,0.4,12.0,45.0,0.5,0.0,0.0,0.0,0.0,0.0,67.0,72.1,Lunch,Vegan;Vegetarian;Gluten Free;Balanced,,True,True,True
CX006602,White Plain White Rice (150G),Rice,Asian,150,191.4,4.5,42.0,0.6,1.7,0.0,0.2,7.5,52.5,15.0,0.6,18.0,67.5,0.8,0.0,0.0,0.0,0.0,0.0,100.5,100.0,Lunch,Vegan;Vegetarian;Gluten Free;Balanced,,True,True,True
CX006603,White Plain White Rice (200G),Rice,Asian,200,255.2,6.0,56.0,0.8,2.3,0.0,0.2,10.0,70.0,20.0,0.8,24.0,90.0,1.0,0.0,0.0,0.0,0.0,0.0,134.0,100.0,Lunch,Vegan;Vegetarian;Gluten Free;Balanced,,True,True,True
CX006604,White Plain White Rice (250G),Rice,Asian,250,319.0,7.5,70.0,1.0,2.8,0.0,0.2,12.5,87.5,25.0,1.0,30.0,112.5,1.2,0.0,0.0,0.0,0.0,0.0,167.5,100.0,Lunch,Vegan;Vegetarian;Gluten Free;Balanced,,True,True,True
CX006605,White Garlic White Rice (100G),Rice,Asian,100,127.6,3.0,28.0,0.4,1.1,0.0,0.1,5.2,35.0,10.0,0.4,12.0,45.0,0.5,0.0,0.0,0.0,0.0,0.0,67.0,72.1,Lunch,Vegan;Vegetarian;Gluten Free;Balanced,,True,True,True
CX006606,White Garlic White Rice (150G),Rice,Asian,150,191.4,4.5,42.0,0.6,1.7,0.0,0.2,7.7,52.5,15.0,0.6,18.0,67.5,0.8,0.0,0.0,0.0,0.0,0.0,100.5,100.0,Lunch,Vegan;Vegetarian;Gluten Free;Balanced,,True,True,True
CX006607,White Garlic White Rice (200G),Rice,Asian,200,255.2,6.0,56.0,0.8,2.3,0.0,0.2,10.3,70.0,20.0,0.8,24.0,90.0,1.0,0.0,0.0,0.0,0.0,0.0,134.0,100.0,Lunch,Vegan;Vegetarian;Gluten Free;Balanced,,True,True,True
CX006608,White Garlic White Rice (250G),Rice,Asian,250,319.0,7.5,70.0,1.0,2.8,0.0,0.2,12.9,87.5,25.0,1.0,30.0,112.5,1.2,0.0,0.0,0.0,0.0,0.0,167.5,100.0,Lunch,Vegan;Vegetarian;Gluten Free;Balanced,,True,True,True
CX006617,White Butter White Rice (100G),Rice,Asian,100,128.2,3.0,28.0,0.5,1.1,0.0,0.1,5.0,35.0,10.0,0.4,12.0,45.0,0.5,0.0,0.0,0.0,0.0,0.0,67.0,72.1,Lunch,Vegan;Vegetarian;Gluten Free;Balanced,,True,True,True
CX006618,White Butter White Rice (150G),Rice,Asian,150,192.4,4.5,42.0,0.7,1.7,0.0,0.2,7.5,52.5,15.0,0.6,18.0,67.5,0.8,0.0,0.0,0.0,0.0,0.0,100.5,100.0,Lunch,Vegan;Vegetarian;Gluten Free;Balanced,,True,True,True
CX006619,White Butter White Rice (200G),Rice,Asian,200,256.5,6.0,56.0,0.9,2.3,0.0,0.2,10.0,70.0,20.0,0.8,24.0,90.0,1.0,0.0,0.0,0.0,0.0,0.0,134.0,100.0,Lunch,Vegan;Vegetarian;Gluten Free;Balanced,,True,True,True
CX006620,White Butter White Rice (250G),Rice,Asian,250,320.6,7.5,70.0,1.2,2.8,0.0,0.3,12.5,87.5,25.0,1.0,30.0,112.5,1.2,0.0,0.0,0.0,0.0,0.0,167.5,100.0,Lunch,Vegan;Vegetarian;Gluten Free;Balanced,,True,True,True
CX006633,White Coconut White Rice (100G),Rice,Asian,100,127.9,3.0,28.0,0.4,1.1,0.0,0.1,5.0,35.0,10.0,0.4,12.0,45.0,0.5,0.0,0.0,0.0,0.0,0.0,67.0,72.1,Lunch,Vegan;Vegetarian;Gluten Free;Balanced,,True,True,True
CX006634,White Coconut White Rice (150G),Rice,Asian,150,191.8,4.5,42.0,0.6,1.7,0.0,0.2,7.5,52.5,15.0,0.6,18.0,67.5,0.8,0.0,0.0,0.0,0.0,0.0,100.5,100.0,Lunch,Vegan;Vegetarian;Gluten Free;Balanced,,True,True,True
CX006635,White Coconut White Rice (200G),Rice,Asian,200,255.8,6.0,56.0,0.9,2.3,0.0,0.2,10.0,70.0,20.0,0.8,24.0,90.0,1.0,0.0,0.0,0.0,0.0,0.0,134.0,100.0,Lunch,Vegan;Vegetarian;Gluten Free;Balanced,,True,True,True
CX006636,White Coconut White Rice (250G),Rice,Asian,250,319.7,7.5,70.0,1.1,2.8,0.0,0.3,12.5,87.5,25.0,1.0,30.0,112.5,1.2,0.0,0.0,0.0,0.0,0.0,167.5,100.0,Lunch,Vegan;Vegetarian;Gluten Free;Balanced,,True,True,True
CX006721,Pilaf Plain White Rice (100G),Rice,Asian,100,127.8,3.0,28.0,0.4,1.2,0.0,0.1,5.0,35.0,10.0,0.4,12.0,45.0,0.5,0.0,0.0,0.0,0.0,0.0,67.0,70.0,Lunch,Vegan;Vegetarian;Gluten Free;Balanced,,True,True,True
CX006722,Pilaf Plain White Rice (150G),Rice,Asian,150,191.7,4.5,42.0,0.6,1.8,0.0,0.2,7.5,52.5,15.0,0.6,18.0,67.5,0.8,0.0,0.0,0.0,0.0,0.0,100.5,100.0,Lunch,Vegan;Vegetarian;Gluten Free;Balanced,,True,True,True
CX006723,Pilaf Plain White Rice (200G),Rice,Asian,200,255.6,6.0,56.0,0.8,2.4,0.0,0.2,10.0,70.0,20.0,0.8,24.0,90.0,1.0,0.0,0.0,0.0,0.0,0.0,134.0,100.0,Lunch,Vegan;Vegetarian;Gluten Free;Balanced,,True,True,True
CX006724,Pilaf Plain White Rice (250G),Rice,Asian,250,319.4,7.5,70.0,1.1,3.0,0.0,0.2,12.5,87.5,25.0,1.0,30.0,112.5,1.2,0.0,0.0,0.0,0.0,0.0,167.5,100.0,Lunch,Vegan;Vegetarian;Gluten Free;Balanced,,True,True,True
CX006725,Pilaf Garlic White Rice (100G),Rice,Asian,100,127.8,3.0,28.0,0.4,1.2,0.0,0.1,5.2,35.0,10.0,0.4,12.0,45.0,0.5,0.0,0.0,0.0,0.0,0.0,67.0,70.0,Lunch,Vegan;Vegetarian;Gluten Free;Balanced,,True,True,True
CX006726,Pilaf Garlic White Rice (150G),Rice,Asian,150,191.7,4.5,42.0,0.6,1.8,0.0,0.2,7.7,52.5,15.0,0.6,18.0,67.5,0.8,0.0,0.0,0.0,0.0,0.0,100.5,100.0,Lunch,Vegan;Vegetarian;Gluten Free;Balanced,,True,True,True
CX006727,Pilaf Garlic White Rice (200G),Rice,Asian,200,255.6,6.0,56.0,0.8,2.4,0.0,0.2,10.3,70.0,20.0,0.8,24.0,90.0,1.0,0.0,0.0,0.0,0.0,0.0,134.0,100.0,Lunch,Vegan;Vegetarian;Gluten Free;Balanced,,True,True,True
CX006728,Pilaf Garlic White Rice (250G),Rice,Asian,250,319.4,7.5,70.0,1.1,3.0,0.0,0.2,12.9,87.5,25.0,1.0,30.0,112.5,1.2,0.0,0.0,0.0,0.0,0.0,167.5,100.0,Lunch,Vegan;Vegetarian;Gluten Free;Balanced,,True,True,True
CX006730,Pilaf Vegetable White Rice (150G),Rice,Asian,150,191.7,4.5,42.0,0.6,1.9,0.0,0.2,7.5,52.5,15.0,0.6,18.0,67.5,0.8,0.0,0.0,0.0,0.0,0.0,100.5,100.0,Lunch,Vegan;Vegetarian;Gluten Free;Balanced,,True,True,True
CX006731,Pilaf Vegetable White Rice (200G),Rice,Asian,200,255.6,6.0,56.0,0.8,2.5,0.0,0.2,10.0,70.0,20.0,0.8,24.0,90.0,1.0,0.0,0.0,0.0,0.0,0.0,134.0,100.0,Lunch,Vegan;Vegetarian;Gluten Free;Balanced,,True,True,True
CX006732,Pilaf Vegetable White Rice (250G),Rice,Asian,250,319.4,7.5,70.0,1.1,3.1,0.0,0.2,12.5,87.5,25.0,1.0,30.0,112.5,1.2,0.0,0.0,0.0,0.0,0.0,167.5,100.0,Lunch,Vegan;Vegetarian;Gluten Free;Balanced,,True,True,True
CX006737,Pilaf Butter White Rice (100G),Rice,Asian,100,128.5,3.0,28.0,0.5,1.2,0.0,0.1,5.0,35.0,10.0,0.4,12.0,45.0,0.5,0.0,0.0,0.0,0.0,0.0,67.0,70.0,Lunch,Vegan;Vegetarian;Gluten Free;Balanced,,True,True,True
CX006738,Pilaf Butter White Rice (150G),Rice,Asian,150,192.7,4.5,42.0,0.7,1.8,0.0,0.2,7.5,52.5,15.0,0.6,18.0,67.5,0.8,0.0,0.0,0.0,0.0,0.0,100.5,100.0,Lunch,Vegan;Vegetarian;Gluten Free;Balanced,,True,True,True
CX006739,Pilaf Butter White Rice (200G),Rice,Asian,200,256.9,6.0,56.0,1.0,2.4,0.0,0.2,10.0,70.0,20.0,0.8,24.0,90.0,1.0,0.0,0.0,0.0,0.0,0.0,134.0,100.0,Lunch,Vegan;Vegetarian;Gluten Free;Balanced,,True,True,True
CX006740,Pilaf Butter White Rice (250G),Rice,Asian,250,321.2,7.5,70.0,1.2,3.0,0.0,0.3,12.5,87.5,25.0,1.0,30.0,112.5,1.2,0.0,0.0,0.0,0.0,0.0,167.5,100.0,Lunch,Vegan;Vegetarian;Gluten Free;Balanced,,True,True,True
CX006753,Pilaf Coconut White Rice (100G),Rice,Asian,100,128.1,3.0,28.0,0.5,1.2,0.0,0.1,5.0,35.0,10.0,0.4,12.0,45.0,0.5,0.0,0.0,0.0,0.0,0.0,67.0,70.0,Lunch,Vegan;Vegetarian;Gluten Free;Balanced,,True,True,True
CX006755,Pilaf Coconut White Rice (200G),Rice,Asian,200,256.2,6.0,56.0,0.9,2.4,0.0,0.2,10.0,70.0,20.0,0.8,24.0,90.0,1.0,0.0,0.0,0.0,0.0,0.0,134.0,100.0,Lunch,Vegan;Vegetarian;Gluten Free;Balanced,,True,True,True
CX006756,Pilaf Coconut White Rice (250G),Rice,Asian,250,320.2,7.5,70.0,1.1,3.0,0.0,0.3,12.5,87.5,25.0,1.0,30.0,112.5,1.2,0.0,0.0,0.0,0.0,0.0,167.5,100.0,Lunch,Vegan;Vegetarian;Gluten Free;Balanced,,True,True,True
CX006765,Whole Grain Garlic White Rice (100G),Rice,Asian,100,127.6,3.0,28.0,0.4,1.4,0.0,0.1,5.2,35.0,10.0,0.4,12.0,45.0,0.5,0.0,0.0,0.0,0.0,0.0,67.0,61.6,Lunch,Vegan;Vegetarian;Gluten Free;Balanced,,True,True,True
CX006766,Whole Grain Garlic White Rice (150G),Rice,Asian,150,191.4,4.5,42.0,0.6,2.1,0.0,0.2,7.7,52.5,15.0,0.6,18.0,67.5,0.8,0.0,0.0,0.0,0.0,0.0,100.5,92.4,Lunch,Vegan;Vegetarian;Gluten Free;Balanced,,True,True,True
CX006767,Whole Grain Garlic White Rice (200G),Rice,Asian,200,255.2,6.0,56.0,0.8,2.8,0.0,0.2,10.3,70.0,20.0,0.8,24.0,90.0,1.0,0.0,0.0,0.0,0.0,0.0,134.0,100.0,Lunch,Vegan;Vegetarian;Gluten Free;Balanced,,True,True,True
CX006770,Whole Grain Vegetable White Rice (150G),Rice,Asian,150,191.4,4.5,42.0,0.6,2.2,0.0,0.2,7.5,52.5,15.0,0.6,18.0,67.5,0.8,0.0,0.0,0.0,0.0,0.0,100.5,92.4,Lunch,Vegan;Vegetarian;Gluten Free;Balanced,,True,True,True
CX006771,Whole Grain Vegetable White Rice (200G),Rice,Asian,200,255.2,6.0,56.0,0.8,2.9,0.0,0.2,10.0,70.0,20.0,0.8,24.0,90.0,1.0,0.0,0.0,0.0,0.0,0.0,134.0,100.0,Lunch,Vegan;Vegetarian;Gluten Free;Balanced,,True,True,True
CX006772,Whole Grain Vegetable White Rice (250G),Rice,Asian,250,319.0,7.5,70.0,1.0,3.6,0.0,0.2,12.5,87.5,25.0,1.0,30.0,112.5,1.2,0.0,0.0,0.0,0.0,0.0,167.5,100.0,Lunch,Vegan;Vegetarian;Gluten Free;Balanced,,True,True,True
CX006777,Whole Grain Butter White Rice (100G),Rice,Asian,100,128.2,3.0,28.0,0.5,1.4,0.0,0.1,5.0,35.0,10.0,0.4,12.0,45.0,0.5,0.0,0.0,0.0,0.0,0.0,67.0,61.6,Lunch,Vegan;Vegetarian;Gluten Free;Balanced,,True,True,True
CX006778,Whole Grain Butter White Rice (150G),Rice,Asian,150,192.4,4.5,42.0,0.7,2.1,0.0,0.2,7.5,52.5,15.0,0.6,18.0,67.5,0.8,0.0,0.0,0.0,0.0,0.0,100.5,92.4,Lunch,Vegan;Vegetarian;Gluten Free;Balanced,,True,True,True
CX006779,Whole Grain Butter White Rice (200G),Rice,Asian,200,256.5,6.0,56.0,0.9,2.8,0.0,0.2,10.0,70.0,20.0,0.8,24.0,90.0,1.0,0.0,0.0,0.0,0.0,0.0,134.0,100.0,Lunch,Vegan;Vegetarian;Gluten Free;Balanced,,True,True,True
CX006793,Whole Grain Coconut White Rice (100G),Rice,Asian,100,127.9,3.0,28.0,0.4,1.4,0.0,0.1,5.0,35.0,10.0,0.4,12.0,45.0,0.5,0.0,0.0,0.0,0.0,0.0,67.0,61.6,Lunch,Vegan;Vegetarian;Gluten Free;Balanced,,True,True,True
CX006794,Whole Grain Coconut White Rice (150G),Rice,Asian,150,191.8,4.5,42.0,0.6,2.1,0.0,0.2,7.5,52.5,15.0,0.6,18.0,67.5,0.8,0.0,0.0,0.0,0.0,0.0,100.5,92.4,Lunch,Vegan;Vegetarian;Gluten Free;Balanced,,True,True,True
CX006795,Whole Grain Coconut White Rice (200G),Rice,Asian,200,255.8,6.0,56.0,0.9,2.8,0.0,0.2,10.0,70.0,20.0,0.8,24.0,90.0,1.0,0.0,0.0,0.0,0.0,0.0,134.0,100.0,Lunch,Vegan;Vegetarian;Gluten Free;Balanced,,True,True,True
CX008001,Oatmeal Pancakes Oats (100G),Breakfast,Global,100,201.5,6.0,32.0,5.5,3.5,0.0,1.4,260.0,140.0,55.0,1.7,30.0,90.0,0.8,35.0,2.0,0.1,0.3,20.0,45.0,65.0,Breakfast,Vegetarian;High Fiber;Balanced,Gluten;Milk;Eggs,False,True,True
CX008002,Oatmeal Pancakes Oats (150G),Breakfast,Global,150,302.2,9.0,48.0,8.2,5.2,0.0,2.1,390.0,210.0,82.5,2.5,45.0,135.0,1.2,52.5,3.0,0.2,0.4,30.0,67.5,97.5,Breakfast,Vegetarian;High Fiber;Balanced,Gluten;Milk;Eggs,False,True,True
CX008003,Oatmeal Pancakes Oats (200G),Breakfast,Global,200,403.0,12.0,64.0,11.0,7.0,0.0,2.8,520.0,280.0,110.0,3.4,60.0,180.0,1.6,70.0,4.0,0.2,0.6,40.0,90.0,100.0,Breakfast,Vegetarian;High Fiber;Balanced,Gluten;Milk;Eggs,False,True,True
CX008004,Oatmeal Pancakes Oats (250G),Breakfast,Global,250,503.8,15.0,80.0,13.8,8.8,0.0,3.5,650.0,350.0,137.5,4.2,75.0,225.0,2.0,87.5,5.0,0.2,0.8,50.0,112.5,100.0,Breakfast,Vegetarian;High Fiber;Balanced,Gluten;Milk;Eggs,False,True,True
CX008241,Whole Grain Pancakes Oats (100G),Breakfast,Global,100,201.5,6.0,32.0,5.5,4.0,0.0,1.4,260.0,140.0,55.0,1.7,30.0,90.0,0.8,35.0,2.0,0.1,0.3,20.0,45.0,57.2,Breakfast,Vegetarian;High Fiber;Balanced,Gluten;Milk;Eggs,False,True,True
CX008242,Whole Grain Pancakes Oats (150G),Breakfast,Global,150,302.2,9.0,48.0,8.2,6.0,0.0,2.1,390.0,210.0,82.5,2.5,45.0,135.0,1.2,52.5,3.0,0.2,0.4,30.0,67.5,85.8,Breakfast,Vegetarian;High Fiber;Balanced,Gluten;Milk;Eggs,False,True,True
CX008243,Whole Grain Pancakes Oats (200G),Breakfast,Global,200,403.0,12.0,64.0,11.0,8.0,0.0,2.8,520.0,280.0,110.0,3.4,60.0,180.0,1.6,70.0,4.0,0.2,0.6,40.0,90.0,100.0,Breakfast,Vegetarian;High Fiber;Balanced,Gluten;Milk;Eggs,False,True,True
CX008244,Whole Grain Pancakes Oats (250G),Breakfast,Global,250,503.8,15.0,80.0,13.8,10.1,0.0,3.5,650.0,350.0,137.5,4.2,75.0,225.0,2.0,87.5,5.0,0.2,0.8,50.0,112.5,100.0,Breakfast,Vegetarian;High Fiber;Balanced,Gluten;Milk;Eggs,False,True,True
CX009601,Toasted Loaf Whole Wheat Bread (100G),Bread,American,100,258.0,8.5,47.0,4.0,3.0,0.0,0.8,450.0,110.0,120.0,3.0,28.0,85.0,1.0,0.0,0.0,0.0,0.0,0.0,32.6,70.0,Breakfast,Vegetarian;High Fiber;Balanced,Gluten,True,True,True
CX009602,Toasted Loaf Whole Wheat Bread (150G),Bread,American,150,387.0,12.8,70.5,6.0,4.5,0.0,1.2,675.0,165.0,180.0,4.5,42.0,127.5,1.5,0.0,0.0,0.0,0.0,0.0,48.8,100.0,Breakfast,Vegetarian;High Fiber;Balanced,Gluten,True,True,True
CX009603,Toasted Loaf Whole Wheat Bread (200G),Bread,American,200,516.0,17.0,94.0,8.0,6.0,0.0,1.6,900.0,220.0,240.0,6.0,56.0,170.0,2.0,0.0,0.0,0.0,0.0,0.0,65.1,100.0,Breakfast,Vegetarian;High Fiber;Balanced,Gluten,True,True,True
CX009604,Toasted Loaf Whole Wheat Bread (250G),Bread,American,250,645.0,21.2,117.5,10.0,7.5,0.0,2.0,1125.0,275.0,300.0,7.5,70.0,212.5,2.5,0.0,0.0,0.0,0.0,0.0,81.4,100.0,Breakfast,Vegetarian;High Fiber;Balanced,Gluten,True,True,True
CX009621,Toasted Bagel Whole Wheat Bread (100G),Bread,American,100,263.6,8.5,48.4,4.0,3.0,0.0,0.8,450.0,110.0,120.0,3.0,28.0,85.0,1.0,0.0,0.0,0.0,0.0,0.0,32.6,70.0,Breakfast,Vegetarian;High Fiber;Balanced,Gluten,True,True,True
CX009622,Toasted Bagel Whole Wheat Bread (150G),Bread,American,150,395.5,12.8,72.6,6.0,4.5,0.0,1.2,675.0,165.0,180.0,4.5,42.0,127.5,1.5,0.0,0.0,0.0,0.0,0.0,48.8,100.0,Breakfast,Vegetarian;High Fiber;Balanced,Gluten,True,True,True
CX009623,Toasted Bagel Whole Wheat Bread (200G),Bread,American,200,527.3,17.0,96.8,8.0,6.0,0.0,1.6,900.0,220.0,240.0,6.0,56.0,170.0,2.0,0.0,0.0,0.0,0.0,0.0,65.1,100.0,Breakfast,Vegetarian;High Fiber;Balanced,Gluten,True,True,True
CX009624,Toasted Bagel Whole Wheat Bread (250G),Bread,American,250,659.1,21.2,121.0,10.0,7.5,0.0,2.0,1125.0,275.0,300.0,7.5,70.0,212.5,2.5,0.0,0.0,0.0,0.0,0.0,81.4,100.0,Breakfast,Vegetarian;High Fiber;Balanced,Gluten,True,True,True
CX009629,Toasted Wrap Whole Wheat Bread (100G),Bread,American,100,261.8,8.5,47.9,4.0,3.0,0.0,0.8,450.0,110.0,120.0,3.0,28.0,85.0,1.0,0.0,0.0,0.0,0.0,0.0,32.6,70.0,Breakfast,Vegetarian;High Fiber;Balanced,Gluten,True,True,True
CX009630,Toasted Wrap Whole Wheat Bread (150G),Bread,American,150,392.6,12.8,71.9,6.0,4.5,0.0,1.2,675.0,165.0,180.0,4.5,42.0,127.5,1.5,0.0,0.0,0.0,0.0,0.0,48.8,100.0,Breakfast,Vegetarian;High Fiber;Balanced,Gluten,True,True,True
CX009631,Toasted Wrap Whole Wheat Bread (200G),Bread,American,200,523.5,17.0,95.9,8.0,6.0,0.0,1.6,900.0,220.0,240.0,6.0,56.0,170.0,2.0,0.0,0.0,0.0,0.0,0.0,65.1,100.0,Breakfast,Vegetarian;High Fiber;Balanced,Gluten,True,True,True
CX009632,Toasted Wrap Whole Wheat Bread (250G),Bread,American,250,654.4,21.2,119.9,10.0,7.5,0.0,2.0,1125.0,275.0,300.0,7.5,70.0,212.5,2.5,0.0,0.0,0.0,0.0,0.0,81.4,100.0,Breakfast,Vegetarian;High Fiber;Balanced,Gluten,True,True,True
CX009681,Multigrain Loaf Whole Wheat Bread (100G),Bread,American,100,258.0,8.5,47.0,4.0,3.5,0.0,0.8,450.0,110.0,120.0,3.0,28.0,85.0,1.0,0.0,0.0,0.0,0.0,0.0,35.0,63.0,Breakfast,Vegetarian;High Fiber;Balanced,Gluten,True,True,True
CX009682,Multigrain Loaf Whole Wheat Bread (150G),Bread,American,150,387.0,12.8,70.5,6.0,5.2,0.0,1.2,675.0,165.0,180.0,4.5,42.0,127.5,1.5,0.0,0.0,0.0,0.0,0.0,52.5,94.5,Breakfast,Vegetarian;High Fiber;Balanced,Gluten,True,True,True
CX009683,Multigrain Loaf Whole Wheat Bread (200G),Bread,American,200,516.0,17.0,94.0,8.0,7.0,0.0,1.6,900.0,220.0,240.0,6.0,56.0,170.0,2.0,0.0,0.0,0.0,0.0,0.0,70.0,100.0,Breakfast,Vegetarian;High Fiber;Balanced,Gluten,True,True,True
CX009684,Multigrain Loaf Whole Wheat Bread (250G),Bread,American,250,645.0,21.2,117.5,10.0,8.7,0.0,2.0,1125.0,275.0,300.0,7.5,70.0,212.5,2.5,0.0,0.0,0.0,0.0,0.0,87.5,100.0,Breakfast,Vegetarian;High Fiber;Balanced,Gluten,True,True,True
CX009701,Multigrain Bagel Whole Wheat Bread (100G),Bread,American,100,263.6,8.5,48.4,4.0,3.5,0.0,0.8,450.0,110.0,120.0,3.0,28.0,85.0,1.0,0.0,0.0,0.0,0.0,0.0,35.0,63.0,Breakfast,Vegetarian;High Fiber;Balanced,Gluten,True,True,True
CX009702,Multigrain Bagel Whole Wheat Bread (150G),Bread,American,150,395.5,12.8,72.6,6.0,5.2,0.0,1.2,675.0,165.0,180.0,4.5,42.0,127.5,1.5,0.0,0.0,0.0,0.0,0.0,52.5,94.5,Breakfast,Vegetarian;High Fiber;Balanced,Gluten,True,True,True
CX009703,Multigrain Bagel Whole Wheat Bread (200G),Bread,American,200,527.3,17.0,96.8,8.0,7.0,0.0,1.6,900.0,220.0,240.0,6.0,56.0,170.0,2.0,0.0,0.0,0.0,0.0,0.0,70.0,100.0,Breakfast,Vegetarian;High Fiber;Balanced,Gluten,True,True,True
CX009704,Multigrain Bagel Whole Wheat Bread (250G),Bread,American,250,659.1,21.2,121.0,10.0,8.7,0.0,2.0,1125.0,275.0,300.0,7.5,70.0,212.5,2.5,0.0,0.0,0.0,0.0,0.0,87.5,100.0,Breakfast,Vegetarian;High Fiber;Balanced,Gluten,True,True,True
CX009709,Multigrain Wrap Whole Wheat Bread (100G),Bread,American,100,261.8,8.5,47.9,4.0,3.5,0.0,0.8,450.0,110.0,120.0,3.0,28.0,85.0,1.0,0.0,0.0,0.0,0.0,0.0,35.0,63.0,Breakfast,Vegetarian;High Fiber;Balanced,Gluten,True,True,True
CX009710,Multigrain Wrap Whole Wheat Bread (150G),Bread,American,150,392.6,12.8,71.9,6.0,5.2,0.0,1.2,675.0,165.0,180.0,4.5,42.0,127.5,1.5,0.0,0.0,0.0,0.0,0.0,52.5,94.5,Breakfast,Vegetarian;High Fiber;Balanced,Gluten,True,True,True
CX009711,Multigrain Wrap Whole Wheat Bread (200G),Bread,American,200,523.5,17.0,95.9,8.0,7.0,0.0,1.6,900.0,220.0,240.0,6.0,56.0,170.0,2.0,0.0,0.0,0.0,0.0,0.0,70.0,100.0,Breakfast,Vegetarian;High Fiber;Balanced,Gluten,True,True,True
CX009712,Multigrain Wrap Whole Wheat Bread (250G),Bread,American,250,654.4,21.2,119.9,10.0,8.7,0.0,2.0,1125.0,275.0,300.0,7.5,70.0,212.5,2.5,0.0,0.0,0.0,0.0,0.0,87.5,100.0,Breakfast,Vegetarian;High Fiber;Balanced,Gluten,True,True,True
CX009761,Seeded Loaf Whole Wheat Bread (100G),Bread,American,100,259.1,8.5,47.0,4.1,3.2,0.0,0.8,450.0,110.0,120.0,3.0,28.0,85.0,1.0,0.0,0.0,0.0,0.0,0.0,35.0,70.0,Breakfast,Vegetarian;High Fiber;Balanced,Gluten,True,True,True
CX009762,Seeded Loaf Whole Wheat Bread (150G),Bread,American,150,388.6,12.8,70.5,6.2,4.9,0.0,1.2,675.0,165.0,180.0,4.5,42.0,127.5,1.5,0.0,0.0,0.0,0.0,0.0,52.5,100.0,Breakfast,Vegetarian;High Fiber;Balanced,Gluten,True,True,True
CX009763,Seeded Loaf Whole Wheat Bread (200G),Bread,American,200,518.2,17.0,94.0,8.2,6.5,0.0,1.6,900.0,220.0,240.0,6.0,56.0,170.0,2.0,0.0,0.0,0.0,0.0,0.0,70.0,100.0,Breakfast,Vegetarian;High Fiber;Balanced,Gluten,True,True,True
CX009764,Seeded Loaf Whole Wheat Bread (250G),Bread,American,250,647.7,21.2,117.5,10.3,8.1,0.0,2.0,1125.0,275.0,300.0,7.5,70.0,212.5,2.5,0.0,0.0,0.0,0.0,0.0,87.5,100.0,Breakfast,Vegetarian;High Fiber;Balanced,Gluten,True,True,True
CX009781,Seeded Bagel Whole Wheat Bread (100G),Bread,American,100,264.7,8.5,48.4,4.1,3.2,0.0,0.8,450.0,110.0,120.0,3.0,28.0,85.0,1.0,0.0,0.0,0.0,0.0,0.0,35.0,70.0,Breakfast,Vegetarian;High Fiber;Balanced,Gluten,True,True,True
CX009782,Seeded Bagel Whole Wheat Bread (150G),Bread,American,150,397.1,12.8,72.6,6.2,4.9,0.0,1.2,675.0,165.0,180.0,4.5,42.0,127.5,1.5,0.0,0.0,0.0,0.0,0.0,52.5,100.0,Breakfast,Vegetarian;High Fiber;Balanced,Gluten,True,True,True
CX009783,Seeded Bagel Whole Wheat Bread (200G),Bread,American,200,529.4,17.0,96.8,8.2,6.5,0.0,1.6,900.0,220.0,240.0,6.0,56.0,170.0,2.0,0.0,0.0,0.0,0.0,0.0,70.0,100.0,Breakfast,Vegetarian;High Fiber;Balanced,Gluten,True,True,True
CX009784,Seeded Bagel Whole Wheat Bread (250G),Bread,American,250,661.8,21.2,121.0,10.3,8.1,0.0,2.0,1125.0,275.0,300.0,7.5,70.0,212.5,2.5,0.0,0.0,0.0,0.0,0.0,87.5,100.0,Breakfast,Vegetarian;High Fiber;Balanced,Gluten,True,True,True
CX009789,Seeded Wrap Whole Wheat Bread (100G),Bread,American,100,262.8,8.5,47.9,4.1,3.2,0.0,0.8,450.0,110.0,120.0,3.0,28.0,85.0,1.0,0.0,0.0,0.0,0.0,0.0,35.0,70.0,Breakfast,Vegetarian;High Fiber;Balanced,Gluten,True,True,True
CX009790,Seeded Wrap Whole Wheat Bread (150G),Bread,American,150,394.3,12.8,71.9,6.2,4.9,0.0,1.2,675.0,165.0,180.0,4.5,42.0,127.5,1.5,0.0,0.0,0.0,0.0,0.0,52.5,100.0,Breakfast,Vegetarian;High Fiber;Balanced,Gluten,True,True,True
CX009791,Seeded Wrap Whole Wheat Bread (200G),Bread,American,200,525.7,17.0,95.9,8.2,6.5,0.0,1.6,900.0,220.0,240.0,6.0,56.0,170.0,2.0,0.0,0.0,0.0,0.0,0.0,70.0,100.0,Breakfast,Vegetarian;High Fiber;Balanced,Gluten,True,True,True
CX009792,Seeded Wrap Whole Wheat Bread (250G),Bread,American,250,657.1,21.2,119.9,10.3,8.1,0.0,2.0,1125.0,275.0,300.0,7.5,70.0,212.5,2.5,0.0,0.0,0.0,0.0,0.0,87.5,100.0,Breakfast,Vegetarian;High Fiber;Balanced,Gluten,True,True,True
CX009801,Garlic Loaf Whole Wheat Bread (100G),Bread,American,100,258.0,8.5,47.0,4.0,3.0,0.0,0.8,463.5,110.0,120.0,3.0,28.0,85.0,1.0,0.0,0.0,0.0,0.0,0.0,35.0,70.0,Breakfast,Vegetarian;High Fiber;Balanced,Gluten,True,True,True
CX009802,Garlic Loaf Whole Wheat Bread (150G),Bread,American,150,387.0,12.8,70.5,6.0,4.5,0.0,1.2,695.2,165.0,180.0,4.5,42.0,127.5,1.5,0.0,0.0,0.0,0.0,0.0,52.5,100.0,Breakfast,Vegetarian;High Fiber;Balanced,Gluten,True,True,True
CX009803,Garlic Loaf Whole Wheat Bread (200G),Bread,American,200,516.0,17.0,94.0,8.0,6.0,0.0,1.6,927.0,220.0,240.0,6.0,56.0,170.0,2.0,0.0,0.0,0.0,0.0,0.0,70.0,100.0,Breakfast,Vegetarian;High Fiber;Balanced,Gluten,True,True,True
CX009804,Garlic Loaf Whole Wheat Bread (250G),Bread,American,250,645.0,21.2,117.5,10.0,7.5,0.0,2.0,1158.8,275.0,300.0,7.5,70.0,212.5,2.5,0.0,0.0,0.0,0.0,0.0,87.5,100.0,Breakfast,Vegetarian;High Fiber;Balanced,Gluten,True,True,True
CX009821,Garlic Bagel Whole Wheat Bread (100G),Bread,American,100,263.6,8.5,48.4,4.0,3.0,0.0,0.8,463.5,110.0,120.0,3.0,28.0,85.0,1.0,0.0,0.0,0.0,0.0,0.0,35.0,70.0,Breakfast,Vegetarian;High Fiber;Balanced,Gluten,True,True,True
CX009822,Garlic Bagel Whole Wheat Bread (150G),Bread,American,150,395.5,12.8,72.6,6.0,4.5,0.0,1.2,695.2,165.0,180.0,4.5,42.0,127.5,1.5,0.0,0.0,0.0,0.0,0.0,52.5,100.0,Breakfast,Vegetarian;High Fiber;Balanced,Gluten,True,True,True
CX009823,Garlic Bagel Whole Wheat Bread (200G),Bread,American,200,527.3,17.0,96.8,8.0,6.0,0.0,1.6,927.0,220.0,240.0,6.0,56.0,170.0,2.0,0.0,0.0,0.0,0.0,0.0,70.0,100.0,Breakfast,Vegetarian;High Fiber;Balanced,Gluten,True,True,True
CX009824,Garlic Bagel Whole Wheat Bread (250G),Bread,American,250,659.1,21.2,121.0,10.0,7.5,0.0,2.0,1158.8,275.0,300.0,7.5,70.0,212.5,2.5,0.0,0.0,0.0,0.0,0.0,87.5,100.0,Breakfast,Vegetarian;High Fiber;Balanced,Gluten,True,True,True
CX009829,Garlic Wrap Whole Wheat Bread (100G),Bread,American,100,261.8,8.5,47.9,4.0,3.0,0.0,0.8,463.5,110.0,120.0,3.0,28.0,85.0,1.0,0.0,0.0,0.0,0.0,0.0,35.0,70.0,Breakfast,Vegetarian;High Fiber;Balanced,Gluten,True,True,True
CX009830,Garlic Wrap Whole Wheat Bread (150G),Bread,American,150,392.6,12.8,71.9,6.0,4.5,0.0,1.2,695.2,165.0,180.0,4.5,42.0,127.5,1.5,0.0,0.0,0.0,0.0,0.0,52.5,100.0,Breakfast,Vegetarian;High Fiber;Balanced,Gluten,True,True,True
CX009831,Garlic Wrap Whole Wheat Bread (200G),Bread,American,200,523.5,17.0,95.9,8.0,6.0,0.0,1.6,927.0,220.0,240.0,6.0,56.0,170.0,2.0,0.0,0.0,0.0,0.0,0.0,70.0,100.0,Breakfast,Vegetarian;High Fiber;Balanced,Gluten,True,True,True
CX009832,Garlic Wrap Whole Wheat Bread (250G),Bread,American,250,654.4,21.2,119.9,10.0,7.5,0.0,2.0,1158.8,275.0,300.0,7.5,70.0,212.5,2.5,0.0,0.0,0.0,0.0,0.0,87.5,100.0,Breakfast,Vegetarian;High Fiber;Balanced,Gluten,True,True,True
CX009841,Buttered Loaf Whole Wheat Bread (100G),Bread,American,100,263.8,8.5,47.0,4.6,3.0,0.0,0.8,450.0,110.0,120.0,3.0,28.0,85.0,1.0,0.0,0.0,0.0,0.0,0.0,35.0,70.0,Breakfast,Vegetarian;High Fiber;Balanced,Gluten,True,True,True
CX009842,Buttered Loaf Whole Wheat Bread (150G),Bread,American,150,395.6,12.8,70.5,7.0,4.5,0.0,1.2,675.0,165.0,180.0,4.5,42.0,127.5,1.5,0.0,0.0,0.0,0.0,0.0,52.5,100.0,Breakfast,Vegetarian;High Fiber;Balanced,Gluten,True,True,True
CX009843,Buttered Loaf Whole Wheat Bread (200G),Bread,American,200,527.5,17.0,94.0,9.3,6.0,0.0,1.6,900.0,220.0,240.0,6.0,56.0,170.0,2.0,0.0,0.0,0.0,0.0,0.0,70.0,100.0,Breakfast,Vegetarian;High Fiber;Balanced,Gluten,True,True,True
CX009844,Buttered Loaf Whole Wheat Bread (250G),Bread,American,250,659.4,21.2,117.5,11.6,7.5,0.0,2.0,1125.0,275.0,300.0,7.5,70.0,212.5,2.5,0.0,0.0,0.0,0.0,0.0,87.5,100.0,Breakfast,Vegetarian;High Fiber;Balanced,Gluten,True,True,True
CX009861,Buttered Bagel Whole Wheat Bread (100G),Bread,American,100,269.4,8.5,48.4,4.6,3.0,0.0,0.8,450.0,110.0,120.0,3.0,28.0,85.0,1.0,0.0,0.0,0.0,0.0,0.0,35.0,70.0,Breakfast,Vegetarian;High Fiber;Balanced,Gluten,True,True,True
CX009862,Buttered Bagel Whole Wheat Bread (150G),Bread,American,150,404.1,12.8,72.6,7.0,4.5,0.0,1.2,675.0,165.0,180.0,4.5,42.0,127.5,1.5,0.0,0.0,0.0,0.0,0.0,52.5,100.0,Breakfast,Vegetarian;High Fiber;Balanced,Gluten,True,True,True
CX009863,Buttered Bagel Whole Wheat Bread (200G),Bread,American,200,538.8,17.0,96.8,9.3,6.0,0.0,1.6,900.0,220.0,240.0,6.0,56.0,170.0,2.0,0.0,0.0,0.0,0.0,0.0,70.0,100.0,Breakfast,Vegetarian;High Fiber;Balanced,Gluten,True,True,True
CX009864,Buttered Bagel Whole Wheat Bread (250G),Bread,American,250,673.5,21.2,121.0,11.6,7.5,0.0,2.0,1125.0,275.0,300.0,7.5,70.0,212.5,2.5,0.0,0.0,0.0,0.0,0.0,87.5,100.0,Breakfast,Vegetarian;High Fiber;Balanced,Gluten,True,True,True
CX009869,Buttered Wrap Whole Wheat Bread (100G),Bread,American,100,267.5,8.5,47.9,4.6,3.0,0.0,0.8,450.0,110.0,120.0,3.0,28.0,85.0,1.0,0.0,0.0,0.0,0.0,0.0,35.0,70.0,Breakfast,Vegetarian;High Fiber;Balanced,Gluten,True,True,True
CX009870,Buttered Wrap Whole Wheat Bread (150G),Bread,American,150,401.3,12.8,71.9,7.0,4.5,0.0,1.2,675.0,165.0,180.0,4.5,42.0,127.5,1.5,0.0,0.0,0.0,0.0,0.0,52.5,100.0,Breakfast,Vegetarian;High Fiber;Balanced,Gluten,True,True,True
CX009871,Buttered Wrap Whole Wheat Bread (200G),Bread,American,200,535.0,17.0,95.9,9.3,6.0,0.0,1.6,900.0,220.0,240.0,6.0,56.0,170.0,2.0,0.0,0.0,0.0,0.0,0.0,70.0,100.0,Breakfast,Vegetarian;High Fiber;Balanced,Gluten,True,True,True
CX009872,Buttered Wrap Whole Wheat Bread (250G),Bread,American,250,668.8,21.2,119.9,11.6,7.5,0.0,2.0,1125.0,275.0,300.0,7.5,70.0,212.5,2.5,0.0,0.0,0.0,0.0,0.0,87.5,100.0,Breakfast,Vegetarian;High Fiber;Balanced,Gluten,True,True,True
CX010801,Glazed Croissant (100G),Bakery,French,100,382.0,5.5,45.0,20.0,1.8,0.0,8.0,350.0,80.0,60.0,2.2,18.0,75.0,0.7,25.0,0.0,0.0,0.2,45.0,20.0,75.0,Snack,Vegetarian;Balanced,Gluten;Milk;Eggs,False,True,True
CX010802,Glazed Croissant (150G),Bakery,French,150,573.0,8.2,67.5,30.0,2.7,0.0,12.0,525.0,120.0,90.0,3.3,27.0,112.5,1.0,37.5,0.0,0.0,0.3,67.5,30.0,100.0,Snack,Vegetarian;Balanced,Gluten;Milk;Eggs,False,True,True
CX010803,Glazed Croissant (200G),Bakery,French,200,764.0,11.0,90.0,40.0,3.6,0.0,16.0,700.0,160.0,120.0,4.4,36.0,150.0,1.4,50.0,0.0,0.0,0.4,90.0,40.0,100.0,Snack,Vegetarian;Balanced,Gluten;Milk;Eggs,False,True,True
CX010804,Glazed Croissant (250G),Bakery,French,250,955.0,13.8,112.5,50.0,4.5,0.0,20.0,875.0,200.0,150.0,5.5,45.0,187.5,1.8,62.5,0.0,0.0,0.5,112.5,50.0,100.0,Snack,Vegetarian;Balanced,Gluten;Milk;Eggs,False,True,True
CX010881,Butter Croissant (100G),Bakery,French,100,414.4,5.5,45.0,23.6,1.8,0.0,9.8,350.0,80.0,60.0,2.2,18.0,75.0,0.7,25.0,0.0,0.0,0.2,45.0,20.0,75.0,Snack,Vegetarian;Balanced,Gluten;Milk;Eggs,False,True,True
CX010882,Butter Croissant (150G),Bakery,French,150,621.6,8.2,67.5,35.4,2.7,0.0,14.6,525.0,120.0,90.0,3.3,27.0,112.5,1.0,37.5,0.0,0.0,0.3,67.5,30.0,100.0,Snack,Vegetarian;Balanced,Gluten;Milk;Eggs,False,True,True
CX010883,Butter Croissant (200G),Bakery,French,200,828.8,11.0,90.0,47.2,3.6,0.0,19.5,700.0,160.0,120.0,4.4,36.0,150.0,1.4,50.0,0.0,0.0,0.4,90.0,40.0,100.0,Snack,Vegetarian;Balanced,Gluten;Milk;Eggs,False,True,True
CX010884,Butter Croissant (250G),Bakery,French,250,1036.0,13.8,112.5,59.0,4.5,0.0,24.4,875.0,200.0,150.0,5.5,45.0,187.5,1.8,62.5,0.0,0.0,0.5,112.5,50.0,100.0,Snack,Vegetarian;Balanced,Gluten;Milk;Eggs,False,True,True
CX012001,Grilled Garlic Chicken Breast (100G),Chicken,American,100,160.0,31.0,0.0,4.0,0.0,0.0,1.0,72.1,256.0,15.0,1.0,29.0,220.0,1.0,15.0,0.0,0.1,0.3,85.0,60.5,0.0,Lunch,High Protein;Low Carb;Keto;Gluten Free,,False,False,True
CX012002,Grilled Garlic Chicken Breast (150G),Chicken,American,150,240.0,46.5,0.0,6.0,0.0,0.0,1.5,108.2,384.0,22.5,1.5,43.5,330.0,1.5,22.5,0.0,0.2,0.4,127.5,90.7,0.0,Lunch,High Protein;Low Carb;Keto;Gluten Free,,False,False,True
CX012003,Grilled Garlic Chicken Breast (200G),Chicken,American,200,320.0,62.0,0.0,8.0,0.0,0.0,2.0,144.2,512.0,30.0,2.0,58.0,440.0,2.0,30.0,0.0,0.2,0.6,170.0,120.9,0.0,Lunch,High Protein;Low Carb;Keto;Gluten Free,,False,False,True
CX012004,Grilled Garlic Chicken Breast (250G),Chicken,American,250,400.0,77.5,0.0,10.0,0.0,0.0,2.5,180.2,640.0,37.5,2.5,72.5,550.0,2.5,37.5,0.0,0.2,0.8,212.5,151.1,0.0,Lunch,High Protein;Low Carb;Keto;Gluten Free,,False,False,True
CX012005,Grilled Lemon Chicken Breast (100G),Chicken,American,100,160.0,31.0,0.0,4.0,0.0,0.0,1.0,70.0,256.0,15.0,1.0,29.0,220.0,1.0,15.0,0.0,0.1,0.3,85.0,60.5,0.0,Lunch,High Protein;Low Carb;Keto;Gluten Free,,False,False,True
CX012006,Grilled Lemon Chicken Breast (150G),Chicken,American,150,240.0,46.5,0.0,6.0,0.0,0.0,1.5,105.0,384.0,22.5,1.5,43.5,330.0,1.5,22.5,0.0,0.2,0.4,127.5,90.7,0.0,Lunch,High Protein;Low Carb;Keto;Gluten Free,,False,False,True
CX012007,Grilled Lemon Chicken Breast (200G),Chicken,American,200,320.0,62.0,0.0,8.0,0.0,0.0,2.0,140.0,512.0,30.0,2.0,58.0,440.0,2.0,30.0,0.0,0.2,0.6,170.0,120.9,0.0,Lunch,High Protein;Low Carb;Keto;Gluten Free,,False,False,True
CX012008,Grilled Lemon Chicken Breast (250G),Chicken,American,250,400.0,77.5,0.0,10.0,0.0,0.0,2.5,175.0,640.0,37.5,2.5,72.5,550.0,2.5,37.5,0.0,0.2,0.8,212.5,151.1,0.0,Lunch,High Protein;Low Carb;Keto;Gluten Free,,False,False,True
CX012013,Grilled Pepper Chicken Breast (100G),Chicken,American,100,160.0,31.0,0.0,4.0,0.0,0.0,1.0,71.4,256.0,15.0,1.0,29.0,220.0,1.0,15.0,0.0,0.1,0.3,85.0,60.5,0.0,Lunch,High Protein;Low Carb;Keto;Gluten Free,,False,False,True
CX012014,Grilled Pepper Chicken Breast (150G),Chicken,American,150,240.0,46.5,0.0,6.0,0.0,0.0,1.5,107.1,384.0,22.5,1.5,43.5,330.0,1.5,22.5,0.0,0.2,0.4,127.5,90.7,0.0,Lunch,High Protein;Low Carb;Keto;Gluten Free,,False,False,True
CX012015,Grilled Pepper Chicken Breast (200G),Chicken,American,200,320.0,62.0,0.0,8.0,0.0,0.0,2.0,142.8,512.0,30.0,2.0,58.0,440.0,2.0,30.0,0.0,0.2,0.6,170.0,120.9,0.0,Lunch,High Protein;Low Carb;Keto;Gluten Free,,False,False,True
CX012016,Grilled Pepper Chicken Breast (250G),Chicken,American,250,400.0,77.5,0.0,10.0,0.0,0.0,2.5,178.5,640.0,37.5,2.5,72.5,550.0,2.5,37.5,0.0,0.2,0.8,212.5,151.1,0.0,Lunch,High Protein;Low Carb;Keto;Gluten Free,,False,False,True
CX012017,Grilled Curry Chicken Breast (100G),Chicken,American,100,162.9,31.0,0.0,4.3,0.0,0.0,1.0,70.0,256.0,15.0,1.0,29.0,220.0,1.0,15.0,0.0,0.1,0.3,85.0,60.5,0.0,Lunch,High Protein;Low Carb;Keto;Gluten Free,,False,False,True
CX012018,Grilled Curry Chicken Breast (150G),Chicken,American,150,244.3,46.5,0.0,6.5,0.0,0.0,1.5,105.0,384.0,22.5,1.5,43.5,330.0,1.5,22.5,0.0,0.2,0.4,127.5,90.7,0.0,Lunch,High Protein;Low Carb;Keto;Gluten Free,,False,False,True
CX012019,Grilled Curry Chicken Breast (200G),Chicken,American,200,325.8,62.0,0.0,8.6,0.0,0.0,2.0,140.0,512.0,30.0,2.0,58.0,440.0,2.0,30.0,0.0,0.2,0.6,170.0,120.9,0.0,Lunch,High Protein;Low Carb;Keto;Gluten Free,,False,False,True
CX012020,Grilled Curry Chicken Breast (250G),Chicken,American,250,407.2,77.5,0.0,10.8,0.0,0.0,2.5,175.0,640.0,37.5,2.5,72.5,550.0,2.5,37.5,0.0,0.2,0.8,212.5,151.1,0.0,Lunch,High Protein;Low Carb;Keto;Gluten Free,,False,False,True
CX012021,Grilled Teriyaki Chicken Breast (100G),Chicken,American,100,160.0,31.0,0.0,4.0,0.0,0.0,1.0,75.6,256.0,15.0,1.0,29.0,220.0,1.0,15.0,0.0,0.1,0.3,85.0,60.5,0.0,Lunch,High Protein;Low Carb;Keto;Gluten Free,,False,False,True
CX012022,Grilled Teriyaki Chicken Breast (150G),Chicken,American,150,240.0,46.5,0.0,6.0,0.0,0.0,1.5,113.4,384.0,22.5,1.5,43.5,330.0,1.5,22.5,0.0,0.2,0.4,127.5,90.7,0.0,Lunch,High Protein;Low Carb;Keto;Gluten Free,,False,False,True
CX012023,Grilled Teriyaki Chicken Breast (200G),Chicken,American,200,320.0,62.0,0.0,8.0,0.0,0.0,2.0,151.2,512.0,30.0,2.0,58.0,440.0,2.0,30.0,0.0,0.2,0.6,170.0,120.9,0.0,Lunch,High Protein;Low Carb;Keto;Gluten Free,,False,False,True
CX012024,Grilled Teriyaki Chicken Breast (250G),Chicken,American,250,400.0,77.5,0.0,10.0,0.0,0.0,2.5,189.0,640.0,37.5,2.5,72.5,550.0,2.5,37.5,0.0,0.2,0.8,212.5,151.1,0.0,Lunch,High Protein;Low Carb;Keto;Gluten Free,,False,False,True
CX012033,Grilled Butter Chicken Breast (100G),Chicken,American,100,166.5,31.0,0.0,4.7,0.0,0.0,1.2,70.0,256.0,15.0,1.0,29.0,220.0,1.0,15.0,0.0,0.1,0.3,85.0,60.5,0.0,Lunch,High Protein;Low Carb;Keto;Gluten Free,,False,False,True
CX012034,Grilled Butter Chicken Breast (150G),Chicken,American,150,249.7,46.5,0.0,7.1,0.0,0.0,1.8,105.0,384.0,22.5,1.5,43.5,330.0,1.5,22.5,0.0,0.2,0.4,127.5,90.7,0.0,Lunch,High Protein;Low Carb;Keto;Gluten Free,,False,False,True
CX012035,Grilled Butter Chicken Breast (200G),Chicken,American,200,333.0,62.0,0.0,9.4,0.0,0.0,2.4,140.0,512.0,30.0,2.0,58.0,440.0,2.0,30.0,0.0,0.2,0.6,170.0,120.9,0.0,Lunch,High Protein;Low Carb;Keto;Gluten Free,,False,False,True
CX012036,Grilled Butter Chicken Breast (250G),Chicken,American,250,416.2,77.5,0.0,11.8,0.0,0.0,3.0,175.0,640.0,37.5,2.5,72.5,550.0,2.5,37.5,0.0,0.2,0.8,212.5,151.1,0.0,Lunch,High Protein;Low Carb;Keto;Gluten Free,,False,False,True
CX012041,Roasted Garlic Chicken Breast (100G),Chicken,American,100,159.3,31.0,0.0,3.9,0.0,0.0,1.0,72.1,256.0,15.0,1.0,29.0,220.0,1.0,15.0,0.0,0.1,0.3,85.0,61.1,0.0,Lunch,High Protein;Low Carb;Keto;Gluten Free,,False,False,True
CX012042,Roasted Garlic Chicken Breast (150G),Chicken,American,150,238.9,46.5,0.0,5.9,0.0,0.0,1.5,108.2,384.0,22.5,1.5,43.5,330.0,1.5,22.5,0.0,0.2,0.4,127.5,91.6,0.0,Lunch,High Protein;Low Carb;Keto;Gluten Free,,False,False,True
CX012043,Roasted Garlic Chicken Breast (200G),Chicken,American,200,318.6,62.0,0.0,7.8,0.0,0.0,2.0,144.2,512.0,30.0,2.0,58.0,440.0,2.0,30.0,0.0,0.2,0.6,170.0,122.2,0.0,Lunch,High Protein;Low Carb;Keto;Gluten Free,,False,False,True
CX012044,Roasted Garlic Chicken Breast (250G),Chicken,American,250,398.2,77.5,0.0,9.8,0.0,0.0,2.5,180.2,640.0,37.5,2.5,72.5,550.0,2.5,37.5,0.0,0.2,0.8,212.5,152.8,0.0,Lunch,High Protein;Low Carb;Keto;Gluten Free,,False,False,True
CX012045,Roasted Lemon Chicken Breast (100G),Chicken,American,100,159.3,31.0,0.0,3.9,0.0,0.0,1.0,70.0,256.0,15.0,1.0,29.0,220.0,1.0,15.0,0.0,0.1,0.3,85.0,61.1,0.0,Lunch,High Protein;Low Carb;Keto;Gluten Free,,False,False,True
CX012046,Roasted Lemon Chicken Breast (150G),Chicken,American,150,238.9,46.5,0.0,5.9,0.0,0.0,1.5,105.0,384.0,22.5,1.5,43.5,330.0,1.5,22.5,0.0,0.2,0.4,127.5,91.6,0.0,Lunch,High Protein;Low Carb;Keto;Gluten Free,,False,False,True
CX012047,Roasted Lemon Chicken Breast (200G),Chicken,American,200,318.6,62.0,0.0,7.8,0.0,0.0,2.0,140.0,512.0,30.0,2.0,58.0,440.0,2.0,30.0,0.0,0.2,0.6,170.0,122.2,0.0,Lunch,High Protein;Low Carb;Keto;Gluten Free,,False,False,True
CX012048,Roasted Lemon Chicken Breast (250G),Chicken,American,250,398.2,77.5,0.0,9.8,0.0,0.0,2.5,175.0,640.0,37.5,2.5,72.5,550.0,2.5,37.5,0.0,0.2,0.8,212.5,152.8,0.0,Lunch,High Protein;Low Carb;Keto;Gluten Free,,False,False,True
CX012053,Roasted Pepper Chicken Breast (100G),Chicken,American,100,159.3,31.0,0.0,3.9,0.0,0.0,1.0,71.4,256.0,15.0,1.0,29.0,220.0,1.0,15.0,0.0,0.1,0.3,85.0,61.1,0.0,Lunch,High Protein;Low Carb;Keto;Gluten Free,,False,False,True
CX012054,Roasted Pepper Chicken Breast (150G),Chicken,American,150,238.9,46.5,0.0,5.9,0.0,0.0,1.5,107.1,384.0,22.5,1.5,43.5,330.0,1.5,22.5,0.0,0.2,0.4,127.5,91.6,0.0,Lunch,High Protein;Low Carb;Keto;Gluten Free,,False,False,True
CX012055,Roasted Pepper Chicken Breast (200G),Chicken,American,200,318.6,62.0,0.0,7.8,0.0,0.0,2.0,142.8,512.0,30.0,2.0,58.0,440.0,2.0,30.0,0.0,0.2,0.6,170.0,122.2,0.0,Lunch,High Protein;Low Carb;Keto;Gluten Free,,False,False,True
CX012056,Roasted Pepper Chicken Breast (250G),Chicken,American,250,398.2,77.5,0.0,9.8,0.0,0.0,2.5,178.5,640.0,37.5,2.5,72.5,550.0,2.5,37.5,0.0,0.2,0.8,212.5,152.8,0.0,Lunch,High Protein;Low Carb;Keto;Gluten Free,,False,False,True
CX012057,Roasted Curry Chicken Breast (100G),Chicken,American,100,162.1,31.0,0.0,4.2,0.0,0.0,1.0,70.0,256.0,15.0,1.0,29.0,220.0,1.0,15.0,0.0,0.1,0.3,85.0,61.1,0.0,Lunch,High Protein;Low Carb;Keto;Gluten Free,,False,False,True
CX012058,Roasted Curry Chicken Breast (150G),Chicken,American,150,243.2,46.5,0.0,6.4,0.0,0.0,1.5,105.0,384.0,22.5,1.5,43.5,330.0,1.5,22.5,0.0,0.2,0.4,127.5,91.6,0.0,Lunch,High Protein;Low Carb;Keto;Gluten Free,,False,False,True
CX012059,Roasted Curry Chicken Breast (200G),Chicken,American,200,324.2,62.0,0.0,8.5,0.0,0.0,2.0,140.0,512.0,30.0,2.0,58.0,440.0,2.0,30.0,0.0,0.2,0.6,170.0,122.2,0.0,Lunch,High Protein;Low Carb;Keto;Gluten Free,,False,False,True
CX012060,Roasted Curry Chicken Breast (250G),Chicken,American,250,405.3,77.5,0.0,10.6,0.0,0.0,2.5,175.0,640.0,37.5,2.5,72.5,550.0,2.5,37.5,0.0,0.2,0.8,212.5,152.8,0.0,Lunch,High Protein;Low Carb;Keto;Gluten Free,,False,False,True
CX012061,Roasted Teriyaki Chicken Breast (100G),Chicken,American,100,159.3,31.0,0.0,3.9,0.0,0.0,1.0,75.6,256.0,15.0,1.0,29.0,220.0,1.0,15.0,0.0,0.1,0.3,85.0,61.1,0.0,Lunch,High Protein;Low Carb;Keto;Gluten Free,,False,False,True
CX012062,Roasted Teriyaki Chicken Breast (150G),Chicken,American,150,238.9,46.5,0.0,5.9,0.0,0.0,1.5,113.4,384.0,22.5,1.5,43.5,330.0,1.5,22.5,0.0,0.2,0.4,127.5,91.6,0.0,Lunch,High Protein;Low Carb;Keto;Gluten Free,,False,False,True
CX012063,Roasted Teriyaki Chicken Breast (200G),Chicken,American,200,318.6,62.0,0.0,7.8,0.0,0.0,2.0,151.2,512.0,30.0,2.0,58.0,440.0,2.0,30.0,0.0,0.2,0.6,170.0,122.2,0.0,Lunch,High Protein;Low Carb;Keto;Gluten Free,,False,False,True
CX012064,Roasted Teriyaki Chicken Breast (250G),Chicken,American,250,398.2,77.5,0.0,9.8,0.0,0.0,2.5,189.0,640.0,37.5,2.5,72.5,550.0,2.5,37.5,0.0,0.2,0.8,212.5,152.8,0.0,Lunch,High Protein;Low Carb;Keto;Gluten Free,,False,False,True
CX012073,Roasted Butter Chicken Breast (100G),Chicken,American,100,165.6,31.0,0.0,4.6,0.0,0.0,1.2,70.0,256.0,15.0,1.0,29.0,220.0,1.0,15.0,0.0,0.1,0.3,85.0,61.1,0.0,Lunch,High Protein;Low Carb;Keto;Gluten Free,,False,False,True
CX012074,Roasted Butter Chicken Breast (150G),Chicken,American,150,248.4,46.5,0.0,6.9,0.0,0.0,1.8,105.0,384.0,22.5,1.5,43.5,330.0,1.5,22.5,0.0,0.2,0.4,127.5,91.6,0.0,Lunch,High Protein;Low Carb;Keto;Gluten Free,,False,False,True
CX012075,Roasted Butter Chicken Breast (200G),Chicken,American,200,331.3,62.0,0.0,9.3,0.0,0.0,2.4,140.0,512.0,30.0,2.0,58.0,440.0,2.0,30.0,0.0,0.2,0.6,170.0,122.2,0.0,Lunch,High Protein;Low Carb;Keto;Gluten Free,,False,False,True
CX012076,Roasted Butter Chicken Breast (250G),Chicken,American,250,414.1,77.5,0.0,11.6,0.0,0.0,3.0,175.0,640.0,37.5,2.5,72.5,550.0,2.5,37.5,0.0,0.2,0.8,212.5,152.8,0.0,Lunch,High Protein;Low Carb;Keto;Gluten Free,,False,False,True
CX012121,Boiled Garlic Chicken Breast (100G),Chicken,American,100,158.2,31.0,0.0,3.8,0.0,0.0,1.0,72.1,256.0,15.0,1.0,29.0,220.0,1.0,15.0,0.0,0.1,0.3,85.0,65.0,0.0,Lunch,High Protein;Low Carb;Keto;Gluten Free,,False,False,True
CX012122,Boiled Garlic Chicken Breast (150G),Chicken,American,150,237.3,46.5,0.0,5.7,0.0,0.0,1.5,108.2,384.0,22.5,1.5,43.5,330.0,1.5,22.5,0.0,0.2,0.4,127.5,97.5,0.0,Lunch,High Protein;Low Carb;Keto;Gluten Free,,False,False,True
CX012123,Boiled Garlic Chicken Breast (200G),Chicken,American,200,316.4,62.0,0.0,7.6,0.0,0.0,2.0,144.2,512.0,30.0,2.0,58.0,440.0,2.0,30.0,0.0,0.2,0.6,170.0,130.0,0.0,Lunch,High Protein;Low Carb;Keto;Gluten Free,,False,False,True
CX012124,Boiled Garlic Chicken Breast (250G),Chicken,American,250,395.5,77.5,0.0,9.5,0.0,0.0,2.5,180.2,640.0,37.5,2.5,72.5,550.0,2.5,37.5,0.0,0.2,0.8,212.5,162.5,0.0,Lunch,High Protein;Low Carb;Keto;Gluten Free,,False,False,True
CX012125,Boiled Lemon Chicken Breast (100G),Chicken,American,100,158.2,31.0,0.0,3.8,0.0,0.0,1.0,70.0,256.0,15.0,1.0,29.0,220.0,1.0,15.0,0.0,0.1,0.3,85.0,65.0,0.0,Lunch,High Protein;Low Carb;Keto;Gluten Free,,False,False,True
CX012126,Boiled Lemon Chicken Breast (150G),Chicken,American,150,237.3,46.5,0.0,5.7,0.0,0.0,1.5,105.0,384.0,22.5,1.5,43.5,330.0,1.5,22.5,0.0,0.2,0.4,127.5,97.5,0.0,Lunch,High Protein;Low Carb;Keto;Gluten Free,,False,False,True
CX012127,Boiled Lemon Chicken Breast (200G),Chicken,American,200,316.4,62.0,0.0,7.6,0.0,0.0,2.0,140.0,512.0,30.0,2.0,58.0,440.0,2.0,30.0,0.0,0.2,0.6,170.0,130.0,0.0,Lunch,High Protein;Low Carb;Keto;Gluten Free,,False,False,True
CX012128,Boiled Lemon Chicken Breast (250G),Chicken,American,250,395.5,77.5,0.0,9.5,0.0,0.0,2.5,175.0,640.0,37.5,2.5,72.5,550.0,2.5,37.5,0.0,0.2,0.8,212.5,162.5,0.0,Lunch,High Protein;Low Carb;Keto;Gluten Free,,False,False,True
CX012133,Boiled Pepper Chicken Breast (100G),Chicken,American,100,158.2,31.0,0.0,3.8,0.0,0.0,1.0,71.4,256.0,15.0,1.0,29.0,220.0,1.0,15.0,0.0,0.1,0.3,85.0,65.0,0.0,Lunch,High Protein;Low Carb;Keto;Gluten Free,,False,False,True
CX012134,Boiled Pepper Chicken Breast (150G),Chicken,American,150,237.3,46.5,0.0,5.7,0.0,0.0,1.5,107.1,384.0,22.5,1.5,43.5,330.0,1.5,22.5,0.0,0.2,0.4,127.5,97.5,0.0,Lunch,High Protein;Low Carb;Keto;Gluten Free,,False,False,True
CX012135,Boiled Pepper Chicken Breast (200G),Chicken,American,200,316.4,62.0,0.0,7.6,0.0,0.0,2.0,142.8,512.0,30.0,2.0,58.0,440.0,2.0,30.0,0.0,0.2,0.6,170.0,130.0,0.0,Lunch,High Protein;Low Carb;Keto;Gluten Free,,False,False,True
CX012136,Boiled Pepper Chicken Breast (250G),Chicken,American,250,395.5,77.5,0.0,9.5,0.0,0.0,2.5,178.5,640.0,37.5,2.5,72.5,550.0,2.5,37.5,0.0,0.2,0.8,212.5,162.5,0.0,Lunch,High Protein;Low Carb;Keto;Gluten Free,,False,False,True
CX012137,Boiled Curry Chicken Breast (100G),Chicken,American,100,160.9,31.0,0.0,4.1,0.0,0.0,1.0,70.0,256.0,15.0,1.0,29.0,220.0,1.0,15.0,0.0,0.1,0.3,85.0,65.0,0.0,Lunch,High Protein;Low Carb;Keto;Gluten Free,,False,False,True
CX012138,Boiled Curry Chicken Breast (150G),Chicken,American,150,241.4,46.5,0.0,6.2,0.0,0.0,1.5,105.0,384.0,22.5,1.5,43.5,330.0,1.5,22.5,0.0,0.2,0.4,127.5,97.5,0.0,Lunch,High Protein;Low Carb;Keto;Gluten Free,,False,False,True
CX012139,Boiled Curry Chicken Breast (200G),Chicken,American,200,321.9,62.0,0.0,8.2,0.0,0.0,2.0,140.0,512.0,30.0,2.0,58.0,440.0,2.0,30.0,0.0,0.2,0.6,170.0,130.0,0.0,Lunch,High Protein;Low Carb;Keto;Gluten Free,,False,False,True
CX012140,Boiled Curry Chicken Breast (250G),Chicken,American,250,402.3,77.5,0.0,10.3,0.0,0.0,2.5,175.0,640.0,37.5,2.5,72.5,550.0,2.5,37.5,0.0,0.2,0.8,212.5,162.5,0.0,Lunch,High Protein;Low Carb;Keto;Gluten Free,,False,False,True
CX012141,Boiled Teriyaki Chicken Breast (100G),Chicken,American,100,158.2,31.0,0.0,3.8,0.0,0.0,1.0,75.6,256.0,15.0,1.0,29.0,220.0,1.0,15.0,0.0,0.1,0.3,85.0,65.0,0.0,Lunch,High Protein;Low Carb;Keto;Gluten Free,,False,False,True
CX012142,Boiled Teriyaki Chicken Breast (150G),Chicken,American,150,237.3,46.5,0.0,5.7,0.0,0.0,1.5,113.4,384.0,22.5,1.5,43.5,330.0,1.5,22.5,0.0,0.2,0.4,127.5,97.5,0.0,Lunch,High Protein;Low Carb;Keto;Gluten Free,,False,False,True
CX012143,Boiled Teriyaki Chicken Breast (200G),Chicken,American,200,316.4,62.0,0.0,7.6,0.0,0.0,2.0,151.2,512.0,30.0,2.0,58.0,440.0,2.0,30.0,0.0,0.2,0.6,170.0,130.0,0.0,Lunch,High Protein;Low Carb;Keto;Gluten Free,,False,False,True
CX012144,Boiled Teriyaki Chicken Breast (250G),Chicken,American,250,395.5,77.5,0.0,9.5,0.0,0.0,2.5,189.0,640.0,37.5,2.5,72.5,550.0,2.5,37.5,0.0,0.2,0.8,212.5,162.5,0.0,Lunch,High Protein;Low Carb;Keto;Gluten Free,,False,False,True
CX012153,Boiled Butter Chicken Breast (100G),Chicken,American,100,164.4,31.0,0.0,4.5,0.0,0.0,1.2,70.0,256.0,15.0,1.0,29.0,220.0,1.0,15.0,0.0,0.1,0.3,85.0,65.0,0.0,Lunch,High Protein;Low Carb;Keto;Gluten Free,,False,False,True
CX012154,Boiled Butter Chicken Breast (150G),Chicken,American,150,246.5,46.5,0.0,6.7,0.0,0.0,1.8,105.0,384.0,22.5,1.5,43.5,330.0,1.5,22.5,0.0,0.2,0.4,127.5,97.5,0.0,Lunch,High Protein;Low Carb;Keto;Gluten Free,,False,False,True
CX012155,Boiled Butter Chicken Breast (200G),Chicken,American,200,328.7,62.0,0.0,9.0,0.0,0.0,2.4,140.0,512.0,30.0,2.0,58.0,440.0,2.0,30.0,0.0,0.2,0.6,170.0,130.0,0.0,Lunch,High Protein;Low Carb;Keto;Gluten Free,,False,False,True
CX012156,Boiled Butter Chicken Breast (250G),Chicken,American,250,410.9,77.5,0.0,11.2,0.0,0.0,3.0,175.0,640.0,37.5,2.5,72.5,550.0,2.5,37.5,0.0,0.2,0.8,212.5,162.5,0.0,Lunch,High Protein;Low Carb;Keto;Gluten Free,,False,False,True
CX012321,Bbq Garlic Chicken Breast (100G),Chicken,American,100,160.0,31.0,0.0,4.0,0.0,0.0,1.0,79.3,256.0,15.0,1.0,29.0,220.0,1.0,15.0,0.0,0.1,0.3,85.0,65.0,0.0,Lunch,High Protein;Low Carb;Keto;Gluten Free,,False,False,True
CX012322,Bbq Garlic Chicken Breast (150G),Chicken,American,150,240.0,46.5,0.0,6.0,0.0,0.0,1.5,119.0,384.0,22.5,1.5,43.5,330.0,1.5,22.5,0.0,0.2,0.4,127.5,97.5,0.0,Lunch,High Protein;Low Carb;Keto;Gluten Free,,False,False,True
CX012323,Bbq Garlic Chicken Breast (200G),Chicken,American,200,320.0,62.0,0.0,8.0,0.0,0.0,2.0,158.6,512.0,30.0,2.0,58.0,440.0,2.0,30.0,0.0,0.2,0.6,170.0,130.0,0.0,Lunch,High Protein;Low Carb;Keto;Gluten Free,,False,False,True
CX012324,Bbq Garlic Chicken Breast (250G),Chicken,American,250,400.0,77.5,0.0,10.0,0.0,0.0,2.5,198.3,640.0,37.5,2.5,72.5,550.0,2.5,37.5,0.0,0.2,0.8,212.5,162.5,0.0,Lunch,High Protein;Low Carb;Keto;Gluten Free,,False,False,True
CX012325,Bbq Lemon Chicken Breast (100G),Chicken,American,100,160.0,31.0,0.0,4.0,0.0,0.0,1.0,77.0,256.0,15.0,1.0,29.0,220.0,1.0,15.0,0.0,0.1,0.3,85.0,65.0,0.0,Lunch,High Protein;Low Carb;Keto;Gluten Free,,False,False,True
CX012326,Bbq Lemon Chicken Breast (150G),Chicken,American,150,240.0,46.5,0.0,6.0,0.0,0.0,1.5,115.5,384.0,22.5,1.5,43.5,330.0,1.5,22.5,0.0,0.2,0.4,127.5,97.5,0.0,Lunch,High Protein;Low Carb;Keto;Gluten Free,,False,False,True
CX012327,Bbq Lemon Chicken Breast (200G),Chicken,American,200,320.0,62.0,0.0,8.0,0.0,0.0,2.0,154.0,512.0,30.0,2.0,58.0,440.0,2.0,30.0,0.0,0.2,0.6,170.0,130.0,0.0,Lunch,High Protein;Low Carb;Keto;Gluten Free,,False,False,True
CX012328,Bbq Lemon Chicken Breast (250G),Chicken,American,250,400.0,77.5,0.0,10.0,0.0,0.0,2.5,192.5,640.0,37.5,2.5,72.5,550.0,2.5,37.5,0.0,0.2,0.8,212.5,162.5,0.0,Lunch,High Protein;Low Carb;Keto;Gluten Free,,False,False,True
CX012333,Bbq Pepper Chicken Breast (100G),Chicken,American,100,160.0,31.0,0.0,4.0,0.0,0.0,1.0,78.5,256.0,15.0,1.0,29.0,220.0,1.0,15.0,0.0,0.1,0.3,85.0,65.0,0.0,Lunch,High Protein;Low Carb;Keto;Gluten Free,,False,False,True
CX012334,Bbq Pepper Chicken Breast (150G),Chicken,American,150,240.0,46.5,0.0,6.0,0.0,0.0,1.5,117.8,384.0,22.5,1.5,43.5,330.0,1.5,22.5,0.0,0.2,0.4,127.5,97.5,0.0,Lunch,High Protein;Low Carb;Keto;Gluten Free,,False,False,True
CX012335,Bbq Pepper Chicken Breast (200G),Chicken,American,200,320.0,62.0,0.0,8.0,0.0,0.0,2.0,157.1,512.0,30.0,2.0,58.0,440.0,2.0,30.0,0.0,0.2,0.6,170.0,130.0,0.0,Lunch,High Protein;Low Carb;Keto;Gluten Free,,False,False,True
CX012336,Bbq Pepper Chicken Breast (250G),Chicken,American,250,400.0,77.5,0.0,10.0,0.0,0.0,2.5,196.4,640.0,37.5,2.5,72.5,550.0,2.5,37.5,0.0,0.2,0.8,212.5,162.5,0.0,Lunch,High Protein;Low Carb;Keto;Gluten Free,,False,False,True
CX012337,Bbq Curry Chicken Breast (100G),Chicken,American,100,162.9,31.0,0.0,4.3,0.0,0.0,1.0,77.0,256.0,15.0,1.0,29.0,220.0,1.0,15.0,0.0,0.1,0.3,85.0,65.0,0.0,Lunch,High Protein;Low Carb;Keto;Gluten Free,,False,False,True
CX012338,Bbq Curry Chicken Breast (150G),Chicken,American,150,244.3,46.5,0.0,6.5,0.0,0.0,1.5,115.5,384.0,22.5,1.5,43.5,330.0,1.5,22.5,0.0,0.2,0.4,127.5,97.5,0.0,Lunch,High Protein;Low Carb;Keto;Gluten Free,,False,False,True
CX012339,Bbq Curry Chicken Breast (200G),Chicken,American,200,325.8,62.0,0.0,8.6,0.0,0.0,2.0,154.0,512.0,30.0,2.0,58.0,440.0,2.0,30.0,0.0,0.2,0.6,170.0,130.0,0.0,Lunch,High Protein;Low Carb;Keto;Gluten Free,,False,False,True
CX012340,Bbq Curry Chicken Breast (250G),Chicken,American,250,407.2,77.5,0.0,10.8,0.0,0.0,2.5,192.5,640.0,37.5,2.5,72.5,550.0,2.5,37.5,0.0,0.2,0.8,212.5,162.5,0.0,Lunch,High Protein;Low Carb;Keto;Gluten Free,,False,False,True
CX012341,Bbq Teriyaki Chicken Breast (100G),Chicken,American,100,160.0,31.0,0.0,4.0,0.0,0.0,1.0,83.2,256.0,15.0,1.0,29.0,220.0,1.0,15.0,0.0,0.1,0.3,85.0,65.0,0.0,Lunch,High Protein;Low Carb;Keto;Gluten Free,,False,False,True
CX012342,Bbq Teriyaki Chicken Breast (150G),Chicken,American,150,240.0,46.5,0.0,6.0,0.0,0.0,1.5,124.7,384.0,22.5,1.5,43.5,330.0,1.5,22.5,0.0,0.2,0.4,127.5,97.5,0.0,Lunch,High Protein;Low Carb;Keto;Gluten Free,,False,False,True
CX012343,Bbq Teriyaki Chicken Breast (200G),Chicken,American,200,320.0,62.0,0.0,8.0,0.0,0.0,2.0,166.3,512.0,30.0,2.0,58.0,440.0,2.0,30.0,0.0,0.2,0.6,170.0,130.0,0.0,Lunch,High Protein;Low Carb;Keto;Gluten Free,,False,False,True
CX012344,Bbq Teriyaki Chicken Breast (250G),Chicken,American,250,400.0,77.5,0.0,10.0,0.0,0.0,2.5,207.9,640.0,37.5,2.5,72.5,550.0,2.5,37.5,0.0,0.2,0.8,212.5,162.5,0.0,Lunch,High Protein;Low Carb;Keto;Gluten Free,,False,False,True
CX012353,Bbq Butter Chicken Breast (100G),Chicken,American,100,166.5,31.0,0.0,4.7,0.0,0.0,1.2,77.0,256.0,15.0,1.0,29.0,220.0,1.0,15.0,0.0,0.1,0.3,85.0,65.0,0.0,Lunch,High Protein;Low Carb;Keto;Gluten Free,,False,False,True
CX012354,Bbq Butter Chicken Breast (150G),Chicken,American,150,249.7,46.5,0.0,7.1,0.0,0.0,1.8,115.5,384.0,22.5,1.5,43.5,330.0,1.5,22.5,0.0,0.2,0.4,127.5,97.5,0.0,Lunch,High Protein;Low Carb;Keto;Gluten Free,,False,False,True
CX012355,Bbq Butter Chicken Breast (200G),Chicken,American,200,333.0,62.0,0.0,9.4,0.0,0.0,2.4,154.0,512.0,30.0,2.0,58.0,440.0,2.0,30.0,0.0,0.2,0.6,170.0,130.0,0.0,Lunch,High Protein;Low Carb;Keto;Gluten Free,,False,False,True
CX012356,Bbq Butter Chicken Breast (250G),Chicken,American,250,416.2,77.5,0.0,11.8,0.0,0.0,3.0,192.5,640.0,37.5,2.5,72.5,550.0,2.5,37.5,0.0,0.2,0.8,212.5,162.5,0.0,Lunch,High Protein;Low Carb;Keto;Gluten Free,,False,False,True
CX013601,Grilled Steak Beef Steak (100G),Beef,American,100,212.0,26.0,0.0,12.0,0.0,0.0,5.0,60.0,320.0,15.0,2.6,23.0,200.0,4.0,10.0,0.0,0.2,2.4,90.0,55.8,0.0,Dinner,High Protein;Low Carb;Keto;Gluten Free,,False,False,True
CX013602,Grilled Steak Beef Steak (150G),Beef,American,150,318.0,39.0,0.0,18.0,0.0,0.0,7.5,90.0,480.0,22.5,3.9,34.5,300.0,6.0,15.0,0.0,0.3,3.6,135.0,83.7,0.0,Dinner,High Protein;Low Carb;Keto;Gluten Free,,False,False,True
CX013603,Grilled Steak Beef Steak (200G),Beef,American,200,424.0,52.0,0.0,24.0,0.0,0.0,10.0,120.0,640.0,30.0,5.2,46.0,400.0,8.0,20.0,0.0,0.4,4.8,180.0,111.6,0.0,Dinner,High Protein;Low Carb;Keto;Gluten Free,,False,False,True
CX013604,Grilled Steak Beef Steak (250G),Beef,American,250,530.0,65.0,0.0,30.0,0.0,0.0,12.5,150.0,800.0,37.5,6.5,57.5,500.0,10.0,25.0,0.0,0.5,6.0,225.0,139.5,0.0,Dinner,High Protein;Low Carb;Keto;Gluten Free,,False,False,True
CX013621,Grilled Curry Beef Steak (100G),Beef,American,100,220.6,26.0,0.0,13.0,0.0,0.0,5.0,60.0,320.0,15.0,2.6,23.0,200.0,4.0,10.0,0.0,0.2,2.4,90.0,55.8,0.0,Dinner,High Protein;Low Carb;Keto;Gluten Free,,False,False,True
CX013622,Grilled Curry Beef Steak (150G),Beef,American,150,331.0,39.0,0.0,19.4,0.0,0.0,7.5,90.0,480.0,22.5,3.9,34.5,300.0,6.0,15.0,0.0,0.3,3.6,135.0,83.7,0.0,Dinner,High Protein;Low Carb;Keto;Gluten Free,,False,False,True
CX013623,Grilled Curry Beef Steak (200G),Beef,American,200,441.3,52.0,0.0,25.9,0.0,0.0,10.0,120.0,640.0,30.0,5.2,46.0,400.0,8.0,20.0,0.0,0.4,4.8,180.0,111.6,0.0,Dinner,High Protein;Low Carb;Keto;Gluten Free,,False,False,True
CX013624,Grilled Curry Beef Steak (250G),Beef,American,250,551.6,65.0,0.0,32.4,0.0,0.0,12.5,150.0,800.0,37.5,6.5,57.5,500.0,10.0,25.0,0.0,0.5,6.0,225.0,139.5,0.0,Dinner,High Protein;Low Carb;Keto;Gluten Free,,False,False,True
CX013641,Roasted Steak Beef Steak (100G),Beef,American,100,209.8,26.0,0.0,11.8,0.0,0.0,5.0,60.0,320.0,15.0,2.6,23.0,200.0,4.0,10.0,0.0,0.2,2.4,90.0,56.4,0.0,Dinner,High Protein;Low Carb;Keto;Gluten Free,,False,False,True
CX013642,Roasted Steak Beef Steak (150G),Beef,American,150,314.8,39.0,0.0,17.6,0.0,0.0,7.5,90.0,480.0,22.5,3.9,34.5,300.0,6.0,15.0,0.0,0.3,3.6,135.0,84.6,0.0,Dinner,High Protein;Low Carb;Keto;Gluten Free,,False,False,True
CX013643,Roasted Steak Beef Steak (200G),Beef,American,200,419.7,52.0,0.0,23.5,0.0,0.0,10.0,120.0,640.0,30.0,5.2,46.0,400.0,8.0,20.0,0.0,0.4,4.8,180.0,112.8,0.0,Dinner,High Protein;Low Carb;Keto;Gluten Free,,False,False,True
CX013644,Roasted Steak Beef Steak (250G),Beef,American,250,524.6,65.0,0.0,29.4,0.0,0.0,12.5,150.0,800.0,37.5,6.5,57.5,500.0,10.0,25.0,0.0,0.5,6.0,225.0,141.0,0.0,Dinner,High Protein;Low Carb;Keto;Gluten Free,,False,False,True
CX013661,Roasted Curry Beef Steak (100G),Beef,American,100,218.3,26.0,0.0,12.7,0.0,0.0,5.0,60.0,320.0,15.0,2.6,23.0,200.0,4.0,10.0,0.0,0.2,2.4,90.0,56.4,0.0,Dinner,High Protein;Low Carb;Keto;Gluten Free,,False,False,True
CX013662,Roasted Curry Beef Steak (150G),Beef,American,150,327.5,39.0,0.0,19.1,0.0,0.0,7.5,90.0,480.0,22.5,3.9,34.5,300.0,6.0,15.0,0.0,0.3,3.6,135.0,84.6,0.0,Dinner,High Protein;Low Carb;Keto;Gluten Free,,False,False,True
CX013663,Roasted Curry Beef Steak (200G),Beef,American,200,436.6,52.0,0.0,25.4,0.0,0.0,10.0,120.0,640.0,30.0,5.2,46.0,400.0,8.0,20.0,0.0,0.4,4.8,180.0,112.8,0.0,Dinner,High Protein;Low Carb;Keto;Gluten Free,,False,False,True
CX013664,Roasted Curry Beef Steak (250G),Beef,American,250,545.8,65.0,0.0,31.8,0.0,0.0,12.5,150.0,800.0,37.5,6.5,57.5,500.0,10.0,25.0,0.0,0.5,6.0,225.0,141.0,0.0,Dinner,High Protein;Low Carb;Keto;Gluten Free,,False,False,True
CX013841,Pepper Steak Beef Steak (100G),Beef,American,100,212.0,26.0,0.0,12.0,0.0,0.0,5.0,61.2,320.0,15.0,2.6,23.0,200.0,4.0,10.0,0.0,0.2,2.4,90.0,60.0,0.0,Dinner,High Protein;Low Carb;Keto;Gluten Free,,False,False,True
CX013842,Pepper Steak Beef Steak (150G),Beef,American,150,318.0,39.0,0.0,18.0,0.0,0.0,7.5,91.8,480.0,22.5,3.9,34.5,300.0,6.0,15.0,0.0,0.3,3.6,135.0,90.0,0.0,Dinner,High Protein;Low Carb;Keto;Gluten Free,,False,False,True
CX013843,Pepper Steak Beef Steak (200G),Beef,American,200,424.0,52.0,0.0,24.0,0.0,0.0,10.0,122.4,640.0,30.0,5.2,46.0,400.0,8.0,20.0,0.0,0.4,4.8,180.0,120.0,0.0,Dinner,High Protein;Low Carb;Keto;Gluten Free,,False,False,True
CX013844,Pepper Steak Beef Steak (250G),Beef,American,250,530.0,65.0,0.0,30.0,0.0,0.0,12.5,153.0,800.0,37.5,6.5,57.5,500.0,10.0,25.0,0.0,0.5,6.0,225.0,150.0,0.0,Dinner,High Protein;Low Carb;Keto;Gluten Free,,False,False,True
CX013861,Pepper Curry Beef Steak (100G),Beef,American,100,220.6,26.0,0.0,13.0,0.0,0.0,5.0,61.2,320.0,15.0,2.6,23.0,200.0,4.0,10.0,0.0,0.2,2.4,90.0,60.0,0.0,Dinner,High Protein;Low Carb;Keto;Gluten Free,,False,False,True
CX013862,Pepper Curry Beef Steak (150G),Beef,American,150,331.0,39.0,0.0,19.4,0.0,0.0,7.5,91.8,480.0,22.5,3.9,34.5,300.0,6.0,15.0,0.0,0.3,3.6,135.0,90.0,0.0,Dinner,High Protein;Low Carb;Keto;Gluten Free,,False,False,True
CX013863,Pepper Curry Beef Steak (200G),Beef,American,200,441.3,52.0,0.0,25.9,0.0,0.0,10.0,122.4,640.0,30.0,5.2,46.0,400.0,8.0,20.0,0.0,0.4,4.8,180.0,120.0,0.0,Dinner,High Protein;Low Carb;Keto;Gluten Free,,False,False,True
CX013864,Pepper Curry Beef Steak (250G),Beef,American,250,551.6,65.0,0.0,32.4,0.0,0.0,12.5,153.0,800.0,37.5,6.5,57.5,500.0,10.0,25.0,0.0,0.5,6.0,225.0,150.0,0.0,Dinner,High Protein;Low Carb;Keto;Gluten Free,,False,False,True
CX013881,Garlic Steak Beef Steak (100G),Beef,American,100,212.0,26.0,0.0,12.0,0.0,0.0,5.0,61.8,320.0,15.0,2.6,23.0,200.0,4.0,10.0,0.0,0.2,2.4,90.0,60.0,0.0,Dinner,High Protein;Low Carb;Keto;Gluten Free,,False,False,True
CX013882,Garlic Steak Beef Steak (150G),Beef,American,150,318.0,39.0,0.0,18.0,0.0,0.0,7.5,92.7,480.0,22.5,3.9,34.5,300.0,6.0,15.0,0.0,0.3,3.6,135.0,90.0,0.0,Dinner,High Protein;Low Carb;Keto;Gluten Free,,False,False,True
CX013883,Garlic Steak Beef Steak (200G),Beef,American,200,424.0,52.0,0.0,24.0,0.0,0.0,10.0,123.6,640.0,30.0,5.2,46.0,400.0,8.0,20.0,0.0,0.4,4.8,180.0,120.0,0.0,Dinner,High Protein;Low Carb;Keto;Gluten Free,,False,False,True
CX013884,Garlic Steak Beef Steak (250G),Beef,American,250,530.0,65.0,0.0,30.0,0.0,0.0,12.5,154.5,800.0,37.5,6.5,57.5,500.0,10.0,25.0,0.0,0.5,6.0,225.0,150.0,0.0,Dinner,High Protein;Low Carb;Keto;Gluten Free,,False,False,True
CX013901,Garlic Curry Beef Steak (100G),Beef,American,100,220.6,26.0,0.0,13.0,0.0,0.0,5.0,61.8,320.0,15.0,2.6,23.0,200.0,4.0,10.0,0.0,0.2,2.4,90.0,60.0,0.0,Dinner,High Protein;Low Carb;Keto;Gluten Free,,False,False,True
CX013902,Garlic Curry Beef Steak (150G),Beef,American,150,331.0,39.0,0.0,19.4,0.0,0.0,7.5,92.7,480.0,22.5,3.9,34.5,300.0,6.0,15.0,0.0,0.3,3.6,135.0,90.0,0.0,Dinner,High Protein;Low Carb;Keto;Gluten Free,,False,False,True
CX013903,Garlic Curry Beef Steak (200G),Beef,American,200,441.3,52.0,0.0,25.9,0.0,0.0,10.0,123.6,640.0,30.0,5.2,46.0,400.0,8.0,20.0,0.0,0.4,4.8,180.0,120.0,0.0,Dinner,High Protein;Low Carb;Keto;Gluten Free,,False,False,True
CX013904,Garlic Curry Beef Steak (250G),Beef,American,250,551.6,65.0,0.0,32.4,0.0,0.0,12.5,154.5,800.0,37.5,6.5,57.5,500.0,10.0,25.0,0.0,0.5,6.0,225.0,150.0,0.0,Dinner,High Protein;Low Carb;Keto;Gluten Free,,False,False,True
CX013921,Bbq Steak Beef Steak (100G),Beef,American,100,212.0,26.0,0.0,12.0,0.0,0.0,5.0,66.0,320.0,15.0,2.6,23.0,200.0,4.0,10.0,0.0,0.2,2.4,90.0,60.0,0.0,Dinner,High Protein;Low Carb;Keto;Gluten Free,,False,False,True
CX013922,Bbq Steak Beef Steak (150G),Beef,American,150,318.0,39.0,0.0,18.0,0.0,0.0,7.5,99.0,480.0,22.5,3.9,34.5,300.0,6.0,15.0,0.0,0.3,3.6,135.0,90.0,0.0,Dinner,High Protein;Low Carb;Keto;Gluten Free,,False,False,True
CX013923,Bbq Steak Beef Steak (200G),Beef,American,200,424.0,52.0,0.0,24.0,0.0,0.0,10.0,132.0,640.0,30.0,5.2,46.0,400.0,8.0,20.0,0.0,0.4,4.8,180.0,120.0,0.0,Dinner,High Protein;Low Carb;Keto;Gluten Free,,False,False,True
CX013924,Bbq Steak Beef Steak (250G),Beef,American,250,530.0,65.0,0.0,30.0,0.0,0.0,12.5,165.0,800.0,37.5,6.5,57.5,500.0,10.0,25.0,0.0,0.5,6.0,225.0,150.0,0.0,Dinner,High Protein;Low Carb;Keto;Gluten Free,,False,False,True
CX013941,Bbq Curry Beef Steak (100G),Beef,American,100,220.6,26.0,0.0,13.0,0.0,0.0,5.0,66.0,320.0,15.0,2.6,23.0,200.0,4.0,10.0,0.0,0.2,2.4,90.0,60.0,0.0,Dinner,High Protein;Low Carb;Keto;Gluten Free,,False,False,True
CX013942,Bbq Curry Beef Steak (150G),Beef,American,150,331.0,39.0,0.0,19.4,0.0,0.0,7.5,99.0,480.0,22.5,3.9,34.5,300.0,6.0,15.0,0.0,0.3,3.6,135.0,90.0,0.0,Dinner,High Protein;Low Carb;Keto;Gluten Free,,False,False,True
CX013943,Bbq Curry Beef Steak (200G),Beef,American,200,441.3,52.0,0.0,25.9,0.0,0.0,10.0,132.0,640.0,30.0,5.2,46.0,400.0,8.0,20.0,0.0,0.4,4.8,180.0,120.0,0.0,Dinner,High Protein;Low Carb;Keto;Gluten Free,,False,False,True
CX013944,Bbq Curry Beef Steak (250G),Beef,American,250,551.6,65.0,0.0,32.4,0.0,0.0,12.5,165.0,800.0,37.5,6.5,57.5,500.0,10.0,25.0,0.0,0.5,6.0,225.0,150.0,0.0,Dinner,High Protein;Low Carb;Keto;Gluten Free,,False,False,True
CX015201,Grilled Fillet Salmon Fillet (100G),Fish,Global,100,119.0,23.0,0.0,3.0,0.0,0.0,0.7,80.0,370.0,25.0,0.6,30.0,250.0,0.6,18.0,0.0,3.0,2.5,55.0,67.9,0.0,Dinner,High Protein;Low Carb;Keto;Gluten Free,Fish;Shellfish,False,False,True
CX015202,Grilled Fillet Salmon Fillet (150G),Fish,Global,150,178.5,34.5,0.0,4.5,0.0,0.0,1.0,120.0,555.0,37.5,0.9,45.0,375.0,0.9,27.0,0.0,4.5,3.8,82.5,101.8,0.0,Dinner,High Protein;Low Carb;Keto;Gluten Free,Fish;Shellfish,False,False,True
CX015203,Grilled Fillet Salmon Fillet (200G),Fish,Global,200,238.0,46.0,0.0,6.0,0.0,0.0,1.4,160.0,740.0,50.0,1.2,60.0,500.0,1.2,36.0,0.0,6.0,5.0,110.0,135.8,0.0,Dinner,High Protein;Low Carb;Keto;Gluten Free,Fish;Shellfish,False,False,True
CX015204,Grilled Fillet Salmon Fillet (250G),Fish,Global,250,297.5,57.5,0.0,7.5,0.0,0.0,1.8,200.0,925.0,62.5,1.5,75.0,625.0,1.5,45.0,0.0,7.5,6.2,137.5,169.7,0.0,Dinner,High Protein;Low Carb;Keto;Gluten Free,Fish;Shellfish,False,False,True
CX015237,Grilled Bbq Salmon Fillet (100G),Fish,Global,100,119.0,23.0,0.0,3.0,0.0,0.0,0.7,88.0,370.0,25.0,0.6,30.0,250.0,0.6,18.0,0.0,3.0,2.5,55.0,67.9,0.0,Dinner,High Protein;Low Carb;Keto;Gluten Free,Fish;Shellfish,False,False,True
CX015238,Grilled Bbq Salmon Fillet (150G),Fish,Global,150,178.5,34.5,0.0,4.5,0.0,0.0,1.0,132.0,555.0,37.5,0.9,45.0,375.0,0.9,27.0,0.0,4.5,3.8,82.5,101.8,0.0,Dinner,High Protein;Low Carb;Keto;Gluten Free,Fish;Shellfish,False,False,True
CX015239,Grilled Bbq Salmon Fillet (200G),Fish,Global,200,238.0,46.0,0.0,6.0,0.0,0.0,1.4,176.0,740.0,50.0,1.2,60.0,500.0,1.2,36.0,0.0,6.0,5.0,110.0,135.8,0.0,Dinner,High Protein;Low Carb;Keto;Gluten Free,Fish;Shellfish,False,False,True
CX015240,Grilled Bbq Salmon Fillet (250G),Fish,Global,250,297.5,57.5,0.0,7.5,0.0,0.0,1.8,220.0,925.0,62.5,1.5,75.0,625.0,1.5,45.0,0.0,7.5,6.2,137.5,169.7,0.0,Dinner,High Protein;Low Carb;Keto;Gluten Free,Fish;Shellfish,False,False,True
CX015321,Fried Fillet Salmon Fillet (100G),Fish,Global,100,128.4,23.0,0.0,4.1,0.0,0.0,0.7,80.0,370.0,25.0,0.6,30.0,250.0,0.6,18.0,0.0,3.0,2.5,55.0,65.7,0.0,Dinner,High Protein;Low Carb;Keto;Gluten Free,Fish;Shellfish,False,False,True
CX015322,Fried Fillet Salmon Fillet (150G),Fish,Global,150,192.7,34.5,0.0,6.1,0.0,0.0,1.0,120.0,555.0,37.5,0.9,45.0,375.0,0.9,27.0,0.0,4.5,3.8,82.5,98.5,0.0,Dinner,High Protein;Low Carb;Keto;Gluten Free,Fish;Shellfish,False,False,True
CX015323,Fried Fillet Salmon Fillet (200G),Fish,Global,200,256.9,46.0,0.0,8.1,0.0,0.0,1.4,160.0,740.0,50.0,1.2,60.0,500.0,1.2,36.0,0.0,6.0,5.0,110.0,131.4,0.0,Dinner,High Protein;Low Carb;Keto;Gluten Free,Fish;Shellfish,False,False,True
CX015324,Fried Fillet Salmon Fillet (250G),Fish,Global,250,321.1,57.5,0.0,10.1,0.0,0.0,1.8,200.0,925.0,62.5,1.5,75.0,625.0,1.5,45.0,0.0,7.5,6.2,137.5,164.2,0.0,Dinner,High Protein;Low Carb;Keto;Gluten Free,Fish;Shellfish,False,False,True
CX015357,Fried Bbq Salmon Fillet (100G),Fish,Global,100,128.4,23.0,0.0,4.1,0.0,0.0,0.7,88.0,370.0,25.0,0.6,30.0,250.0,0.6,18.0,0.0,3.0,2.5,55.0,65.7,0.0,Dinner,High Protein;Low Carb;Keto;Gluten Free,Fish;Shellfish,False,False,True
CX015358,Fried Bbq Salmon Fillet (150G),Fish,Global,150,192.7,34.5,0.0,6.1,0.0,0.0,1.0,132.0,555.0,37.5,0.9,45.0,375.0,0.9,27.0,0.0,4.5,3.8,82.5,98.5,0.0,Dinner,High Protein;Low Carb;Keto;Gluten Free,Fish;Shellfish,False,False,True
CX015359,Fried Bbq Salmon Fillet (200G),Fish,Global,200,256.9,46.0,0.0,8.1,0.0,0.0,1.4,176.0,740.0,50.0,1.2,60.0,500.0,1.2,36.0,0.0,6.0,5.0,110.0,131.4,0.0,Dinner,High Protein;Low Carb;Keto;Gluten Free,Fish;Shellfish,False,False,True
CX015360,Fried Bbq Salmon Fillet (250G),Fish,Global,250,321.1,57.5,0.0,10.1,0.0,0.0,1.8,220.0,925.0,62.5,1.5,75.0,625.0,1.5,45.0,0.0,7.5,6.2,137.5,164.2,0.0,Dinner,High Protein;Low Carb;Keto;Gluten Free,Fish;Shellfish,False,False,True
CX015441,Garlic Fillet Salmon Fillet (100G),Fish,Global,100,119.0,23.0,0.0,3.0,0.0,0.0,0.7,82.4,370.0,25.0,0.6,30.0,250.0,0.6,18.0,0.0,3.0,2.5,55.0,73.0,0.0,Dinner,High Protein;Low Carb;Keto;Gluten Free,Fish;Shellfish,False,False,True
CX015442,Garlic Fillet Salmon Fillet (150G),Fish,Global,150,178.5,34.5,0.0,4.5,0.0,0.0,1.0,123.6,555.0,37.5,0.9,45.0,375.0,0.9,27.0,0.0,4.5,3.8,82.5,109.5,0.0,Dinner,High Protein;Low Carb;Keto;Gluten Free,Fish;Shellfish,False,False,True
CX015443,Garlic Fillet Salmon Fillet (200G),Fish,Global,200,238.0,46.0,0.0,6.0,0.0,0.0,1.4,164.8,740.0,50.0,1.2,60.0,500.0,1.2,36.0,0.0,6.0,5.0,110.0,146.0,0.0,Dinner,High Protein;Low Carb;Keto;Gluten Free,Fish;Shellfish,False,False,True
CX015444,Garlic Fillet Salmon Fillet (250G),Fish,Global,250,297.5,57.5,0.0,7.5,0.0,0.0,1.8,206.0,925.0,62.5,1.5,75.0,625.0,1.5,45.0,0.0,7.5,6.2,137.5,182.5,0.0,Dinner,High Protein;Low Carb;Keto;Gluten Free,Fish;Shellfish,False,False,True
CX015477,Garlic Bbq Salmon Fillet (100G),Fish,Global,100,119.0,23.0,0.0,3.0,0.0,0.0,0.7,90.6,370.0,25.0,0.6,30.0,250.0,0.6,18.0,0.0,3.0,2.5,55.0,73.0,0.0,Dinner,High Protein;Low Carb;Keto;Gluten Free,Fish;Shellfish,False,False,True
CX015478,Garlic Bbq Salmon Fillet (150G),Fish,Global,150,178.5,34.5,0.0,4.5,0.0,0.0,1.0,136.0,555.0,37.5,0.9,45.0,375.0,0.9,27.0,0.0,4.5,3.8,82.5,109.5,0.0,Dinner,High Protein;Low Carb;Keto;Gluten Free,Fish;Shellfish,False,False,True
CX015479,Garlic Bbq Salmon Fillet (200G),Fish,Global,200,238.0,46.0,0.0,6.0,0.0,0.0,1.4,181.3,740.0,50.0,1.2,60.0,500.0,1.2,36.0,0.0,6.0,5.0,110.0,146.0,0.0,Dinner,High Protein;Low Carb;Keto;Gluten Free,Fish;Shellfish,False,False,True
CX015480,Garlic Bbq Salmon Fillet (250G),Fish,Global,250,297.5,57.5,0.0,7.5,0.0,0.0,1.8,226.6,925.0,62.5,1.5,75.0,625.0,1.5,45.0,0.0,7.5,6.2,137.5,182.5,0.0,Dinner,High Protein;Low Carb;Keto;Gluten Free,Fish;Shellfish,False,False,True
CX016801,Boiled Egg (100G),Eggs,Global,100,150.4,13.0,1.1,10.4,0.0,0.0,3.3,124.0,126.0,50.0,1.8,12.0,200.0,1.2,160.0,0.0,2.0,1.1,373.0,76.0,0.0,Breakfast,High Protein;Low Carb;Keto;Vegetarian,Eggs,False,True,True
CX016802,Boiled Egg (150G),Eggs,Global,150,225.7,19.5,1.7,15.7,0.0,0.0,4.9,186.0,189.0,75.0,2.7,18.0,300.0,1.8,240.0,0.0,3.0,1.7,559.5,114.0,0.0,Breakfast,High Protein;Low Carb;Keto;Vegetarian,Eggs,False,True,True
CX016803,Boiled Egg (200G),Eggs,Global,200,300.9,26.0,2.2,20.9,0.0,0.0,6.6,248.0,252.0,100.0,3.6,24.0,400.0,2.4,320.0,0.0,4.0,2.2,746.0,152.0,0.0,Breakfast,High Protein;Low Carb;Keto;Vegetarian,Eggs,False,True,True
CX016804,Boiled Egg (250G),Eggs,Global,250,376.1,32.5,2.8,26.1,0.0,0.0,8.2,310.0,315.0,125.0,4.5,30.0,500.0,3.0,400.0,0.0,5.0,2.8,932.5,190.0,0.0,Breakfast,High Protein;Low Carb;Keto;Vegetarian,Eggs,False,True,True
CX016825,Boiled Wrap Egg (100G),Eggs,Global,100,150.5,13.0,1.1,10.4,0.0,0.0,3.3,124.0,126.0,50.0,1.8,12.0,200.0,1.2,160.0,0.0,2.0,1.1,373.0,76.0,0.0,Breakfast,High Protein;Low Carb;Keto;Vegetarian,Eggs,False,True,True
CX016826,Boiled Wrap Egg (150G),Eggs,Global,150,225.8,19.5,1.7,15.7,0.0,0.0,4.9,186.0,189.0,75.0,2.7,18.0,300.0,1.8,240.0,0.0,3.0,1.7,559.5,114.0,0.0,Breakfast,High Protein;Low Carb;Keto;Vegetarian,Eggs,False,True,True
CX016827,Boiled Wrap Egg (200G),Eggs,Global,200,301.1,26.0,2.2,20.9,0.0,0.0,6.6,248.0,252.0,100.0,3.6,24.0,400.0,2.4,320.0,0.0,4.0,2.2,746.0,152.0,0.0,Breakfast,High Protein;Low Carb;Keto;Vegetarian,Eggs,False,True,True
CX016828,Boiled Wrap Egg (250G),Eggs,Global,250,376.3,32.5,2.8,26.1,0.0,0.0,8.2,310.0,315.0,125.0,4.5,30.0,500.0,3.0,400.0,0.0,5.0,2.8,932.5,190.0,0.0,Breakfast,High Protein;Low Carb;Keto;Vegetarian,Eggs,False,True,True
CX016841,Scrambled Egg (100G),Eggs,Global,100,163.3,13.0,1.1,11.9,0.0,0.0,3.3,124.0,126.0,50.0,1.8,12.0,200.0,1.2,160.0,0.0,2.0,1.1,373.0,76.0,0.0,Breakfast,High Protein;Low Carb;Keto;Vegetarian,Eggs,False,True,True
CX016842,Scrambled Egg (150G),Eggs,Global,150,245.0,19.5,1.7,17.8,0.0,0.0,4.9,186.0,189.0,75.0,2.7,18.0,300.0,1.8,240.0,0.0,3.0,1.7,559.5,114.0,0.0,Breakfast,High Protein;Low Carb;Keto;Vegetarian,Eggs,False,True,True
CX016843,Scrambled Egg (200G),Eggs,Global,200,326.6,26.0,2.2,23.8,0.0,0.0,6.6,248.0,252.0,100.0,3.6,24.0,400.0,2.4,320.0,0.0,4.0,2.2,746.0,152.0,0.0,Breakfast,High Protein;Low Carb;Keto;Vegetarian,Eggs,False,True,True
CX016844,Scrambled Egg (250G),Eggs,Global,250,408.3,32.5,2.8,29.7,0.0,0.0,8.2,310.0,315.0,125.0,4.5,30.0,500.0,3.0,400.0,0.0,5.0,2.8,932.5,190.0,0.0,Breakfast,High Protein;Low Carb;Keto;Vegetarian,Eggs,False,True,True
CX016865,Scrambled Wrap Egg (100G),Eggs,Global,100,163.4,13.0,1.1,11.9,0.0,0.0,3.3,124.0,126.0,50.0,1.8,12.0,200.0,1.2,160.0,0.0,2.0,1.1,373.0,76.0,0.0,Breakfast,High Protein;Low Carb;Keto;Vegetarian,Eggs,False,True,True
CX016866,Scrambled Wrap Egg (150G),Eggs,Global,150,245.1,19.5,1.7,17.8,0.0,0.0,4.9,186.0,189.0,75.0,2.7,18.0,300.0,1.8,240.0,0.0,3.0,1.7,559.5,114.0,0.0,Breakfast,High Protein;Low Carb;Keto;Vegetarian,Eggs,False,True,True
CX016867,Scrambled Wrap Egg (200G),Eggs,Global,200,326.8,26.0,2.2,23.8,0.0,0.0,6.6,248.0,252.0,100.0,3.6,24.0,400.0,2.4,320.0,0.0,4.0,2.2,746.0,152.0,0.0,Breakfast,High Protein;Low Carb;Keto;Vegetarian,Eggs,False,True,True
CX016868,Scrambled Wrap Egg (250G),Eggs,Global,250,408.5,32.5,2.8,29.7,0.0,0.0,8.2,310.0,315.0,125.0,4.5,30.0,500.0,3.0,400.0,0.0,5.0,2.8,932.5,190.0,0.0,Breakfast,High Protein;Low Carb;Keto;Vegetarian,Eggs,False,True,True
CX016881,Fried Egg (100G),Eggs,Global,100,190.1,13.0,1.1,14.9,0.0,0.0,3.3,124.0,126.0,50.0,1.8,12.0,200.0,1.2,160.0,0.0,2.0,1.1,373.0,68.4,0.0,Breakfast,High Protein;Low Carb;Keto;Vegetarian,Eggs,False,True,True
CX016882,Fried Egg (150G),Eggs,Global,150,285.1,19.5,1.7,22.3,0.0,0.0,4.9,186.0,189.0,75.0,2.7,18.0,300.0,1.8,240.0,0.0,3.0,1.7,559.5,102.6,0.0,Breakfast,High Protein;Low Carb;Keto;Vegetarian,Eggs,False,True,True
CX016883,Fried Egg (200G),Eggs,Global,200,380.1,26.0,2.2,29.7,0.0,0.0,6.6,248.0,252.0,100.0,3.6,24.0,400.0,2.4,320.0,0.0,4.0,2.2,746.0,136.8,0.0,Breakfast,High Protein;Low Carb;Keto;Vegetarian,Eggs,False,True,True
CX016884,Fried Egg (250G),Eggs,Global,250,475.1,32.5,2.8,37.1,0.0,0.0,8.2,310.0,315.0,125.0,4.5,30.0,500.0,3.0,400.0,0.0,5.0,2.8,932.5,171.0,0.0,Breakfast,High Protein;Low Carb;Keto;Vegetarian,Eggs,False,True,True
CX016906,Fried Wrap Egg (150G),Eggs,Global,150,285.2,19.5,1.7,22.3,0.0,0.0,4.9,186.0,189.0,75.0,2.7,18.0,300.0,1.8,240.0,0.0,3.0,1.7,559.5,102.6,0.0,Breakfast,High Protein;Low Carb;Keto;Vegetarian,Eggs,False,True,True
CX016907,Fried Wrap Egg (200G),Eggs,Global,200,380.3,26.0,2.2,29.7,0.0,0.0,6.6,248.0,252.0,100.0,3.6,24.0,400.0,2.4,320.0,0.0,4.0,2.2,746.0,136.8,0.0,Breakfast,High Protein;Low Carb;Keto;Vegetarian,Eggs,False,True,True
CX016908,Fried Wrap Egg (250G),Eggs,Global,250,475.3,32.5,2.8,37.1,0.0,0.0,8.2,310.0,315.0,125.0,4.5,30.0,500.0,3.0,400.0,0.0,5.0,2.8,932.5,171.0,0.0,Breakfast,High Protein;Low Carb;Keto;Vegetarian,Eggs,False,True,True
CX016921,Poached Egg (100G),Eggs,Global,100,147.5,13.0,1.1,10.1,0.0,0.0,3.3,124.0,126.0,50.0,1.8,12.0,200.0,1.2,160.0,0.0,2.0,1.1,373.0,76.0,0.0,Breakfast,High Protein;Low Carb;Keto;Vegetarian,Eggs,False,True,True
CX016922,Poached Egg (150G),Eggs,Global,150,221.2,19.5,1.7,15.2,0.0,0.0,4.9,186.0,189.0,75.0,2.7,18.0,300.0,1.8,240.0,0.0,3.0,1.7,559.5,114.0,0.0,Breakfast,High Protein;Low Carb;Keto;Vegetarian,Eggs,False,True,True
CX016923,Poached Egg (200G),Eggs,Global,200,295.0,26.0,2.2,20.2,0.0,0.0,6.6,248.0,252.0,100.0,3.6,24.0,400.0,2.4,320.0,0.0,4.0,2.2,746.0,152.0,0.0,Breakfast,High Protein;Low Carb;Keto;Vegetarian,Eggs,False,True,True
CX016924,Poached Egg (250G),Eggs,Global,250,368.7,32.5,2.8,25.3,0.0,0.0,8.2,310.0,315.0,125.0,4.5,30.0,500.0,3.0,400.0,0.0,5.0,2.8,932.5,190.0,0.0,Breakfast,High Protein;Low Carb;Keto;Vegetarian,Eggs,False,True,True
CX016945,Poached Wrap Egg (100G),Eggs,Global,100,147.6,13.0,1.1,10.1,0.0,0.0,3.3,124.0,126.0,50.0,1.8,12.0,200.0,1.2,160.0,0.0,2.0,1.1,373.0,76.0,0.0,Breakfast,High Protein;Low Carb;Keto;Vegetarian,Eggs,False,True,True
CX016946,Poached Wrap Egg (150G),Eggs,Global,150,221.4,19.5,1.7,15.2,0.0,0.0,4.9,186.0,189.0,75.0,2.7,18.0,300.0,1.8,240.0,0.0,3.0,1.7,559.5,114.0,0.0,Breakfast,High Protein;Low Carb;Keto;Vegetarian,Eggs,False,True,True
CX016947,Poached Wrap Egg (200G),Eggs,Global,200,295.1,26.0,2.2,20.2,0.0,0.0,6.6,248.0,252.0,100.0,3.6,24.0,400.0,2.4,320.0,0.0,4.0,2.2,746.0,152.0,0.0,Breakfast,High Protein;Low Carb;Keto;Vegetarian,Eggs,False,True,True
CX016948,Poached Wrap Egg (250G),Eggs,Global,250,368.9,32.5,2.8,25.3,0.0,0.0,8.2,310.0,315.0,125.0,4.5,30.0,500.0,3.0,400.0,0.0,5.0,2.8,932.5,190.0,0.0,Breakfast,High Protein;Low Carb;Keto;Vegetarian,Eggs,False,True,True
CX016961,Omelet Egg (100G),Eggs,Global,100,166.9,13.4,1.1,12.1,0.0,0.0,3.3,124.0,126.0,50.0,1.8,12.0,200.0,1.2,160.0,0.0,2.0,1.1,373.0,76.0,0.0,Breakfast,High Protein;Low Carb;Keto;Vegetarian,Eggs,False,True,True
CX016962,Omelet Egg (150G),Eggs,Global,150,250.3,20.1,1.7,18.2,0.0,0.0,4.9,186.0,189.0,75.0,2.7,18.0,300.0,1.8,240.0,0.0,3.0,1.7,559.5,114.0,0.0,Breakfast,High Protein;Low Carb;Keto;Vegetarian,Eggs,False,True,True
CX016963,Omelet Egg (200G),Eggs,Global,200,333.7,26.8,2.2,24.2,0.0,0.0,6.6,248.0,252.0,100.0,3.6,24.0,400.0,2.4,320.0,0.0,4.0,2.2,746.0,152.0,0.0,Breakfast,High Protein;Low Carb;Keto;Vegetarian,Eggs,False,True,True
CX016964,Omelet Egg (250G),Eggs,Global,250,417.2,33.5,2.8,30.3,0.0,0.0,8.2,310.0,315.0,125.0,4.5,30.0,500.0,3.0,400.0,0.0,5.0,2.8,932.5,190.0,0.0,Breakfast,High Protein;Low Carb;Keto;Vegetarian,Eggs,False,True,True
CX016986,Omelet Wrap Egg (150G),Eggs,Global,150,250.4,20.1,1.7,18.2,0.0,0.0,4.9,186.0,189.0,75.0,2.7,18.0,300.0,1.8,240.0,0.0,3.0,1.7,559.5,114.0,0.0,Breakfast,High Protein;Low Carb;Keto;Vegetarian,Eggs,False,True,True
CX016987,Omelet Wrap Egg (200G),Eggs,Global,200,333.9,26.8,2.2,24.2,0.0,0.0,6.6,248.0,252.0,100.0,3.6,24.0,400.0,2.4,320.0,0.0,4.0,2.2,746.0,152.0,0.0,Breakfast,High Protein;Low Carb;Keto;Vegetarian,Eggs,False,True,True
CX016988,Omelet Wrap Egg (250G),Eggs,Global,250,417.4,33.5,2.8,30.3,0.0,0.0,8.2,310.0,315.0,125.0,4.5,30.0,500.0,3.0,400.0,0.0,5.0,2.8,932.5,190.0,0.0,Breakfast,High Protein;Low Carb;Keto;Vegetarian,Eggs,False,True,True
CX017001,Soft Boiled Egg (100G),Eggs,Global,100,155.4,13.0,1.1,11.0,0.0,0.0,3.3,124.0,126.0,50.0,1.8,12.0,200.0,1.2,160.0,0.0,2.0,1.1,373.0,76.0,0.0,Breakfast,High Protein;Low Carb;Keto;Vegetarian,Eggs,False,True,True
CX017002,Soft Boiled Egg (150G),Eggs,Global,150,233.1,19.5,1.7,16.5,0.0,0.0,4.9,186.0,189.0,75.0,2.7,18.0,300.0,1.8,240.0,0.0,3.0,1.7,559.5,114.0,0.0,Breakfast,High Protein;Low Carb;Keto;Vegetarian,Eggs,False,True,True
CX017003,Soft Boiled Egg (200G),Eggs,Global,200,310.8,26.0,2.2,22.0,0.0,0.0,6.6,248.0,252.0,100.0,3.6,24.0,400.0,2.4,320.0,0.0,4.0,2.2,746.0,152.0,0.0,Breakfast,High Protein;Low Carb;Keto;Vegetarian,Eggs,False,True,True
CX017004,Soft Boiled Egg (250G),Eggs,Global,250,388.5,32.5,2.8,27.5,0.0,0.0,8.2,310.0,315.0,125.0,4.5,30.0,500.0,3.0,400.0,0.0,5.0,2.8,932.5,190.0,0.0,Breakfast,High Protein;Low Carb;Keto;Vegetarian,Eggs,False,True,True
CX017025,Soft Boiled Wrap Egg (100G),Eggs,Global,100,155.5,13.0,1.1,11.0,0.0,0.0,3.3,124.0,126.0,50.0,1.8,12.0,200.0,1.2,160.0,0.0,2.0,1.1,373.0,76.0,0.0,Breakfast,High Protein;Low Carb;Keto;Vegetarian,Eggs,False,True,True
CX017026,Soft Boiled Wrap Egg (150G),Eggs,Global,150,233.2,19.5,1.7,16.5,0.0,0.0,4.9,186.0,189.0,75.0,2.7,18.0,300.0,1.8,240.0,0.0,3.0,1.7,559.5,114.0,0.0,Breakfast,High Protein;Low Carb;Keto;Vegetarian,Eggs,False,True,True
CX017027,Soft Boiled Wrap Egg (200G),Eggs,Global,200,311.0,26.0,2.2,22.0,0.0,0.0,6.6,248.0,252.0,100.0,3.6,24.0,400.0,2.4,320.0,0.0,4.0,2.2,746.0,152.0,0.0,Breakfast,High Protein;Low Carb;Keto;Vegetarian,Eggs,False,True,True
CX017028,Soft Boiled Wrap Egg (250G),Eggs,Global,250,388.7,32.5,2.8,27.5,0.0,0.0,8.2,310.0,315.0,125.0,4.5,30.0,500.0,3.0,400.0,0.0,5.0,2.8,932.5,190.0,0.0,Breakfast,High Protein;Low Carb;Keto;Vegetarian,Eggs,False,True,True
CX017081,Seasoned Egg (100G),Eggs,Global,100,155.4,13.0,1.1,11.0,0.0,0.0,3.3,133.9,126.0,50.0,1.8,12.0,200.0,1.2,160.0,0.0,2.0,1.1,373.0,76.0,0.0,Breakfast,High Protein;Low Carb;Keto;Vegetarian,Eggs,False,True,True
CX017082,Seasoned Egg (150G),Eggs,Global,150,233.1,19.5,1.7,16.5,0.0,0.0,4.9,200.9,189.0,75.0,2.7,18.0,300.0,1.8,240.0,0.0,3.0,1.7,559.5,114.0,0.0,Breakfast,High Protein;Low Carb;Keto;Vegetarian,Eggs,False,True,True
CX017083,Seasoned Egg (200G),Eggs,Global,200,310.8,26.0,2.2,22.0,0.0,0.0,6.6,267.8,252.0,100.0,3.6,24.0,400.0,2.4,320.0,0.0,4.0,2.2,746.0,152.0,0.0,Breakfast,High Protein;Low Carb;Keto;Vegetarian,Eggs,False,True,True
CX017084,Seasoned Egg (250G),Eggs,Global,250,388.5,32.5,2.8,27.5,0.0,0.0,8.2,334.8,315.0,125.0,4.5,30.0,500.0,3.0,400.0,0.0,5.0,2.8,932.5,190.0,0.0,Breakfast,High Protein;Low Carb;Keto;Vegetarian,Eggs,False,True,True
CX017105,Seasoned Wrap Egg (100G),Eggs,Global,100,155.5,13.0,1.1,11.0,0.0,0.0,3.3,133.9,126.0,50.0,1.8,12.0,200.0,1.2,160.0,0.0,2.0,1.1,373.0,76.0,0.0,Breakfast,High Protein;Low Carb;Keto;Vegetarian,Eggs,False,True,True
CX017106,Seasoned Wrap Egg (150G),Eggs,Global,150,233.2,19.5,1.7,16.5,0.0,0.0,4.9,200.9,189.0,75.0,2.7,18.0,300.0,1.8,240.0,0.0,3.0,1.7,559.5,114.0,0.0,Breakfast,High Protein;Low Carb;Keto;Vegetarian,Eggs,False,True,True
CX017107,Seasoned Wrap Egg (200G),Eggs,Global,200,311.0,26.0,2.2,22.0,0.0,0.0,6.6,267.8,252.0,100.0,3.6,24.0,400.0,2.4,320.0,0.0,4.0,2.2,746.0,152.0,0.0,Breakfast,High Protein;Low Carb;Keto;Vegetarian,Eggs,False,True,True
CX017108,Seasoned Wrap Egg (250G),Eggs,Global,250,388.7,32.5,2.8,27.5,0.0,0.0,8.2,334.8,315.0,125.0,4.5,30.0,500.0,3.0,400.0,0.0,5.0,2.8,932.5,190.0,0.0,Breakfast,High Protein;Low Carb;Keto;Vegetarian,Eggs,False,True,True
CX017161,Deviled Egg (100G),Eggs,Global,100,170.2,13.0,1.1,12.6,0.0,0.0,3.3,124.0,126.0,50.0,1.8,12.0,200.0,1.2,160.0,0.0,2.0,1.1,373.0,76.0,0.0,Breakfast,High Protein;Low Carb;Keto;Vegetarian,Eggs,False,True,True
CX017162,Deviled Egg (150G),Eggs,Global,150,255.4,19.5,1.7,19.0,0.0,0.0,4.9,186.0,189.0,75.0,2.7,18.0,300.0,1.8,240.0,0.0,3.0,1.7,559.5,114.0,0.0,Breakfast,High Protein;Low Carb;Keto;Vegetarian,Eggs,False,True,True
CX017163,Deviled Egg (200G),Eggs,Global,200,340.5,26.0,2.2,25.3,0.0,0.0,6.6,248.0,252.0,100.0,3.6,24.0,400.0,2.4,320.0,0.0,4.0,2.2,746.0,152.0,0.0,Breakfast,High Protein;Low Carb;Keto;Vegetarian,Eggs,False,True,True
CX017164,Deviled Egg (250G),Eggs,Global,250,425.6,32.5,2.8,31.6,0.0,0.0,8.2,310.0,315.0,125.0,4.5,30.0,500.0,3.0,400.0,0.0,5.0,2.8,932.5,190.0,0.0,Breakfast,High Protein;Low Carb;Keto;Vegetarian,Eggs,False,True,True
CX017185,Deviled Wrap Egg (100G),Eggs,Global,100,170.3,13.0,1.1,12.6,0.0,0.0,3.3,124.0,126.0,50.0,1.8,12.0,200.0,1.2,160.0,0.0,2.0,1.1,373.0,76.0,0.0,Breakfast,High Protein;Low Carb;Keto;Vegetarian,Eggs,False,True,True
CX017186,Deviled Wrap Egg (150G),Eggs,Global,150,255.5,19.5,1.7,19.0,0.0,0.0,4.9,186.0,189.0,75.0,2.7,18.0,300.0,1.8,240.0,0.0,3.0,1.7,559.5,114.0,0.0,Breakfast,High Protein;Low Carb;Keto;Vegetarian,Eggs,False,True,True
CX017187,Deviled Wrap Egg (200G),Eggs,Global,200,340.7,26.0,2.2,25.3,0.0,0.0,6.6,248.0,252.0,100.0,3.6,24.0,400.0,2.4,320.0,0.0,4.0,2.2,746.0,152.0,0.0,Breakfast,High Protein;Low Carb;Keto;Vegetarian,Eggs,False,True,True
CX017188,Deviled Wrap Egg (250G),Eggs,Global,250,425.8,32.5,2.8,31.6,0.0,0.0,8.2,310.0,315.0,125.0,4.5,30.0,500.0,3.0,400.0,0.0,5.0,2.8,932.5,190.0,0.0,Breakfast,High Protein;Low Carb;Keto;Vegetarian,Eggs,False,True,True
CX017201,Whole Milk Whole Milk (100G),Milk,Global,100,91.4,5.6,6.0,5.0,0.0,0.0,3.0,95.0,180.0,160.0,0.1,14.0,140.0,0.6,55.0,0.0,0.5,0.8,20.0,85.0,33.2,Breakfast,Vegetarian;High Protein;Balanced,Milk,False,True,True
CX017202,Whole Milk Whole Milk (150G),Milk,Global,150,137.2,8.4,9.0,7.5,0.0,0.0,4.5,142.5,270.0,240.0,0.2,21.0,210.0,0.9,82.5,0.0,0.8,1.2,30.0,127.5,49.9,Breakfast,Vegetarian;High Protein;Balanced,Milk,False,True,True
CX017203,Whole Milk Whole Milk (200G),Milk,Global,200,182.9,11.2,12.0,10.0,0.0,0.0,6.0,190.0,360.0,320.0,0.2,28.0,280.0,1.2,110.0,0.0,1.0,1.6,40.0,170.0,66.5,Breakfast,Vegetarian;High Protein;Balanced,Milk,False,True,True
CX017204,Whole Milk Whole Milk (250G),Milk,Global,250,228.6,14.0,15.0,12.5,0.0,0.0,7.5,237.5,450.0,400.0,0.2,35.0,350.0,1.5,137.5,0.0,1.2,2.0,50.0,212.5,83.1,Breakfast,Vegetarian;High Protein;Balanced,Milk,False,True,True
CX017205,Whole Cheese Whole Milk (100G),Milk,Global,100,95.5,5.7,6.0,5.4,0.0,0.0,3.0,95.0,180.0,160.0,0.1,14.0,140.0,0.6,55.0,0.0,0.5,0.8,20.0,85.0,33.2,Breakfast,Vegetarian;High Protein;Balanced,Milk,False,True,True
CX017206,Whole Cheese Whole Milk (150G),Milk,Global,150,143.2,8.6,9.0,8.1,0.0,0.0,4.5,142.5,270.0,240.0,0.2,21.0,210.0,0.9,82.5,0.0,0.8,1.2,30.0,127.5,49.9,Breakfast,Vegetarian;High Protein;Balanced,Milk,False,True,True
CX017207,Whole Cheese Whole Milk (200G),Milk,Global,200,191.0,11.4,12.0,10.8,0.0,0.0,6.0,190.0,360.0,320.0,0.2,28.0,280.0,1.2,110.0,0.0,1.0,1.6,40.0,170.0,66.5,Breakfast,Vegetarian;High Protein;Balanced,Milk,False,True,True
CX017208,Whole Cheese Whole Milk (250G),Milk,Global,250,238.7,14.3,15.0,13.5,0.0,0.0,7.5,237.5,450.0,400.0,0.2,35.0,350.0,1.5,137.5,0.0,1.2,2.0,50.0,212.5,83.1,Breakfast,Vegetarian;High Protein;Balanced,Milk,False,True,True
CX017209,Whole Yogurt Whole Milk (100G),Milk,Global,100,91.7,5.7,6.0,5.0,0.0,0.0,3.0,95.0,180.0,160.0,0.1,14.0,140.0,0.6,55.0,0.0,0.5,0.8,20.0,85.0,33.2,Breakfast,Vegetarian;High Protein;Balanced,Milk,False,True,True
CX017210,Whole Yogurt Whole Milk (150G),Milk,Global,150,137.5,8.5,9.0,7.5,0.0,0.0,4.5,142.5,270.0,240.0,0.2,21.0,210.0,0.9,82.5,0.0,0.8,1.2,30.0,127.5,49.9,Breakfast,Vegetarian;High Protein;Balanced,Milk,False,True,True
CX017211,Whole Yogurt Whole Milk (200G),Milk,Global,200,183.3,11.3,12.0,10.0,0.0,0.0,6.0,190.0,360.0,320.0,0.2,28.0,280.0,1.2,110.0,0.0,1.0,1.6,40.0,170.0,66.5,Breakfast,Vegetarian;High Protein;Balanced,Milk,False,True,True
CX017212,Whole Yogurt Whole Milk (250G),Milk,Global,250,229.2,14.2,15.0,12.5,0.0,0.0,7.5,237.5,450.0,400.0,0.2,35.0,350.0,1.5,137.5,0.0,1.2,2.0,50.0,212.5,83.1,Breakfast,Vegetarian;High Protein;Balanced,Milk,False,True,True
CX017213,Whole Butter Whole Milk (100G),Milk,Global,100,99.1,5.5,6.0,5.9,0.0,0.0,3.7,95.0,180.0,160.0,0.1,14.0,140.0,0.6,55.0,0.0,0.5,0.8,20.0,85.0,33.2,Breakfast,Vegetarian;High Protein;Balanced,Milk,False,True,True
CX017214,Whole Butter Whole Milk (150G),Milk,Global,150,148.6,8.2,9.0,8.8,0.0,0.0,5.5,142.5,270.0,240.0,0.2,21.0,210.0,0.9,82.5,0.0,0.8,1.2,30.0,127.5,49.9,Breakfast,Vegetarian;High Protein;Balanced,Milk,False,True,True
CX017215,Whole Butter Whole Milk (200G),Milk,Global,200,198.2,11.0,12.0,11.8,0.0,0.0,7.3,190.0,360.0,320.0,0.2,28.0,280.0,1.2,110.0,0.0,1.0,1.6,40.0,170.0,66.5,Breakfast,Vegetarian;High Protein;Balanced,Milk,False,True,True
CX017216,Whole Butter Whole Milk (250G),Milk,Global,250,247.8,13.8,15.0,14.8,0.0,0.0,9.2,237.5,450.0,400.0,0.2,35.0,350.0,1.5,137.5,0.0,1.2,2.0,50.0,212.5,83.1,Breakfast,Vegetarian;High Protein;Balanced,Milk,False,True,True
CX017217,Whole Custard Whole Milk (100G),Milk,Global,100,95.5,5.5,6.0,5.5,0.0,0.0,3.0,95.0,180.0,160.0,0.1,14.0,140.0,0.6,55.0,0.0,0.5,0.8,20.0,85.0,33.2,Breakfast,Vegetarian;High Protein;Balanced,Milk,False,True,True
CX017218,Whole Custard Whole Milk (150G),Milk,Global,150,143.2,8.2,9.0,8.2,0.0,0.0,4.5,142.5,270.0,240.0,0.2,21.0,210.0,0.9,82.5,0.0,0.8,1.2,30.0,127.5,49.9,Breakfast,Vegetarian;High Protein;Balanced,Milk,False,True,True
CX017219,Whole Custard Whole Milk (200G),Milk,Global,200,191.0,11.0,12.0,11.0,0.0,0.0,6.0,190.0,360.0,320.0,0.2,28.0,280.0,1.2,110.0,0.0,1.0,1.6,40.0,170.0,66.5,Breakfast,Vegetarian;High Protein;Balanced,Milk,False,True,True
CX017220,Whole Custard Whole Milk (250G),Milk,Global,250,238.8,13.8,15.0,13.8,0.0,0.0,7.5,237.5,450.0,400.0,0.2,35.0,350.0,1.5,137.5,0.0,1.2,2.0,50.0,212.5,83.1,Breakfast,Vegetarian;High Protein;Balanced,Milk,False,True,True
CX017221,Whole Spread Whole Milk (100G),Milk,Global,100,93.2,5.5,6.0,5.2,0.0,0.0,3.0,95.0,180.0,160.0,0.1,14.0,140.0,0.6,55.0,0.0,0.5,0.8,20.0,85.0,33.2,Breakfast,Vegetarian;High Protein;Balanced,Milk,False,True,True
CX017222,Whole Spread Whole Milk (150G),Milk,Global,150,139.9,8.2,9.0,7.9,0.0,0.0,4.5,142.5,270.0,240.0,0.2,21.0,210.0,0.9,82.5,0.0,0.8,1.2,30.0,127.5,49.9,Breakfast,Vegetarian;High Protein;Balanced,Milk,False,True,True
CX017223,Whole Spread Whole Milk (200G),Milk,Global,200,186.5,11.0,12.0,10.5,0.0,0.0,6.0,190.0,360.0,320.0,0.2,28.0,280.0,1.2,110.0,0.0,1.0,1.6,40.0,170.0,66.5,Breakfast,Vegetarian;High Protein;Balanced,Milk,False,True,True
CX017224,Whole Spread Whole Milk (250G),Milk,Global,250,233.1,13.8,15.0,13.1,0.0,0.0,7.5,237.5,450.0,400.0,0.2,35.0,350.0,1.5,137.5,0.0,1.2,2.0,50.0,212.5,83.1,Breakfast,Vegetarian;High Protein;Balanced,Milk,False,True,True
CX017225,Whole Whipped Whole Milk (100G),Milk,Global,100,96.4,5.5,6.0,5.6,0.0,0.0,3.0,95.0,180.0,160.0,0.1,14.0,140.0,0.6,55.0,0.0,0.5,0.8,20.0,85.0,33.2,Breakfast,Vegetarian;High Protein;Balanced,Milk,False,True,True
CX017226,Whole Whipped Whole Milk (150G),Milk,Global,150,144.6,8.2,9.0,8.4,0.0,0.0,4.5,142.5,270.0,240.0,0.2,21.0,210.0,0.9,82.5,0.0,0.8,1.2,30.0,127.5,49.9,Breakfast,Vegetarian;High Protein;Balanced,Milk,False,True,True
CX017227,Whole Whipped Whole Milk (200G),Milk,Global,200,192.8,11.0,12.0,11.2,0.0,0.0,6.0,190.0,360.0,320.0,0.2,28.0,280.0,1.2,110.0,0.0,1.0,1.6,40.0,170.0,66.5,Breakfast,Vegetarian;High Protein;Balanced,Milk,False,True,True
CX017228,Whole Whipped Whole Milk (250G),Milk,Global,250,241.0,13.8,15.0,14.0,0.0,0.0,7.5,237.5,450.0,400.0,0.2,35.0,350.0,1.5,137.5,0.0,1.2,2.0,50.0,212.5,83.1,Breakfast,Vegetarian;High Protein;Balanced,Milk,False,True,True
CX017229,Whole Soft Whole Milk (100G),Milk,Global,100,91.0,5.5,6.0,5.0,0.0,0.0,3.0,95.0,180.0,160.0,0.1,14.0,140.0,0.6,55.0,0.0,0.5,0.8,20.0,86.7,33.2,Breakfast,Vegetarian;High Protein;Balanced,Milk,False,True,True
CX017230,Whole Soft Whole Milk (150G),Milk,Global,150,136.5,8.2,9.0,7.5,0.0,0.0,4.5,142.5,270.0,240.0,0.2,21.0,210.0,0.9,82.5,0.0,0.8,1.2,30.0,130.1,49.9,Breakfast,Vegetarian;High Protein;Balanced,Milk,False,True,True
CX017231,Whole Soft Whole Milk (200G),Milk,Global,200,182.0,11.0,12.0,10.0,0.0,0.0,6.0,190.0,360.0,320.0,0.2,28.0,280.0,1.2,110.0,0.0,1.0,1.6,40.0,173.4,66.5,Breakfast,Vegetarian;High Protein;Balanced,Milk,False,True,True
CX017232,Whole Soft Whole Milk (250G),Milk,Global,250,227.5,13.8,15.0,12.5,0.0,0.0,7.5,237.5,450.0,400.0,0.2,35.0,350.0,1.5,137.5,0.0,1.2,2.0,50.0,216.8,83.1,Breakfast,Vegetarian;High Protein;Balanced,Milk,False,True,True
CX017233,Whole Aged Whole Milk (100G),Milk,Global,100,91.4,5.6,6.0,5.0,0.0,0.0,3.0,104.5,180.0,160.0,0.1,14.0,140.0,0.6,55.0,0.0,0.5,0.8,20.0,85.0,33.2,Breakfast,Vegetarian;High Protein;Balanced,Milk,False,True,True
CX017234,Whole Aged Whole Milk (150G),Milk,Global,150,137.2,8.4,9.0,7.5,0.0,0.0,4.5,156.8,270.0,240.0,0.2,21.0,210.0,0.9,82.5,0.0,0.8,1.2,30.0,127.5,49.9,Breakfast,Vegetarian;High Protein;Balanced,Milk,False,True,True
CX017235,Whole Aged Whole Milk (200G),Milk,Global,200,182.9,11.2,12.0,10.0,0.0,0.0,6.0,209.0,360.0,320.0,0.2,28.0,280.0,1.2,110.0,0.0,1.0,1.6,40.0,170.0,66.5,Breakfast,Vegetarian;High Protein;Balanced,Milk,False,True,True
CX017236,Whole Aged Whole Milk (250G),Milk,Global,250,228.6,14.0,15.0,12.5,0.0,0.0,7.5,261.2,450.0,400.0,0.2,35.0,350.0,1.5,137.5,0.0,1.2,2.0,50.0,212.5,83.1,Breakfast,Vegetarian;High Protein;Balanced,Milk,False,True,True
CX017241,Low Fat Milk Whole Milk (100G),Milk,Global,100,66.7,5.6,6.0,2.2,0.0,0.0,3.0,95.0,180.0,160.0,0.1,14.0,140.0,0.6,55.0,0.0,0.5,0.8,20.0,85.0,35.0,Breakfast,Vegetarian;High Protein;Balanced,Milk,False,True,True
CX017242,Low Fat Milk Whole Milk (150G),Milk,Global,150,100.0,8.4,9.0,3.4,0.0,0.0,4.5,142.5,270.0,240.0,0.2,21.0,210.0,0.9,82.5,0.0,0.8,1.2,30.0,127.5,52.5,Breakfast,Vegetarian;High Protein;Balanced,Milk,False,True,True
CX017243,Low Fat Milk Whole Milk (200G),Milk,Global,200,133.4,11.2,12.0,4.5,0.0,0.0,6.0,190.0,360.0,320.0,0.2,28.0,280.0,1.2,110.0,0.0,1.0,1.6,40.0,170.0,70.0,Breakfast,Vegetarian;High Protein;Balanced,Milk,False,True,True
CX017244,Low Fat Milk Whole Milk (250G),Milk,Global,250,166.7,14.0,15.0,5.6,0.0,0.0,7.5,237.5,450.0,400.0,0.2,35.0,350.0,1.5,137.5,0.0,1.2,2.0,50.0,212.5,87.5,Breakfast,Vegetarian;High Protein;Balanced,Milk,False,True,True
CX017245,Low Fat Cheese Whole Milk (100G),Milk,Global,100,68.8,5.7,6.0,2.4,0.0,0.0,3.0,95.0,180.0,160.0,0.1,14.0,140.0,0.6,55.0,0.0,0.5,0.8,20.0,85.0,35.0,Breakfast,Vegetarian;High Protein;Balanced,Milk,False,True,True
CX017246,Low Fat Cheese Whole Milk (150G),Milk,Global,150,103.1,8.6,9.0,3.6,0.0,0.0,4.5,142.5,270.0,240.0,0.2,21.0,210.0,0.9,82.5,0.0,0.8,1.2,30.0,127.5,52.5,Breakfast,Vegetarian;High Protein;Balanced,Milk,False,True,True
CX017247,Low Fat Cheese Whole Milk (200G),Milk,Global,200,137.5,11.4,12.0,4.9,0.0,0.0,6.0,190.0,360.0,320.0,0.2,28.0,280.0,1.2,110.0,0.0,1.0,1.6,40.0,170.0,70.0,Breakfast,Vegetarian;High Protein;Balanced,Milk,False,True,True
CX017248,Low Fat Cheese Whole Milk (250G),Milk,Global,250,171.9,14.3,15.0,6.1,0.0,0.0,7.5,237.5,450.0,400.0,0.2,35.0,350.0,1.5,137.5,0.0,1.2,2.0,50.0,212.5,87.5,Breakfast,Vegetarian;High Protein;Balanced,Milk,False,True,True
CX017249,Low Fat Yogurt Whole Milk (100G),Milk,Global,100,66.9,5.7,6.0,2.2,0.0,0.0,3.0,95.0,180.0,160.0,0.1,14.0,140.0,0.6,55.0,0.0,0.5,0.8,20.0,85.0,35.0,Breakfast,Vegetarian;High Protein;Balanced,Milk,False,True,True
CX017250,Low Fat Yogurt Whole Milk (150G),Milk,Global,150,100.4,8.5,9.0,3.4,0.0,0.0,4.5,142.5,270.0,240.0,0.2,21.0,210.0,0.9,82.5,0.0,0.8,1.2,30.0,127.5,52.5,Breakfast,Vegetarian;High Protein;Balanced,Milk,False,True,True
CX017251,Low Fat Yogurt Whole Milk (200G),Milk,Global,200,133.8,11.3,12.0,4.5,0.0,0.0,6.0,190.0,360.0,320.0,0.2,28.0,280.0,1.2,110.0,0.0,1.0,1.6,40.0,170.0,70.0,Breakfast,Vegetarian;High Protein;Balanced,Milk,False,True,True
CX017252,Low Fat Yogurt Whole Milk (250G),Milk,Global,250,167.3,14.2,15.0,5.6,0.0,0.0,7.5,237.5,450.0,400.0,0.2,35.0,350.0,1.5,137.5,0.0,1.2,2.0,50.0,212.5,87.5,Breakfast,Vegetarian;High Protein;Balanced,Milk,False,True,True
CX017253,Low Fat Butter Whole Milk (100G),Milk,Global,100,69.9,5.5,6.0,2.7,0.0,0.0,3.7,95.0,180.0,160.0,0.1,14.0,140.0,0.6,55.0,0.0,0.5,0.8,20.0,85.0,35.0,Breakfast,Vegetarian;High Protein;Balanced,Milk,False,True,True
CX017254,Low Fat Butter Whole Milk (150G),Milk,Global,150,104.8,8.2,9.0,4.0,0.0,0.0,5.5,142.5,270.0,240.0,0.2,21.0,210.0,0.9,82.5,0.0,0.8,1.2,30.0,127.5,52.5,Breakfast,Vegetarian;High Protein;Balanced,Milk,False,True,True
CX017255,Low Fat Butter Whole Milk (200G),Milk,Global,200,139.8,11.0,12.0,5.3,0.0,0.0,7.3,190.0,360.0,320.0,0.2,28.0,280.0,1.2,110.0,0.0,1.0,1.6,40.0,170.0,70.0,Breakfast,Vegetarian;High Protein;Balanced,Milk,False,True,True
CX017256,Low Fat Butter Whole Milk (250G),Milk,Global,250,174.7,13.8,15.0,6.6,0.0,0.0,9.2,237.5,450.0,400.0,0.2,35.0,350.0,1.5,137.5,0.0,1.2,2.0,50.0,212.5,87.5,Breakfast,Vegetarian;High Protein;Balanced,Milk,False,True,True
CX017257,Low Fat Custard Whole Milk (100G),Milk,Global,100,68.3,5.5,6.0,2.5,0.0,0.0,3.0,95.0,180.0,160.0,0.1,14.0,140.0,0.6,55.0,0.0,0.5,0.8,20.0,85.0,35.0,Breakfast,Vegetarian;High Protein;Balanced,Milk,False,True,True
CX017258,Low Fat Custard Whole Milk (150G),Milk,Global,150,102.4,8.2,9.0,3.7,0.0,0.0,4.5,142.5,270.0,240.0,0.2,21.0,210.0,0.9,82.5,0.0,0.8,1.2,30.0,127.5,52.5,Breakfast,Vegetarian;High Protein;Balanced,Milk,False,True,True
CX017259,Low Fat Custard Whole Milk (200G),Milk,Global,200,136.6,11.0,12.0,5.0,0.0,0.0,6.0,190.0,360.0,320.0,0.2,28.0,280.0,1.2,110.0,0.0,1.0,1.6,40.0,170.0,70.0,Breakfast,Vegetarian;High Protein;Balanced,Milk,False,True,True
CX017260,Low Fat Custard Whole Milk (250G),Milk,Global,250,170.7,13.8,15.0,6.2,0.0,0.0,7.5,237.5,450.0,400.0,0.2,35.0,350.0,1.5,137.5,0.0,1.2,2.0,50.0,212.5,87.5,Breakfast,Vegetarian;High Protein;Balanced,Milk,False,True,True
CX017261,Low Fat Spread Whole Milk (100G),Milk,Global,100,67.3,5.5,6.0,2.4,0.0,0.0,3.0,95.0,180.0,160.0,0.1,14.0,140.0,0.6,55.0,0.0,0.5,0.8,20.0,85.0,35.0,Breakfast,Vegetarian;High Protein;Balanced,Milk,False,True,True
CX017262,Low Fat Spread Whole Milk (150G),Milk,Global,150,100.9,8.2,9.0,3.5,0.0,0.0,4.5,142.5,270.0,240.0,0.2,21.0,210.0,0.9,82.5,0.0,0.8,1.2,30.0,127.5,52.5,Breakfast,Vegetarian;High Protein;Balanced,Milk,False,True,True
CX017263,Low Fat Spread Whole Milk (200G),Milk,Global,200,134.5,11.0,12.0,4.7,0.0,0.0,6.0,190.0,360.0,320.0,0.2,28.0,280.0,1.2,110.0,0.0,1.0,1.6,40.0,170.0,70.0,Breakfast,Vegetarian;High Protein;Balanced,Milk,False,True,True
CX017264,Low Fat Spread Whole Milk (250G),Milk,Global,250,168.2,13.8,15.0,5.9,0.0,0.0,7.5,237.5,450.0,400.0,0.2,35.0,350.0,1.5,137.5,0.0,1.2,2.0,50.0,212.5,87.5,Breakfast,Vegetarian;High Protein;Balanced,Milk,False,True,True
CX017265,Low Fat Whipped Whole Milk (100G),Milk,Global,100,68.7,5.5,6.0,2.5,0.0,0.0,3.0,95.0,180.0,160.0,0.1,14.0,140.0,0.6,55.0,0.0,0.5,0.8,20.0,85.0,35.0,Breakfast,Vegetarian;High Protein;Balanced,Milk,False,True,True
CX017266,Low Fat Whipped Whole Milk (150G),Milk,Global,150,103.0,8.2,9.0,3.8,0.0,0.0,4.5,142.5,270.0,240.0,0.2,21.0,210.0,0.9,82.5,0.0,0.8,1.2,30.0,127.5,52.5,Breakfast,Vegetarian;High Protein;Balanced,Milk,False,True,True
CX017267,Low Fat Whipped Whole Milk (200G),Milk,Global,200,137.4,11.0,12.0,5.0,0.0,0.0,6.0,190.0,360.0,320.0,0.2,28.0,280.0,1.2,110.0,0.0,1.0,1.6,40.0,170.0,70.0,Breakfast,Vegetarian;High Protein;Balanced,Milk,False,True,True
CX017268,Low Fat Whipped Whole Milk (250G),Milk,Global,250,171.7,13.8,15.0,6.3,0.0,0.0,7.5,237.5,450.0,400.0,0.2,35.0,350.0,1.5,137.5,0.0,1.2,2.0,50.0,212.5,87.5,Breakfast,Vegetarian;High Protein;Balanced,Milk,False,True,True
CX017269,Low Fat Soft Whole Milk (100G),Milk,Global,100,66.2,5.5,6.0,2.2,0.0,0.0,3.0,95.0,180.0,160.0,0.1,14.0,140.0,0.6,55.0,0.0,0.5,0.8,20.0,86.7,35.0,Breakfast,Vegetarian;High Protein;Balanced,Milk,False,True,True
CX017270,Low Fat Soft Whole Milk (150G),Milk,Global,150,99.4,8.2,9.0,3.4,0.0,0.0,4.5,142.5,270.0,240.0,0.2,21.0,210.0,0.9,82.5,0.0,0.8,1.2,30.0,130.1,52.5,Breakfast,Vegetarian;High Protein;Balanced,Milk,False,True,True
CX017271,Low Fat Soft Whole Milk (200G),Milk,Global,200,132.5,11.0,12.0,4.5,0.0,0.0,6.0,190.0,360.0,320.0,0.2,28.0,280.0,1.2,110.0,0.0,1.0,1.6,40.0,173.4,70.0,Breakfast,Vegetarian;High Protein;Balanced,Milk,False,True,True
CX017272,Low Fat Soft Whole Milk (250G),Milk,Global,250,165.6,13.8,15.0,5.6,0.0,0.0,7.5,237.5,450.0,400.0,0.2,35.0,350.0,1.5,137.5,0.0,1.2,2.0,50.0,216.8,87.5,Breakfast,Vegetarian;High Protein;Balanced,Milk,False,True,True
CX017273,Low Fat Aged Whole Milk (100G),Milk,Global,100,66.7,5.6,6.0,2.2,0.0,0.0,3.0,104.5,180.0,160.0,0.1,14.0,140.0,0.6,55.0,0.0,0.5,0.8,20.0,85.0,35.0,Breakfast,Vegetarian;High Protein;Balanced,Milk,False,True,True
CX017274,Low Fat Aged Whole Milk (150G),Milk,Global,150,100.0,8.4,9.0,3.4,0.0,0.0,4.5,156.8,270.0,240.0,0.2,21.0,210.0,0.9,82.5,0.0,0.8,1.2,30.0,127.5,52.5,Breakfast,Vegetarian;High Protein;Balanced,Milk,False,True,True
CX017275,Low Fat Aged Whole Milk (200G),Milk,Global,200,133.4,11.2,12.0,4.5,0.0,0.0,6.0,209.0,360.0,320.0,0.2,28.0,280.0,1.2,110.0,0.0,1.0,1.6,40.0,170.0,70.0,Breakfast,Vegetarian;High Protein;Balanced,Milk,False,True,True
CX017276,Low Fat Aged Whole Milk (250G),Milk,Global,250,166.7,14.0,15.0,5.6,0.0,0.0,7.5,261.2,450.0,400.0,0.2,35.0,350.0,1.5,137.5,0.0,1.2,2.0,50.0,212.5,87.5,Breakfast,Vegetarian;High Protein;Balanced,Milk,False,True,True
CX017281,Skim Milk Whole Milk (100G),Milk,Global,100,51.8,5.6,6.0,0.6,0.0,0.0,3.0,95.0,180.0,160.0,0.1,14.0,140.0,0.6,55.0,0.0,0.5,0.8,20.0,85.0,35.0,Breakfast,Vegetarian;High Protein;Balanced,Milk,False,True,True
CX017282,Skim Milk Whole Milk (150G),Milk,Global,150,77.8,8.4,9.0,0.9,0.0,0.0,4.5,142.5,270.0,240.0,0.2,21.0,210.0,0.9,82.5,0.0,0.8,1.2,30.0,127.5,52.5,Breakfast,Vegetarian;High Protein;Balanced,Milk,False,True,True
CX017283,Skim Milk Whole Milk (200G),Milk,Global,200,103.7,11.2,12.0,1.2,0.0,0.0,6.0,190.0,360.0,320.0,0.2,28.0,280.0,1.2,110.0,0.0,1.0,1.6,40.0,170.0,70.0,Breakfast,Vegetarian;High Protein;Balanced,Milk,False,True,True
CX017284,Skim Milk Whole Milk (250G),Milk,Global,250,129.6,14.0,15.0,1.5,0.0,0.0,7.5,237.5,450.0,400.0,0.2,35.0,350.0,1.5,137.5,0.0,1.2,2.0,50.0,212.5,87.5,Breakfast,Vegetarian;High Protein;Balanced,Milk,False,True,True
CX017285,Skim Cheese Whole Milk (100G),Milk,Global,100,52.7,5.7,6.0,0.6,0.0,0.0,3.0,95.0,180.0,160.0,0.1,14.0,140.0,0.6,55.0,0.0,0.5,0.8,20.0,85.0,35.0,Breakfast,Vegetarian;High Protein;Balanced,Milk,False,True,True
CX017286,Skim Cheese Whole Milk (150G),Milk,Global,150,79.1,8.6,9.0,1.0,0.0,0.0,4.5,142.5,270.0,240.0,0.2,21.0,210.0,0.9,82.5,0.0,0.8,1.2,30.0,127.5,52.5,Breakfast,Vegetarian;High Protein;Balanced,Milk,False,True,True
CX017287,Skim Cheese Whole Milk (200G),Milk,Global,200,105.4,11.4,12.0,1.3,0.0,0.0,6.0,190.0,360.0,320.0,0.2,28.0,280.0,1.2,110.0,0.0,1.0,1.6,40.0,170.0,70.0,Breakfast,Vegetarian;High Protein;Balanced,Milk,False,True,True
CX017288,Skim Cheese Whole Milk (250G),Milk,Global,250,131.8,14.3,15.0,1.6,0.0,0.0,7.5,237.5,450.0,400.0,0.2,35.0,350.0,1.5,137.5,0.0,1.2,2.0,50.0,212.5,87.5,Breakfast,Vegetarian;High Protein;Balanced,Milk,False,True,True
CX017289,Skim Yogurt Whole Milk (100G),Milk,Global,100,52.1,5.7,6.0,0.6,0.0,0.0,3.0,95.0,180.0,160.0,0.1,14.0,140.0,0.6,55.0,0.0,0.5,0.8,20.0,85.0,35.0,Breakfast,Vegetarian;High Protein;Balanced,Milk,False,True,True
CX017290,Skim Yogurt Whole Milk (150G),Milk,Global,150,78.1,8.5,9.0,0.9,0.0,0.0,4.5,142.5,270.0,240.0,0.2,21.0,210.0,0.9,82.5,0.0,0.8,1.2,30.0,127.5,52.5,Breakfast,Vegetarian;High Protein;Balanced,Milk,False,True,True
CX017291,Skim Yogurt Whole Milk (200G),Milk,Global,200,104.1,11.3,12.0,1.2,0.0,0.0,6.0,190.0,360.0,320.0,0.2,28.0,280.0,1.2,110.0,0.0,1.0,1.6,40.0,170.0,70.0,Breakfast,Vegetarian;High Protein;Balanced,Milk,False,True,True
CX017292,Skim Yogurt Whole Milk (250G),Milk,Global,250,130.2,14.2,15.0,1.5,0.0,0.0,7.5,237.5,450.0,400.0,0.2,35.0,350.0,1.5,137.5,0.0,1.2,2.0,50.0,212.5,87.5,Breakfast,Vegetarian;High Protein;Balanced,Milk,False,True,True
CX017293,Skim Butter Whole Milk (100G),Milk,Global,100,52.4,5.5,6.0,0.7,0.0,0.0,3.7,95.0,180.0,160.0,0.1,14.0,140.0,0.6,55.0,0.0,0.5,0.8,20.0,85.0,35.0,Breakfast,Vegetarian;High Protein;Balanced,Milk,False,True,True
CX017294,Skim Butter Whole Milk (150G),Milk,Global,150,78.6,8.2,9.0,1.1,0.0,0.0,5.5,142.5,270.0,240.0,0.2,21.0,210.0,0.9,82.5,0.0,0.8,1.2,30.0,127.5,52.5,Breakfast,Vegetarian;High Protein;Balanced,Milk,False,True,True
CX017295,Skim Butter Whole Milk (200G),Milk,Global,200,104.7,11.0,12.0,1.4,0.0,0.0,7.3,190.0,360.0,320.0,0.2,28.0,280.0,1.2,110.0,0.0,1.0,1.6,40.0,170.0,70.0,Breakfast,Vegetarian;High Protein;Balanced,Milk,False,True,True
CX017296,Skim Butter Whole Milk (250G),Milk,Global,250,130.9,13.8,15.0,1.8,0.0,0.0,9.2,237.5,450.0,400.0,0.2,35.0,350.0,1.5,137.5,0.0,1.2,2.0,50.0,212.5,87.5,Breakfast,Vegetarian;High Protein;Balanced,Milk,False,True,True
CX017297,Skim Custard Whole Milk (100G),Milk,Global,100,51.9,5.5,6.0,0.7,0.0,0.0,3.0,95.0,180.0,160.0,0.1,14.0,140.0,0.6,55.0,0.0,0.5,0.8,20.0,85.0,35.0,Breakfast,Vegetarian;High Protein;Balanced,Milk,False,True,True
CX017298,Skim Custard Whole Milk (150G),Milk,Global,150,77.9,8.2,9.0,1.0,0.0,0.0,4.5,142.5,270.0,240.0,0.2,21.0,210.0,0.9,82.5,0.0,0.8,1.2,30.0,127.5,52.5,Breakfast,Vegetarian;High Protein;Balanced,Milk,False,True,True
CX017299,Skim Custard Whole Milk (200G),Milk,Global,200,103.9,11.0,12.0,1.3,0.0,0.0,6.0,190.0,360.0,320.0,0.2,28.0,280.0,1.2,110.0,0.0,1.0,1.6,40.0,170.0,70.0,Breakfast,Vegetarian;High Protein;Balanced,Milk,False,True,True
CX017300,Skim Custard Whole Milk (250G),Milk,Global,250,129.8,13.8,15.0,1.7,0.0,0.0,7.5,237.5,450.0,400.0,0.2,35.0,350.0,1.5,137.5,0.0,1.2,2.0,50.0,212.5,87.5,Breakfast,Vegetarian;High Protein;Balanced,Milk,False,True,True
CX017301,Skim Spread Whole Milk (100G),Milk,Global,100,51.7,5.5,6.0,0.6,0.0,0.0,3.0,95.0,180.0,160.0,0.1,14.0,140.0,0.6,55.0,0.0,0.5,0.8,20.0,85.0,35.0,Breakfast,Vegetarian;High Protein;Balanced,Milk,False,True,True
CX017302,Skim Spread Whole Milk (150G),Milk,Global,150,77.5,8.2,9.0,0.9,0.0,0.0,4.5,142.5,270.0,240.0,0.2,21.0,210.0,0.9,82.5,0.0,0.8,1.2,30.0,127.5,52.5,Breakfast,Vegetarian;High Protein;Balanced,Milk,False,True,True
CX017303,Skim Spread Whole Milk (200G),Milk,Global,200,103.3,11.0,12.0,1.3,0.0,0.0,6.0,190.0,360.0,320.0,0.2,28.0,280.0,1.2,110.0,0.0,1.0,1.6,40.0,170.0,70.0,Breakfast,Vegetarian;High Protein;Balanced,Milk,False,True,True
CX017304,Skim Spread Whole Milk (250G),Milk,Global,250,129.2,13.8,15.0,1.6,0.0,0.0,7.5,237.5,450.0,400.0,0.2,35.0,350.0,1.5,137.5,0.0,1.2,2.0,50.0,212.5,87.5,Breakfast,Vegetarian;High Protein;Balanced,Milk,False,True,True
CX017305,Skim Whipped Whole Milk (100G),Milk,Global,100,52.0,5.5,6.0,0.7,0.0,0.0,3.0,95.0,180.0,160.0,0.1,14.0,140.0,0.6,55.0,0.0,0.5,0.8,20.0,85.0,35.0,Breakfast,Vegetarian;High Protein;Balanced,Milk,False,True,True
CX017306,Skim Whipped Whole Milk (150G),Milk,Global,150,78.1,8.2,9.0,1.0,0.0,0.0,4.5,142.5,270.0,240.0,0.2,21.0,210.0,0.9,82.5,0.0,0.8,1.2,30.0,127.5,52.5,Breakfast,Vegetarian;High Protein;Balanced,Milk,False,True,True
CX017307,Skim Whipped Whole Milk (200G),Milk,Global,200,104.1,11.0,12.0,1.3,0.0,0.0,6.0,190.0,360.0,320.0,0.2,28.0,280.0,1.2,110.0,0.0,1.0,1.6,40.0,170.0,70.0,Breakfast,Vegetarian;High Protein;Balanced,Milk,False,True,True
CX017308,Skim Whipped Whole Milk (250G),Milk,Global,250,130.1,13.8,15.0,1.7,0.0,0.0,7.5,237.5,450.0,400.0,0.2,35.0,350.0,1.5,137.5,0.0,1.2,2.0,50.0,212.5,87.5,Breakfast,Vegetarian;High Protein;Balanced,Milk,False,True,True
CX017309,Skim Soft Whole Milk (100G),Milk,Global,100,51.4,5.5,6.0,0.6,0.0,0.0,3.0,95.0,180.0,160.0,0.1,14.0,140.0,0.6,55.0,0.0,0.5,0.8,20.0,86.7,35.0,Breakfast,Vegetarian;High Protein;Balanced,Milk,False,True,True
CX017310,Skim Soft Whole Milk (150G),Milk,Global,150,77.1,8.2,9.0,0.9,0.0,0.0,4.5,142.5,270.0,240.0,0.2,21.0,210.0,0.9,82.5,0.0,0.8,1.2,30.0,130.1,52.5,Breakfast,Vegetarian;High Protein;Balanced,Milk,False,True,True
CX017311,Skim Soft Whole Milk (200G),Milk,Global,200,102.8,11.0,12.0,1.2,0.0,0.0,6.0,190.0,360.0,320.0,0.2,28.0,280.0,1.2,110.0,0.0,1.0,1.6,40.0,173.4,70.0,Breakfast,Vegetarian;High Protein;Balanced,Milk,False,True,True
CX017312,Skim Soft Whole Milk (250G),Milk,Global,250,128.5,13.8,15.0,1.5,0.0,0.0,7.5,237.5,450.0,400.0,0.2,35.0,350.0,1.5,137.5,0.0,1.2,2.0,50.0,216.8,87.5,Breakfast,Vegetarian;High Protein;Balanced,Milk,False,True,True
CX017313,Skim Aged Whole Milk (100G),Milk,Global,100,51.8,5.6,6.0,0.6,0.0,0.0,3.0,104.5,180.0,160.0,0.1,14.0,140.0,0.6,55.0,0.0,0.5,0.8,20.0,85.0,35.0,Breakfast,Vegetarian;High Protein;Balanced,Milk,False,True,True
CX017314,Skim Aged Whole Milk (150G),Milk,Global,150,77.8,8.4,9.0,0.9,0.0,0.0,4.5,156.8,270.0,240.0,0.2,21.0,210.0,0.9,82.5,0.0,0.8,1.2,30.0,127.5,52.5,Breakfast,Vegetarian;High Protein;Balanced,Milk,False,True,True
CX017315,Skim Aged Whole Milk (200G),Milk,Global,200,103.7,11.2,12.0,1.2,0.0,0.0,6.0,209.0,360.0,320.0,0.2,28.0,280.0,1.2,110.0,0.0,1.0,1.6,40.0,170.0,70.0,Breakfast,Vegetarian;High Protein;Balanced,Milk,False,True,True
CX017316,Skim Aged Whole Milk (250G),Milk,Global,250,129.6,14.0,15.0,1.5,0.0,0.0,7.5,261.2,450.0,400.0,0.2,35.0,350.0,1.5,137.5,0.0,1.2,2.0,50.0,212.5,87.5,Breakfast,Vegetarian;High Protein;Balanced,Milk,False,True,True
CX017361,Greek Milk Whole Milk (100G),Milk,Global,100,95.9,6.7,6.0,5.0,0.0,0.0,3.0,95.0,180.0,160.0,0.1,14.0,140.0,0.6,55.0,0.0,0.5,0.8,20.0,85.0,35.0,Breakfast,Vegetarian;High Protein;Balanced,Milk,False,True,True
CX017362,Greek Milk Whole Milk (150G),Milk,Global,150,143.9,10.1,9.0,7.5,0.0,0.0,4.5,142.5,270.0,240.0,0.2,21.0,210.0,0.9,82.5,0.0,0.8,1.2,30.0,127.5,52.5,Breakfast,Vegetarian;High Protein;Balanced,Milk,False,True,True
CX017363,Greek Milk Whole Milk (200G),Milk,Global,200,191.9,13.5,12.0,10.0,0.0,0.0,6.0,190.0,360.0,320.0,0.2,28.0,280.0,1.2,110.0,0.0,1.0,1.6,40.0,170.0,70.0,Breakfast,Vegetarian;High Protein;Balanced,Milk,False,True,True
CX017364,Greek Milk Whole Milk (250G),Milk,Global,250,239.8,16.8,15.0,12.5,0.0,0.0,7.5,237.5,450.0,400.0,0.2,35.0,350.0,1.5,137.5,0.0,1.2,2.0,50.0,212.5,87.5,Breakfast,Vegetarian;High Protein;Balanced,Milk,False,True,True
CX017365,Greek Cheese Whole Milk (100G),Milk,Global,100,100.1,6.9,6.0,5.4,0.0,0.0,3.0,95.0,180.0,160.0,0.1,14.0,140.0,0.6,55.0,0.0,0.5,0.8,20.0,85.0,35.0,Breakfast,Vegetarian;High Protein;Balanced,Milk,False,True,True
CX017366,Greek Cheese Whole Milk (150G),Milk,Global,150,150.1,10.3,9.0,8.1,0.0,0.0,4.5,142.5,270.0,240.0,0.2,21.0,210.0,0.9,82.5,0.0,0.8,1.2,30.0,127.5,52.5,Breakfast,Vegetarian;High Protein;Balanced,Milk,False,True,True
CX017367,Greek Cheese Whole Milk (200G),Milk,Global,200,200.1,13.7,12.0,10.8,0.0,0.0,6.0,190.0,360.0,320.0,0.2,28.0,280.0,1.2,110.0,0.0,1.0,1.6,40.0,170.0,70.0,Breakfast,Vegetarian;High Protein;Balanced,Milk,False,True,True
CX017368,Greek Cheese Whole Milk (250G),Milk,Global,250,250.1,17.2,15.0,13.5,0.0,0.0,7.5,237.5,450.0,400.0,0.2,35.0,350.0,1.5,137.5,0.0,1.2,2.0,50.0,212.5,87.5,Breakfast,Vegetarian;High Protein;Balanced,Milk,False,True,True
CX017369,Greek Yogurt Whole Milk (100G),Milk,Global,100,96.2,6.8,6.0,5.0,0.0,0.0,3.0,95.0,180.0,160.0,0.1,14.0,140.0,0.6,55.0,0.0,0.5,0.8,20.0,85.0,35.0,Breakfast,Vegetarian;High Protein;Balanced,Milk,False,True,True
CX017370,Greek Yogurt Whole Milk (150G),Milk,Global,150,144.3,10.2,9.0,7.5,0.0,0.0,4.5,142.5,270.0,240.0,0.2,21.0,210.0,0.9,82.5,0.0,0.8,1.2,30.0,127.5,52.5,Breakfast,Vegetarian;High Protein;Balanced,Milk,False,True,True
CX017371,Greek Yogurt Whole Milk (200G),Milk,Global,200,192.4,13.6,12.0,10.0,0.0,0.0,6.0,190.0,360.0,320.0,0.2,28.0,280.0,1.2,110.0,0.0,1.0,1.6,40.0,170.0,70.0,Breakfast,Vegetarian;High Protein;Balanced,Milk,False,True,True
CX017372,Greek Yogurt Whole Milk (250G),Milk,Global,250,240.5,17.0,15.0,12.5,0.0,0.0,7.5,237.5,450.0,400.0,0.2,35.0,350.0,1.5,137.5,0.0,1.2,2.0,50.0,212.5,87.5,Breakfast,Vegetarian;High Protein;Balanced,Milk,False,True,True
CX017373,Greek Butter Whole Milk (100G),Milk,Global,100,103.5,6.6,6.0,5.9,0.0,0.0,3.7,95.0,180.0,160.0,0.1,14.0,140.0,0.6,55.0,0.0,0.5,0.8,20.0,85.0,35.0,Breakfast,Vegetarian;High Protein;Balanced,Milk,False,True,True
CX017374,Greek Butter Whole Milk (150G),Milk,Global,150,155.2,9.9,9.0,8.8,0.0,0.0,5.5,142.5,270.0,240.0,0.2,21.0,210.0,0.9,82.5,0.0,0.8,1.2,30.0,127.5,52.5,Breakfast,Vegetarian;High Protein;Balanced,Milk,False,True,True
CX017375,Greek Butter Whole Milk (200G),Milk,Global,200,207.0,13.2,12.0,11.8,0.0,0.0,7.3,190.0,360.0,320.0,0.2,28.0,280.0,1.2,110.0,0.0,1.0,1.6,40.0,170.0,70.0,Breakfast,Vegetarian;High Protein;Balanced,Milk,False,True,True
CX017376,Greek Butter Whole Milk (250G),Milk,Global,250,258.8,16.5,15.0,14.8,0.0,0.0,9.2,237.5,450.0,400.0,0.2,35.0,350.0,1.5,137.5,0.0,1.2,2.0,50.0,212.5,87.5,Breakfast,Vegetarian;High Protein;Balanced,Milk,False,True,True
CX017377,Greek Custard Whole Milk (100G),Milk,Global,100,99.9,6.6,6.0,5.5,0.0,0.0,3.0,95.0,180.0,160.0,0.1,14.0,140.0,0.6,55.0,0.0,0.5,0.8,20.0,85.0,35.0,Breakfast,Vegetarian;High Protein;Balanced,Milk,False,True,True
CX017378,Greek Custard Whole Milk (150G),Milk,Global,150,149.8,9.9,9.0,8.2,0.0,0.0,4.5,142.5,270.0,240.0,0.2,21.0,210.0,0.9,82.5,0.0,0.8,1.2,30.0,127.5,52.5,Breakfast,Vegetarian;High Protein;Balanced,Milk,False,True,True
CX017379,Greek Custard Whole Milk (200G),Milk,Global,200,199.8,13.2,12.0,11.0,0.0,0.0,6.0,190.0,360.0,320.0,0.2,28.0,280.0,1.2,110.0,0.0,1.0,1.6,40.0,170.0,70.0,Breakfast,Vegetarian;High Protein;Balanced,Milk,False,True,True
CX017380,Greek Custard Whole Milk (250G),Milk,Global,250,249.8,16.5,15.0,13.8,0.0,0.0,7.5,237.5,450.0,400.0,0.2,35.0,350.0,1.5,137.5,0.0,1.2,2.0,50.0,212.5,87.5,Breakfast,Vegetarian;High Protein;Balanced,Milk,False,True,True
CX017381,Greek Spread Whole Milk (100G),Milk,Global,100,97.7,6.6,6.0,5.2,0.0,0.0,3.0,95.0,180.0,160.0,0.1,14.0,140.0,0.6,55.0,0.0,0.5,0.8,20.0,85.0,35.0,Breakfast,Vegetarian;High Protein;Balanced,Milk,False,True,True
CX017382,Greek Spread Whole Milk (150G),Milk,Global,150,146.5,9.9,9.0,7.9,0.0,0.0,4.5,142.5,270.0,240.0,0.2,21.0,210.0,0.9,82.5,0.0,0.8,1.2,30.0,127.5,52.5,Breakfast,Vegetarian;High Protein;Balanced,Milk,False,True,True
CX017383,Greek Spread Whole Milk (200G),Milk,Global,200,195.3,13.2,12.0,10.5,0.0,0.0,6.0,190.0,360.0,320.0,0.2,28.0,280.0,1.2,110.0,0.0,1.0,1.6,40.0,170.0,70.0,Breakfast,Vegetarian;High Protein;Balanced,Milk,False,True,True
CX017384,Greek Spread Whole Milk (250G),Milk,Global,250,244.1,16.5,15.0,13.1,0.0,0.0,7.5,237.5,450.0,400.0,0.2,35.0,350.0,1.5,137.5,0.0,1.2,2.0,50.0,212.5,87.5,Breakfast,Vegetarian;High Protein;Balanced,Milk,False,True,True
CX017385,Greek Whipped Whole Milk (100G),Milk,Global,100,100.8,6.6,6.0,5.6,0.0,0.0,3.0,95.0,180.0,160.0,0.1,14.0,140.0,0.6,55.0,0.0,0.5,0.8,20.0,85.0,35.0,Breakfast,Vegetarian;High Protein;Balanced,Milk,False,True,True
CX017386,Greek Whipped Whole Milk (150G),Milk,Global,150,151.2,9.9,9.0,8.4,0.0,0.0,4.5,142.5,270.0,240.0,0.2,21.0,210.0,0.9,82.5,0.0,0.8,1.2,30.0,127.5,52.5,Breakfast,Vegetarian;High Protein;Balanced,Milk,False,True,True
CX017387,Greek Whipped Whole Milk (200G),Milk,Global,200,201.6,13.2,12.0,11.2,0.0,0.0,6.0,190.0,360.0,320.0,0.2,28.0,280.0,1.2,110.0,0.0,1.0,1.6,40.0,170.0,70.0,Breakfast,Vegetarian;High Protein;Balanced,Milk,False,True,True
CX017388,Greek Whipped Whole Milk (250G),Milk,Global,250,252.0,16.5,15.0,14.0,0.0,0.0,7.5,237.5,450.0,400.0,0.2,35.0,350.0,1.5,137.5,0.0,1.2,2.0,50.0,212.5,87.5,Breakfast,Vegetarian;High Protein;Balanced,Milk,False,True,True
CX017389,Greek Soft Whole Milk (100G),Milk,Global,100,95.4,6.6,6.0,5.0,0.0,0.0,3.0,95.0,180.0,160.0,0.1,14.0,140.0,0.6,55.0,0.0,0.5,0.8,20.0,86.7,35.0,Breakfast,Vegetarian;High Protein;Balanced,Milk,False,True,True
CX017390,Greek Soft Whole Milk (150G),Milk,Global,150,143.1,9.9,9.0,7.5,0.0,0.0,4.5,142.5,270.0,240.0,0.2,21.0,210.0,0.9,82.5,0.0,0.8,1.2,30.0,130.1,52.5,Breakfast,Vegetarian;High Protein;Balanced,Milk,False,True,True
CX017391,Greek Soft Whole Milk (200G),Milk,Global,200,190.8,13.2,12.0,10.0,0.0,0.0,6.0,190.0,360.0,320.0,0.2,28.0,280.0,1.2,110.0,0.0,1.0,1.6,40.0,173.4,70.0,Breakfast,Vegetarian;High Protein;Balanced,Milk,False,True,True
CX017392,Greek Soft Whole Milk (250G),Milk,Global,250,238.5,16.5,15.0,12.5,0.0,0.0,7.5,237.5,450.0,400.0,0.2,35.0,350.0,1.5,137.5,0.0,1.2,2.0,50.0,216.8,87.5,Breakfast,Vegetarian;High Protein;Balanced,Milk,False,True,True
CX017393,Greek Aged Whole Milk (100G),Milk,Global,100,95.9,6.7,6.0,5.0,0.0,0.0,3.0,104.5,180.0,160.0,0.1,14.0,140.0,0.6,55.0,0.0,0.5,0.8,20.0,85.0,35.0,Breakfast,Vegetarian;High Protein;Balanced,Milk,False,True,True
CX017394,Greek Aged Whole Milk (150G),Milk,Global,150,143.9,10.1,9.0,7.5,0.0,0.0,4.5,156.8,270.0,240.0,0.2,21.0,210.0,0.9,82.5,0.0,0.8,1.2,30.0,127.5,52.5,Breakfast,Vegetarian;High Protein;Balanced,Milk,False,True,True
CX017395,Greek Aged Whole Milk (200G),Milk,Global,200,191.9,13.5,12.0,10.0,0.0,0.0,6.0,209.0,360.0,320.0,0.2,28.0,280.0,1.2,110.0,0.0,1.0,1.6,40.0,170.0,70.0,Breakfast,Vegetarian;High Protein;Balanced,Milk,False,True,True
CX017396,Greek Aged Whole Milk (250G),Milk,Global,250,239.8,16.8,15.0,12.5,0.0,0.0,7.5,261.2,450.0,400.0,0.2,35.0,350.0,1.5,137.5,0.0,1.2,2.0,50.0,212.5,87.5,Breakfast,Vegetarian;High Protein;Balanced,Milk,False,True,True
CX017481,Cultured Milk Whole Milk (100G),Milk,Global,100,92.6,5.9,6.0,5.0,0.0,0.0,3.0,95.0,180.0,160.0,0.1,14.0,140.0,0.6,55.0,0.0,0.5,0.8,20.0,85.0,35.0,Breakfast,Vegetarian;High Protein;Balanced,Milk,False,True,True
CX017482,Cultured Milk Whole Milk (150G),Milk,Global,150,138.8,8.8,9.0,7.5,0.0,0.0,4.5,142.5,270.0,240.0,0.2,21.0,210.0,0.9,82.5,0.0,0.8,1.2,30.0,127.5,52.5,Breakfast,Vegetarian;High Protein;Balanced,Milk,False,True,True
CX017483,Cultured Milk Whole Milk (200G),Milk,Global,200,185.1,11.8,12.0,10.0,0.0,0.0,6.0,190.0,360.0,320.0,0.2,28.0,280.0,1.2,110.0,0.0,1.0,1.6,40.0,170.0,70.0,Breakfast,Vegetarian;High Protein;Balanced,Milk,False,True,True
CX017484,Cultured Milk Whole Milk (250G),Milk,Global,250,231.4,14.7,15.0,12.5,0.0,0.0,7.5,237.5,450.0,400.0,0.2,35.0,350.0,1.5,137.5,0.0,1.2,2.0,50.0,212.5,87.5,Breakfast,Vegetarian;High Protein;Balanced,Milk,False,True,True
CX017485,Cultured Cheese Whole Milk (100G),Milk,Global,100,96.6,6.0,6.0,5.4,0.0,0.0,3.0,95.0,180.0,160.0,0.1,14.0,140.0,0.6,55.0,0.0,0.5,0.8,20.0,85.0,35.0,Breakfast,Vegetarian;High Protein;Balanced,Milk,False,True,True
CX017486,Cultured Cheese Whole Milk (150G),Milk,Global,150,144.9,9.0,9.0,8.1,0.0,0.0,4.5,142.5,270.0,240.0,0.2,21.0,210.0,0.9,82.5,0.0,0.8,1.2,30.0,127.5,52.5,Breakfast,Vegetarian;High Protein;Balanced,Milk,False,True,True
CX017487,Cultured Cheese Whole Milk (200G),Milk,Global,200,193.2,12.0,12.0,10.8,0.0,0.0,6.0,190.0,360.0,320.0,0.2,28.0,280.0,1.2,110.0,0.0,1.0,1.6,40.0,170.0,70.0,Breakfast,Vegetarian;High Protein;Balanced,Milk,False,True,True
CX017488,Cultured Cheese Whole Milk (250G),Milk,Global,250,241.6,15.0,15.0,13.5,0.0,0.0,7.5,237.5,450.0,400.0,0.2,35.0,350.0,1.5,137.5,0.0,1.2,2.0,50.0,212.5,87.5,Breakfast,Vegetarian;High Protein;Balanced,Milk,False,True,True
CX017489,Cultured Yogurt Whole Milk (100G),Milk,Global,100,92.8,5.9,6.0,5.0,0.0,0.0,3.0,95.0,180.0,160.0,0.1,14.0,140.0,0.6,55.0,0.0,0.5,0.8,20.0,85.0,35.0,Breakfast,Vegetarian;High Protein;Balanced,Milk,False,True,True
CX017490,Cultured Yogurt Whole Milk (150G),Milk,Global,150,139.2,8.9,9.0,7.5,0.0,0.0,4.5,142.5,270.0,240.0,0.2,21.0,210.0,0.9,82.5,0.0,0.8,1.2,30.0,127.5,52.5,Breakfast,Vegetarian;High Protein;Balanced,Milk,False,True,True
CX017491,Cultured Yogurt Whole Milk (200G),Milk,Global,200,185.6,11.9,12.0,10.0,0.0,0.0,6.0,190.0,360.0,320.0,0.2,28.0,280.0,1.2,110.0,0.0,1.0,1.6,40.0,170.0,70.0,Breakfast,Vegetarian;High Protein;Balanced,Milk,False,True,True
CX017492,Cultured Yogurt Whole Milk (250G),Milk,Global,250,232.0,14.9,15.0,12.5,0.0,0.0,7.5,237.5,450.0,400.0,0.2,35.0,350.0,1.5,137.5,0.0,1.2,2.0,50.0,212.5,87.5,Breakfast,Vegetarian;High Protein;Balanced,Milk,False,True,True
CX017493,Cultured Butter Whole Milk (100G),Milk,Global,100,100.2,5.8,6.0,5.9,0.0,0.0,3.7,95.0,180.0,160.0,0.1,14.0,140.0,0.6,55.0,0.0,0.5,0.8,20.0,85.0,35.0,Breakfast,Vegetarian;High Protein;Balanced,Milk,False,True,True
CX017494,Cultured Butter Whole Milk (150G),Milk,Global,150,150.3,8.7,9.0,8.8,0.0,0.0,5.5,142.5,270.0,240.0,0.2,21.0,210.0,0.9,82.5,0.0,0.8,1.2,30.0,127.5,52.5,Breakfast,Vegetarian;High Protein;Balanced,Milk,False,True,True
CX017495,Cultured Butter Whole Milk (200G),Milk,Global,200,200.4,11.6,12.0,11.8,0.0,0.0,7.3,190.0,360.0,320.0,0.2,28.0,280.0,1.2,110.0,0.0,1.0,1.6,40.0,170.0,70.0,Breakfast,Vegetarian;High Protein;Balanced,Milk,False,True,True
CX017496,Cultured Butter Whole Milk (250G),Milk,Global,250,250.5,14.4,15.0,14.8,0.0,0.0,9.2,237.5,450.0,400.0,0.2,35.0,350.0,1.5,137.5,0.0,1.2,2.0,50.0,212.5,87.5,Breakfast,Vegetarian;High Protein;Balanced,Milk,False,True,True
CX017497,Cultured Custard Whole Milk (100G),Milk,Global,100,96.6,5.8,6.0,5.5,0.0,0.0,3.0,95.0,180.0,160.0,0.1,14.0,140.0,0.6,55.0,0.0,0.5,0.8,20.0,85.0,35.0,Breakfast,Vegetarian;High Protein;Balanced,Milk,False,True,True
CX017498,Cultured Custard Whole Milk (150G),Milk,Global,150,144.9,8.7,9.0,8.2,0.0,0.0,4.5,142.5,270.0,240.0,0.2,21.0,210.0,0.9,82.5,0.0,0.8,1.2,30.0,127.5,52.5,Breakfast,Vegetarian;High Protein;Balanced,Milk,False,True,True
CX017499,Cultured Custard Whole Milk (200G),Milk,Global,200,193.2,11.6,12.0,11.0,0.0,0.0,6.0,190.0,360.0,320.0,0.2,28.0,280.0,1.2,110.0,0.0,1.0,1.6,40.0,170.0,70.0,Breakfast,Vegetarian;High Protein;Balanced,Milk,False,True,True
CX017500,Cultured Custard Whole Milk (250G),Milk,Global,250,241.5,14.4,15.0,13.8,0.0,0.0,7.5,237.5,450.0,400.0,0.2,35.0,350.0,1.5,137.5,0.0,1.2,2.0,50.0,212.5,87.5,Breakfast,Vegetarian;High Protein;Balanced,Milk,False,True,True
CX017501,Cultured Spread Whole Milk (100G),Milk,Global,100,94.3,5.8,6.0,5.2,0.0,0.0,3.0,95.0,180.0,160.0,0.1,14.0,140.0,0.6,55.0,0.0,0.5,0.8,20.0,85.0,35.0,Breakfast,Vegetarian;High Protein;Balanced,Milk,False,True,True
CX017502,Cultured Spread Whole Milk (150G),Milk,Global,150,141.5,8.7,9.0,7.9,0.0,0.0,4.5,142.5,270.0,240.0,0.2,21.0,210.0,0.9,82.5,0.0,0.8,1.2,30.0,127.5,52.5,Breakfast,Vegetarian;High Protein;Balanced,Milk,False,True,True
CX017503,Cultured Spread Whole Milk (200G),Milk,Global,200,188.7,11.6,12.0,10.5,0.0,0.0,6.0,190.0,360.0,320.0,0.2,28.0,280.0,1.2,110.0,0.0,1.0,1.6,40.0,170.0,70.0,Breakfast,Vegetarian;High Protein;Balanced,Milk,False,True,True
CX017504,Cultured Spread Whole Milk (250G),Milk,Global,250,235.9,14.4,15.0,13.1,0.0,0.0,7.5,237.5,450.0,400.0,0.2,35.0,350.0,1.5,137.5,0.0,1.2,2.0,50.0,212.5,87.5,Breakfast,Vegetarian;High Protein;Balanced,Milk,False,True,True
CX017505,Cultured Whipped Whole Milk (100G),Milk,Global,100,97.5,5.8,6.0,5.6,0.0,0.0,3.0,95.0,180.0,160.0,0.1,14.0,140.0,0.6,55.0,0.0,0.5,0.8,20.0,85.0,35.0,Breakfast,Vegetarian;High Protein;Balanced,Milk,False,True,True
CX017506,Cultured Whipped Whole Milk (150G),Milk,Global,150,146.2,8.7,9.0,8.4,0.0,0.0,4.5,142.5,270.0,240.0,0.2,21.0,210.0,0.9,82.5,0.0,0.8,1.2,30.0,127.5,52.5,Breakfast,Vegetarian;High Protein;Balanced,Milk,False,True,True
CX017507,Cultured Whipped Whole Milk (200G),Milk,Global,200,195.0,11.6,12.0,11.2,0.0,0.0,6.0,190.0,360.0,320.0,0.2,28.0,280.0,1.2,110.0,0.0,1.0,1.6,40.0,170.0,70.0,Breakfast,Vegetarian;High Protein;Balanced,Milk,False,True,True
CX017508,Cultured Whipped Whole Milk (250G),Milk,Global,250,243.8,14.4,15.0,14.0,0.0,0.0,7.5,237.5,450.0,400.0,0.2,35.0,350.0,1.5,137.5,0.0,1.2,2.0,50.0,212.5,87.5,Breakfast,Vegetarian;High Protein;Balanced,Milk,False,True,True
CX017509,Cultured Soft Whole Milk (100G),Milk,Global,100,92.1,5.8,6.0,5.0,0.0,0.0,3.0,95.0,180.0,160.0,0.1,14.0,140.0,0.6,55.0,0.0,0.5,0.8,20.0,86.7,35.0,Breakfast,Vegetarian;High Protein;Balanced,Milk,False,True,True
CX017510,Cultured Soft Whole Milk (150G),Milk,Global,150,138.2,8.7,9.0,7.5,0.0,0.0,4.5,142.5,270.0,240.0,0.2,21.0,210.0,0.9,82.5,0.0,0.8,1.2,30.0,130.1,52.5,Breakfast,Vegetarian;High Protein;Balanced,Milk,False,True,True
CX017511,Cultured Soft Whole Milk (200G),Milk,Global,200,184.2,11.6,12.0,10.0,0.0,0.0,6.0,190.0,360.0,320.0,0.2,28.0,280.0,1.2,110.0,0.0,1.0,1.6,40.0,173.4,70.0,Breakfast,Vegetarian;High Protein;Balanced,Milk,False,True,True
CX017512,Cultured Soft Whole Milk (250G),Milk,Global,250,230.2,14.4,15.0,12.5,0.0,0.0,7.5,237.5,450.0,400.0,0.2,35.0,350.0,1.5,137.5,0.0,1.2,2.0,50.0,216.8,87.5,Breakfast,Vegetarian;High Protein;Balanced,Milk,False,True,True
CX017513,Cultured Aged Whole Milk (100G),Milk,Global,100,92.6,5.9,6.0,5.0,0.0,0.0,3.0,104.5,180.0,160.0,0.1,14.0,140.0,0.6,55.0,0.0,0.5,0.8,20.0,85.0,35.0,Breakfast,Vegetarian;High Protein;Balanced,Milk,False,True,True
CX017514,Cultured Aged Whole Milk (150G),Milk,Global,150,138.8,8.8,9.0,7.5,0.0,0.0,4.5,156.8,270.0,240.0,0.2,21.0,210.0,0.9,82.5,0.0,0.8,1.2,30.0,127.5,52.5,Breakfast,Vegetarian;High Protein;Balanced,Milk,False,True,True
CX017515,Cultured Aged Whole Milk (200G),Milk,Global,200,185.1,11.8,12.0,10.0,0.0,0.0,6.0,209.0,360.0,320.0,0.2,28.0,280.0,1.2,110.0,0.0,1.0,1.6,40.0,170.0,70.0,Breakfast,Vegetarian;High Protein;Balanced,Milk,False,True,True
CX017516,Cultured Aged Whole Milk (250G),Milk,Global,250,231.4,14.7,15.0,12.5,0.0,0.0,7.5,261.2,450.0,400.0,0.2,35.0,350.0,1.5,137.5,0.0,1.2,2.0,50.0,212.5,87.5,Breakfast,Vegetarian;High Protein;Balanced,Milk,False,True,True
CX017521,Creamy Milk Whole Milk (100G),Milk,Global,100,95.0,5.6,6.0,5.4,0.0,0.0,3.0,95.0,180.0,160.0,0.1,14.0,140.0,0.6,55.0,0.0,0.5,0.8,20.0,85.0,35.0,Breakfast,Vegetarian;High Protein;Balanced,Milk,False,True,True
CX017522,Creamy Milk Whole Milk (150G),Milk,Global,150,142.6,8.4,9.0,8.1,0.0,0.0,4.5,142.5,270.0,240.0,0.2,21.0,210.0,0.9,82.5,0.0,0.8,1.2,30.0,127.5,52.5,Breakfast,Vegetarian;High Protein;Balanced,Milk,False,True,True
CX017523,Creamy Milk Whole Milk (200G),Milk,Global,200,190.1,11.2,12.0,10.8,0.0,0.0,6.0,190.0,360.0,320.0,0.2,28.0,280.0,1.2,110.0,0.0,1.0,1.6,40.0,170.0,70.0,Breakfast,Vegetarian;High Protein;Balanced,Milk,False,True,True
CX017524,Creamy Milk Whole Milk (250G),Milk,Global,250,237.6,14.0,15.0,13.5,0.0,0.0,7.5,237.5,450.0,400.0,0.2,35.0,350.0,1.5,137.5,0.0,1.2,2.0,50.0,212.5,87.5,Breakfast,Vegetarian;High Protein;Balanced,Milk,False,True,True
CX017525,Creamy Cheese Whole Milk (100G),Milk,Global,100,99.4,5.7,6.0,5.8,0.0,0.0,3.0,95.0,180.0,160.0,0.1,14.0,140.0,0.6,55.0,0.0,0.5,0.8,20.0,85.0,35.0,Breakfast,Vegetarian;High Protein;Balanced,Milk,False,True,True
CX017526,Creamy Cheese Whole Milk (150G),Milk,Global,150,149.1,8.6,9.0,8.7,0.0,0.0,4.5,142.5,270.0,240.0,0.2,21.0,210.0,0.9,82.5,0.0,0.8,1.2,30.0,127.5,52.5,Breakfast,Vegetarian;High Protein;Balanced,Milk,False,True,True
CX017527,Creamy Cheese Whole Milk (200G),Milk,Global,200,198.7,11.4,12.0,11.7,0.0,0.0,6.0,190.0,360.0,320.0,0.2,28.0,280.0,1.2,110.0,0.0,1.0,1.6,40.0,170.0,70.0,Breakfast,Vegetarian;High Protein;Balanced,Milk,False,True,True
CX017528,Creamy Cheese Whole Milk (250G),Milk,Global,250,248.4,14.3,15.0,14.6,0.0,0.0,7.5,237.5,450.0,400.0,0.2,35.0,350.0,1.5,137.5,0.0,1.2,2.0,50.0,212.5,87.5,Breakfast,Vegetarian;High Protein;Balanced,Milk,False,True,True
CX017529,Creamy Yogurt Whole Milk (100G),Milk,Global,100,95.3,5.7,6.0,5.4,0.0,0.0,3.0,95.0,180.0,160.0,0.1,14.0,140.0,0.6,55.0,0.0,0.5,0.8,20.0,85.0,35.0,Breakfast,Vegetarian;High Protein;Balanced,Milk,False,True,True
CX017530,Creamy Yogurt Whole Milk (150G),Milk,Global,150,142.9,8.5,9.0,8.1,0.0,0.0,4.5,142.5,270.0,240.0,0.2,21.0,210.0,0.9,82.5,0.0,0.8,1.2,30.0,127.5,52.5,Breakfast,Vegetarian;High Protein;Balanced,Milk,False,True,True
CX017531,Creamy Yogurt Whole Milk (200G),Milk,Global,200,190.5,11.3,12.0,10.8,0.0,0.0,6.0,190.0,360.0,320.0,0.2,28.0,280.0,1.2,110.0,0.0,1.0,1.6,40.0,170.0,70.0,Breakfast,Vegetarian;High Protein;Balanced,Milk,False,True,True
CX017532,Creamy Yogurt Whole Milk (250G),Milk,Global,250,238.2,14.2,15.0,13.5,0.0,0.0,7.5,237.5,450.0,400.0,0.2,35.0,350.0,1.5,137.5,0.0,1.2,2.0,50.0,212.5,87.5,Breakfast,Vegetarian;High Protein;Balanced,Milk,False,True,True
CX017533,Creamy Butter Whole Milk (100G),Milk,Global,100,103.3,5.5,6.0,6.4,0.0,0.0,3.7,95.0,180.0,160.0,0.1,14.0,140.0,0.6,55.0,0.0,0.5,0.8,20.0,85.0,35.0,Breakfast,Vegetarian;High Protein;Balanced,Milk,False,True,True
CX017534,Creamy Butter Whole Milk (150G),Milk,Global,150,155.0,8.2,9.0,9.6,0.0,0.0,5.5,142.5,270.0,240.0,0.2,21.0,210.0,0.9,82.5,0.0,0.8,1.2,30.0,127.5,52.5,Breakfast,Vegetarian;High Protein;Balanced,Milk,False,True,True
CX017535,Creamy Butter Whole Milk (200G),Milk,Global,200,206.7,11.0,12.0,12.7,0.0,0.0,7.3,190.0,360.0,320.0,0.2,28.0,280.0,1.2,110.0,0.0,1.0,1.6,40.0,170.0,70.0,Breakfast,Vegetarian;High Protein;Balanced,Milk,False,True,True
CX017536,Creamy Butter Whole Milk (250G),Milk,Global,250,258.4,13.8,15.0,15.9,0.0,0.0,9.2,237.5,450.0,400.0,0.2,35.0,350.0,1.5,137.5,0.0,1.2,2.0,50.0,212.5,87.5,Breakfast,Vegetarian;High Protein;Balanced,Milk,False,True,True
CX017537,Creamy Custard Whole Milk (100G),Milk,Global,100,99.5,5.5,6.0,5.9,0.0,0.0,3.0,95.0,180.0,160.0,0.1,14.0,140.0,0.6,55.0,0.0,0.5,0.8,20.0,85.0,35.0,Breakfast,Vegetarian;High Protein;Balanced,Milk,False,True,True
CX017538,Creamy Custard Whole Milk (150G),Milk,Global,150,149.2,8.2,9.0,8.9,0.0,0.0,4.5,142.5,270.0,240.0,0.2,21.0,210.0,0.9,82.5,0.0,0.8,1.2,30.0,127.5,52.5,Breakfast,Vegetarian;High Protein;Balanced,Milk,False,True,True
CX017539,Creamy Custard Whole Milk (200G),Milk,Global,200,198.9,11.0,12.0,11.9,0.0,0.0,6.0,190.0,360.0,320.0,0.2,28.0,280.0,1.2,110.0,0.0,1.0,1.6,40.0,170.0,70.0,Breakfast,Vegetarian;High Protein;Balanced,Milk,False,True,True
CX017540,Creamy Custard Whole Milk (250G),Milk,Global,250,248.7,13.8,15.0,14.9,0.0,0.0,7.5,237.5,450.0,400.0,0.2,35.0,350.0,1.5,137.5,0.0,1.2,2.0,50.0,212.5,87.5,Breakfast,Vegetarian;High Protein;Balanced,Milk,False,True,True
CX017541,Creamy Spread Whole Milk (100G),Milk,Global,100,97.0,5.5,6.0,5.7,0.0,0.0,3.0,95.0,180.0,160.0,0.1,14.0,140.0,0.6,55.0,0.0,0.5,0.8,20.0,85.0,35.0,Breakfast,Vegetarian;High Protein;Balanced,Milk,False,True,True
CX017542,Creamy Spread Whole Milk (150G),Milk,Global,150,145.5,8.2,9.0,8.5,0.0,0.0,4.5,142.5,270.0,240.0,0.2,21.0,210.0,0.9,82.5,0.0,0.8,1.2,30.0,127.5,52.5,Breakfast,Vegetarian;High Protein;Balanced,Milk,False,True,True
CX017543,Creamy Spread Whole Milk (200G),Milk,Global,200,194.1,11.0,12.0,11.3,0.0,0.0,6.0,190.0,360.0,320.0,0.2,28.0,280.0,1.2,110.0,0.0,1.0,1.6,40.0,170.0,70.0,Breakfast,Vegetarian;High Protein;Balanced,Milk,False,True,True
CX017544,Creamy Spread Whole Milk (250G),Milk,Global,250,242.6,13.8,15.0,14.2,0.0,0.0,7.5,237.5,450.0,400.0,0.2,35.0,350.0,1.5,137.5,0.0,1.2,2.0,50.0,212.5,87.5,Breakfast,Vegetarian;High Protein;Balanced,Milk,False,True,True
CX017545,Creamy Whipped Whole Milk (100G),Milk,Global,100,100.4,5.5,6.0,6.0,0.0,0.0,3.0,95.0,180.0,160.0,0.1,14.0,140.0,0.6,55.0,0.0,0.5,0.8,20.0,85.0,35.0,Breakfast,Vegetarian;High Protein;Balanced,Milk,False,True,True
CX017546,Creamy Whipped Whole Milk (150G),Milk,Global,150,150.6,8.2,9.0,9.1,0.0,0.0,4.5,142.5,270.0,240.0,0.2,21.0,210.0,0.9,82.5,0.0,0.8,1.2,30.0,127.5,52.5,Breakfast,Vegetarian;High Protein;Balanced,Milk,False,True,True
CX017547,Creamy Whipped Whole Milk (200G),Milk,Global,200,200.9,11.0,12.0,12.1,0.0,0.0,6.0,190.0,360.0,320.0,0.2,28.0,280.0,1.2,110.0,0.0,1.0,1.6,40.0,170.0,70.0,Breakfast,Vegetarian;High Protein;Balanced,Milk,False,True,True
CX017548,Creamy Whipped Whole Milk (250G),Milk,Global,250,251.1,13.8,15.0,15.1,0.0,0.0,7.5,237.5,450.0,400.0,0.2,35.0,350.0,1.5,137.5,0.0,1.2,2.0,50.0,212.5,87.5,Breakfast,Vegetarian;High Protein;Balanced,Milk,False,True,True
CX017549,Creamy Soft Whole Milk (100G),Milk,Global,100,94.6,5.5,6.0,5.4,0.0,0.0,3.0,95.0,180.0,160.0,0.1,14.0,140.0,0.6,55.0,0.0,0.5,0.8,20.0,86.7,35.0,Breakfast,Vegetarian;High Protein;Balanced,Milk,False,True,True
CX017550,Creamy Soft Whole Milk (150G),Milk,Global,150,141.9,8.2,9.0,8.1,0.0,0.0,4.5,142.5,270.0,240.0,0.2,21.0,210.0,0.9,82.5,0.0,0.8,1.2,30.0,130.1,52.5,Breakfast,Vegetarian;High Protein;Balanced,Milk,False,True,True
CX017551,Creamy Soft Whole Milk (200G),Milk,Global,200,189.2,11.0,12.0,10.8,0.0,0.0,6.0,190.0,360.0,320.0,0.2,28.0,280.0,1.2,110.0,0.0,1.0,1.6,40.0,173.4,70.0,Breakfast,Vegetarian;High Protein;Balanced,Milk,False,True,True
CX017552,Creamy Soft Whole Milk (250G),Milk,Global,250,236.5,13.8,15.0,13.5,0.0,0.0,7.5,237.5,450.0,400.0,0.2,35.0,350.0,1.5,137.5,0.0,1.2,2.0,50.0,216.8,87.5,Breakfast,Vegetarian;High Protein;Balanced,Milk,False,True,True
CX017553,Creamy Aged Whole Milk (100G),Milk,Global,100,95.0,5.6,6.0,5.4,0.0,0.0,3.0,104.5,180.0,160.0,0.1,14.0,140.0,0.6,55.0,0.0,0.5,0.8,20.0,85.0,35.0,Breakfast,Vegetarian;High Protein;Balanced,Milk,False,True,True
CX017554,Creamy Aged Whole Milk (150G),Milk,Global,150,142.6,8.4,9.0,8.1,0.0,0.0,4.5,156.8,270.0,240.0,0.2,21.0,210.0,0.9,82.5,0.0,0.8,1.2,30.0,127.5,52.5,Breakfast,Vegetarian;High Protein;Balanced,Milk,False,True,True
CX017555,Creamy Aged Whole Milk (200G),Milk,Global,200,190.1,11.2,12.0,10.8,0.0,0.0,6.0,209.0,360.0,320.0,0.2,28.0,280.0,1.2,110.0,0.0,1.0,1.6,40.0,170.0,70.0,Breakfast,Vegetarian;High Protein;Balanced,Milk,False,True,True
CX017556,Creamy Aged Whole Milk (250G),Milk,Global,250,237.6,14.0,15.0,13.5,0.0,0.0,7.5,261.2,450.0,400.0,0.2,35.0,350.0,1.5,137.5,0.0,1.2,2.0,50.0,212.5,87.5,Breakfast,Vegetarian;High Protein;Balanced,Milk,False,True,True
CX018801,Roasted Almonds (100G),Nuts,Global,100,601.0,20.0,20.0,49.0,8.0,0.0,7.0,5.0,600.0,120.0,3.0,250.0,500.0,3.5,0.0,0.0,0.0,0.0,0.0,4.7,15.0,Snack,Vegan;Vegetarian;Keto;Gluten Free;High Protein,Tree Nuts;Peanuts;Sesame,True,True,True
CX018802,Roasted Almonds (150G),Nuts,Global,150,901.5,30.0,30.0,73.5,12.0,0.0,10.5,7.5,900.0,180.0,4.5,375.0,750.0,5.2,0.0,0.0,0.0,0.0,0.0,7.0,22.5,Snack,Vegan;Vegetarian;Keto;Gluten Free;High Protein,Tree Nuts;Peanuts;Sesame,True,True,True
CX018803,Roasted Almonds (200G),Nuts,Global,200,1202.0,40.0,40.0,98.0,16.0,0.0,14.0,10.0,1200.0,240.0,6.0,500.0,1000.0,7.0,0.0,0.0,0.0,0.0,0.0,9.4,30.0,Snack,Vegan;Vegetarian;Keto;Gluten Free;High Protein,Tree Nuts;Peanuts;Sesame,True,True,True
CX018804,Roasted Almonds (250G),Nuts,Global,250,1502.5,50.0,50.0,122.5,20.0,0.0,17.5,12.5,1500.0,300.0,7.5,625.0,1250.0,8.8,0.0,0.0,0.0,0.0,0.0,11.8,37.5,Snack,Vegan;Vegetarian;Keto;Gluten Free;High Protein,Tree Nuts;Peanuts;Sesame,True,True,True
CX018833,Roasted Chia Seeds Almonds (100G),Nuts,Global,100,601.0,20.0,20.0,49.0,8.4,0.0,7.0,5.0,600.0,120.0,3.0,250.0,500.0,3.5,0.0,0.0,0.0,0.0,0.0,4.7,15.0,Snack,Vegan;Vegetarian;Keto;Gluten Free;High Protein,Tree Nuts;Peanuts;Sesame,True,True,True
CX018834,Roasted Chia Seeds Almonds (150G),Nuts,Global,150,901.5,30.0,30.0,73.5,12.6,0.0,10.5,7.5,900.0,180.0,4.5,375.0,750.0,5.2,0.0,0.0,0.0,0.0,0.0,7.0,22.5,Snack,Vegan;Vegetarian;Keto;Gluten Free;High Protein,Tree Nuts;Peanuts;Sesame,True,True,True
CX018835,Roasted Chia Seeds Almonds (200G),Nuts,Global,200,1202.0,40.0,40.0,98.0,16.8,0.0,14.0,10.0,1200.0,240.0,6.0,500.0,1000.0,7.0,0.0,0.0,0.0,0.0,0.0,9.4,30.0,Snack,Vegan;Vegetarian;Keto;Gluten Free;High Protein,Tree Nuts;Peanuts;Sesame,True,True,True
CX018836,Roasted Chia Seeds Almonds (250G),Nuts,Global,250,1502.5,50.0,50.0,122.5,21.0,0.0,17.5,12.5,1500.0,300.0,7.5,625.0,1250.0,8.8,0.0,0.0,0.0,0.0,0.0,11.8,37.5,Snack,Vegan;Vegetarian;Keto;Gluten Free;High Protein,Tree Nuts;Peanuts;Sesame,True,True,True
CX018841,Salted Almonds (100G),Nuts,Global,100,610.0,20.0,20.0,50.0,8.0,0.0,7.0,5.9,600.0,120.0,3.0,250.0,500.0,3.5,0.0,0.0,0.0,0.0,0.0,5.0,15.0,Snack,Vegan;Vegetarian;Keto;Gluten Free;High Protein,Tree Nuts;Peanuts;Sesame,True,True,True
CX018842,Salted Almonds (150G),Nuts,Global,150,915.0,30.0,30.0,75.0,12.0,0.0,10.5,8.8,900.0,180.0,4.5,375.0,750.0,5.2,0.0,0.0,0.0,0.0,0.0,7.5,22.5,Snack,Vegan;Vegetarian;Keto;Gluten Free;High Protein,Tree Nuts;Peanuts;Sesame,True,True,True
CX018843,Salted Almonds (200G),Nuts,Global,200,1220.0,40.0,40.0,100.0,16.0,0.0,14.0,11.8,1200.0,240.0,6.0,500.0,1000.0,7.0,0.0,0.0,0.0,0.0,0.0,10.0,30.0,Snack,Vegan;Vegetarian;Keto;Gluten Free;High Protein,Tree Nuts;Peanuts;Sesame,True,True,True
CX018844,Salted Almonds (250G),Nuts,Global,250,1525.0,50.0,50.0,125.0,20.0,0.0,17.5,14.8,1500.0,300.0,7.5,625.0,1250.0,8.8,0.0,0.0,0.0,0.0,0.0,12.5,37.5,Snack,Vegan;Vegetarian;Keto;Gluten Free;High Protein,Tree Nuts;Peanuts;Sesame,True,True,True
CX018873,Salted Chia Seeds Almonds (100G),Nuts,Global,100,610.0,20.0,20.0,50.0,8.4,0.0,7.0,5.9,600.0,120.0,3.0,250.0,500.0,3.5,0.0,0.0,0.0,0.0,0.0,5.0,15.0,Snack,Vegan;Vegetarian;Keto;Gluten Free;High Protein,Tree Nuts;Peanuts;Sesame,True,True,True
CX018874,Salted Chia Seeds Almonds (150G),Nuts,Global,150,915.0,30.0,30.0,75.0,12.6,0.0,10.5,8.8,900.0,180.0,4.5,375.0,750.0,5.2,0.0,0.0,0.0,0.0,0.0,7.5,22.5,Snack,Vegan;Vegetarian;Keto;Gluten Free;High Protein,Tree Nuts;Peanuts;Sesame,True,True,True
CX018875,Salted Chia Seeds Almonds (200G),Nuts,Global,200,1220.0,40.0,40.0,100.0,16.8,0.0,14.0,11.8,1200.0,240.0,6.0,500.0,1000.0,7.0,0.0,0.0,0.0,0.0,0.0,10.0,30.0,Snack,Vegan;Vegetarian;Keto;Gluten Free;High Protein,Tree Nuts;Peanuts;Sesame,True,True,True
CX018876,Salted Chia Seeds Almonds (250G),Nuts,Global,250,1525.0,50.0,50.0,125.0,21.0,0.0,17.5,14.8,1500.0,300.0,7.5,625.0,1250.0,8.8,0.0,0.0,0.0,0.0,0.0,12.5,37.5,Snack,Vegan;Vegetarian;Keto;Gluten Free;High Protein,Tree Nuts;Peanuts;Sesame,True,True,True
CX018881,Unsalted Almonds (100G),Nuts,Global,100,610.0,20.0,20.0,50.0,8.0,0.0,7.0,3.2,600.0,120.0,3.0,250.0,500.0,3.5,0.0,0.0,0.0,0.0,0.0,5.0,15.0,Snack,Vegan;Vegetarian;Keto;Gluten Free;High Protein,Tree Nuts;Peanuts;Sesame,True,True,True
CX018882,Unsalted Almonds (150G),Nuts,Global,150,915.0,30.0,30.0,75.0,12.0,0.0,10.5,4.9,900.0,180.0,4.5,375.0,750.0,5.2,0.0,0.0,0.0,0.0,0.0,7.5,22.5,Snack,Vegan;Vegetarian;Keto;Gluten Free;High Protein,Tree Nuts;Peanuts;Sesame,True,True,True
CX018883,Unsalted Almonds (200G),Nuts,Global,200,1220.0,40.0,40.0,100.0,16.0,0.0,14.0,6.5,1200.0,240.0,6.0,500.0,1000.0,7.0,0.0,0.0,0.0,0.0,0.0,10.0,30.0,Snack,Vegan;Vegetarian;Keto;Gluten Free;High Protein,Tree Nuts;Peanuts;Sesame,True,True,True
CX018884,Unsalted Almonds (250G),Nuts,Global,250,1525.0,50.0,50.0,125.0,20.0,0.0,17.5,8.1,1500.0,300.0,7.5,625.0,1250.0,8.8,0.0,0.0,0.0,0.0,0.0,12.5,37.5,Snack,Vegan;Vegetarian;Keto;Gluten Free;High Protein,Tree Nuts;Peanuts;Sesame,True,True,True
CX018913,Unsalted Chia Seeds Almonds (100G),Nuts,Global,100,610.0,20.0,20.0,50.0,8.4,0.0,7.0,3.2,600.0,120.0,3.0,250.0,500.0,3.5,0.0,0.0,0.0,0.0,0.0,5.0,15.0,Snack,Vegan;Vegetarian;Keto;Gluten Free;High Protein,Tree Nuts;Peanuts;Sesame,True,True,True
CX018914,Unsalted Chia Seeds Almonds (150G),Nuts,Global,150,915.0,30.0,30.0,75.0,12.6,0.0,10.5,4.9,900.0,180.0,4.5,375.0,750.0,5.2,0.0,0.0,0.0,0.0,0.0,7.5,22.5,Snack,Vegan;Vegetarian;Keto;Gluten Free;High Protein,Tree Nuts;Peanuts;Sesame,True,True,True
CX018915,Unsalted Chia Seeds Almonds (200G),Nuts,Global,200,1220.0,40.0,40.0,100.0,16.8,0.0,14.0,6.5,1200.0,240.0,6.0,500.0,1000.0,7.0,0.0,0.0,0.0,0.0,0.0,10.0,30.0,Snack,Vegan;Vegetarian;Keto;Gluten Free;High Protein,Tree Nuts;Peanuts;Sesame,True,True,True
CX018916,Unsalted Chia Seeds Almonds (250G),Nuts,Global,250,1525.0,50.0,50.0,125.0,21.0,0.0,17.5,8.1,1500.0,300.0,7.5,625.0,1250.0,8.8,0.0,0.0,0.0,0.0,0.0,12.5,37.5,Snack,Vegan;Vegetarian;Keto;Gluten Free;High Protein,Tree Nuts;Peanuts;Sesame,True,True,True
CX018921,Raw Almonds (100G),Nuts,Global,100,610.0,20.0,20.0,50.0,8.0,0.0,7.0,5.0,600.0,120.0,3.0,250.0,500.0,3.5,0.0,0.0,0.0,0.0,0.0,5.1,15.0,Snack,Vegan;Vegetarian;Keto;Gluten Free;High Protein,Tree Nuts;Peanuts;Sesame,True,True,True
CX018922,Raw Almonds (150G),Nuts,Global,150,915.0,30.0,30.0,75.0,12.0,0.0,10.5,7.5,900.0,180.0,4.5,375.0,750.0,5.2,0.0,0.0,0.0,0.0,0.0,7.7,22.5,Snack,Vegan;Vegetarian;Keto;Gluten Free;High Protein,Tree Nuts;Peanuts;Sesame,True,True,True
CX018923,Raw Almonds (200G),Nuts,Global,200,1220.0,40.0,40.0,100.0,16.0,0.0,14.0,10.0,1200.0,240.0,6.0,500.0,1000.0,7.0,0.0,0.0,0.0,0.0,0.0,10.2,30.0,Snack,Vegan;Vegetarian;Keto;Gluten Free;High Protein,Tree Nuts;Peanuts;Sesame,True,True,True
CX018924,Raw Almonds (250G),Nuts,Global,250,1525.0,50.0,50.0,125.0,20.0,0.0,17.5,12.5,1500.0,300.0,7.5,625.0,1250.0,8.8,0.0,0.0,0.0,0.0,0.0,12.8,37.5,Snack,Vegan;Vegetarian;Keto;Gluten Free;High Protein,Tree Nuts;Peanuts;Sesame,True,True,True
CX018953,Raw Chia Seeds Almonds (100G),Nuts,Global,100,610.0,20.0,20.0,50.0,8.4,0.0,7.0,5.0,600.0,120.0,3.0,250.0,500.0,3.5,0.0,0.0,0.0,0.0,0.0,5.1,15.0,Snack,Vegan;Vegetarian;Keto;Gluten Free;High Protein,Tree Nuts;Peanuts;Sesame,True,True,True
CX018954,Raw Chia Seeds Almonds (150G),Nuts,Global,150,915.0,30.0,30.0,75.0,12.6,0.0,10.5,7.5,900.0,180.0,4.5,375.0,750.0,5.2,0.0,0.0,0.0,0.0,0.0,7.7,22.5,Snack,Vegan;Vegetarian;Keto;Gluten Free;High Protein,Tree Nuts;Peanuts;Sesame,True,True,True
CX018955,Raw Chia Seeds Almonds (200G),Nuts,Global,200,1220.0,40.0,40.0,100.0,16.8,0.0,14.0,10.0,1200.0,240.0,6.0,500.0,1000.0,7.0,0.0,0.0,0.0,0.0,0.0,10.2,30.0,Snack,Vegan;Vegetarian;Keto;Gluten Free;High Protein,Tree Nuts;Peanuts;Sesame,True,True,True
CX018956,Raw Chia Seeds Almonds (250G),Nuts,Global,250,1525.0,50.0,50.0,125.0,21.0,0.0,17.5,12.5,1500.0,300.0,7.5,625.0,1250.0,8.8,0.0,0.0,0.0,0.0,0.0,12.8,37.5,Snack,Vegan;Vegetarian;Keto;Gluten Free;High Protein,Tree Nuts;Peanuts;Sesame,True,True,True
CX019081,Chili Almonds (100G),Nuts,Global,100,610.0,20.0,20.0,50.0,8.0,0.0,7.0,5.1,600.0,120.0,3.0,250.0,500.0,3.5,0.0,0.0,0.0,0.0,0.0,5.0,15.0,Snack,Vegan;Vegetarian;Keto;Gluten Free;High Protein,Tree Nuts;Peanuts;Sesame,True,True,True
CX019082,Chili Almonds (150G),Nuts,Global,150,915.0,30.0,30.0,75.0,12.0,0.0,10.5,7.7,900.0,180.0,4.5,375.0,750.0,5.2,0.0,0.0,0.0,0.0,0.0,7.5,22.5,Snack,Vegan;Vegetarian;Keto;Gluten Free;High Protein,Tree Nuts;Peanuts;Sesame,True,True,True
CX019083,Chili Almonds (200G),Nuts,Global,200,1220.0,40.0,40.0,100.0,16.0,0.0,14.0,10.2,1200.0,240.0,6.0,500.0,1000.0,7.0,0.0,0.0,0.0,0.0,0.0,10.0,30.0,Snack,Vegan;Vegetarian;Keto;Gluten Free;High Protein,Tree Nuts;Peanuts;Sesame,True,True,True
CX019084,Chili Almonds (250G),Nuts,Global,250,1525.0,50.0,50.0,125.0,20.0,0.0,17.5,12.8,1500.0,300.0,7.5,625.0,1250.0,8.8,0.0,0.0,0.0,0.0,0.0,12.5,37.5,Snack,Vegan;Vegetarian;Keto;Gluten Free;High Protein,Tree Nuts;Peanuts;Sesame,True,True,True
CX019113,Chili Chia Seeds Almonds (100G),Nuts,Global,100,610.0,20.0,20.0,50.0,8.4,0.0,7.0,5.1,600.0,120.0,3.0,250.0,500.0,3.5,0.0,0.0,0.0,0.0,0.0,5.0,15.0,Snack,Vegan;Vegetarian;Keto;Gluten Free;High Protein,Tree Nuts;Peanuts;Sesame,True,True,True
CX019114,Chili Chia Seeds Almonds (150G),Nuts,Global,150,915.0,30.0,30.0,75.0,12.6,0.0,10.5,7.7,900.0,180.0,4.5,375.0,750.0,5.2,0.0,0.0,0.0,0.0,0.0,7.5,22.5,Snack,Vegan;Vegetarian;Keto;Gluten Free;High Protein,Tree Nuts;Peanuts;Sesame,True,True,True
CX019115,Chili Chia Seeds Almonds (200G),Nuts,Global,200,1220.0,40.0,40.0,100.0,16.8,0.0,14.0,10.2,1200.0,240.0,6.0,500.0,1000.0,7.0,0.0,0.0,0.0,0.0,0.0,10.0,30.0,Snack,Vegan;Vegetarian;Keto;Gluten Free;High Protein,Tree Nuts;Peanuts;Sesame,True,True,True
CX019116,Chili Chia Seeds Almonds (250G),Nuts,Global,250,1525.0,50.0,50.0,125.0,21.0,0.0,17.5,12.8,1500.0,300.0,7.5,625.0,1250.0,8.8,0.0,0.0,0.0,0.0,0.0,12.5,37.5,Snack,Vegan;Vegetarian;Keto;Gluten Free;High Protein,Tree Nuts;Peanuts;Sesame,True,True,True
CX020401,Extra Virgin Olive Oil Olive Oil (100G),Oils,Mediterranean,100,900.0,0.0,0.0,100.0,0.0,0.0,14.0,0.0,0.0,0.0,0.0,0.0,0.0,0.0,0.0,0.0,0.0,0.0,0.0,0.5,0.0,Lunch,Vegan;Vegetarian;Keto;Gluten Free,,True,True,True
CX020402,Extra Virgin Olive Oil Olive Oil (150G),Oils,Mediterranean,150,1350.0,0.0,0.0,150.0,0.0,0.0,21.0,0.0,0.0,0.0,0.0,0.0,0.0,0.0,0.0,0.0,0.0,0.0,0.0,0.8,0.0,Lunch,Vegan;Vegetarian;Keto;Gluten Free,,True,True,True
CX020403,Extra Virgin Olive Oil Olive Oil (200G),Oils,Mediterranean,200,1800.0,0.0,0.0,200.0,0.0,0.0,28.0,0.0,0.0,0.0,0.0,0.0,0.0,0.0,0.0,0.0,0.0,0.0,0.0,1.0,0.0,Lunch,Vegan;Vegetarian;Keto;Gluten Free,,True,True,True
CX020404,Extra Virgin Olive Oil Olive Oil (250G),Oils,Mediterranean,250,2250.0,0.0,0.0,250.0,0.0,0.0,35.0,0.0,0.0,0.0,0.0,0.0,0.0,0.0,0.0,0.0,0.0,0.0,0.0,1.2,0.0,Lunch,Vegan;Vegetarian;Keto;Gluten Free,,True,True,True
CX020413,Extra Virgin Coconut Oil Olive Oil (100G),Oils,Mediterranean,100,900.0,0.0,0.0,100.0,0.0,0.0,16.8,0.0,0.0,0.0,0.0,0.0,0.0,0.0,0.0,0.0,0.0,0.0,0.0,0.5,0.0,Lunch,Vegan;Vegetarian;Keto;Gluten Free,,True,True,True
CX020414,Extra Virgin Coconut Oil Olive Oil (150G),Oils,Mediterranean,150,1350.0,0.0,0.0,150.0,0.0,0.0,25.2,0.0,0.0,0.0,0.0,0.0,0.0,0.0,0.0,0.0,0.0,0.0,0.0,0.8,0.0,Lunch,Vegan;Vegetarian;Keto;Gluten Free,,True,True,True
CX020415,Extra Virgin Coconut Oil Olive Oil (200G),Oils,Mediterranean,200,1800.0,0.0,0.0,200.0,0.0,0.0,33.6,0.0,0.0,0.0,0.0,0.0,0.0,0.0,0.0,0.0,0.0,0.0,0.0,1.0,0.0,Lunch,Vegan;Vegetarian;Keto;Gluten Free,,True,True,True
CX020416,Extra Virgin Coconut Oil Olive Oil (250G),Oils,Mediterranean,250,2250.0,0.0,0.0,250.0,0.0,0.0,42.0,0.0,0.0,0.0,0.0,0.0,0.0,0.0,0.0,0.0,0.0,0.0,0.0,1.2,0.0,Lunch,Vegan;Vegetarian;Keto;Gluten Free,,True,True,True
CX020421,Extra Virgin Sesame Oil Olive Oil (100G),Oils,Mediterranean,100,918.0,0.0,0.0,102.0,0.0,0.0,14.0,0.0,0.0,0.0,0.0,0.0,0.0,0.0,0.0,0.0,0.0,0.0,0.0,0.5,0.0,Lunch,Vegan;Vegetarian;Keto;Gluten Free,,True,True,True
CX020422,Extra Virgin Sesame Oil Olive Oil (150G),Oils,Mediterranean,150,1377.0,0.0,0.0,153.0,0.0,0.0,21.0,0.0,0.0,0.0,0.0,0.0,0.0,0.0,0.0,0.0,0.0,0.0,0.0,0.8,0.0,Lunch,Vegan;Vegetarian;Keto;Gluten Free,,True,True,True
CX020423,Extra Virgin Sesame Oil Olive Oil (200G),Oils,Mediterranean,200,1836.0,0.0,0.0,204.0,0.0,0.0,28.0,0.0,0.0,0.0,0.0,0.0,0.0,0.0,0.0,0.0,0.0,0.0,0.0,1.0,0.0,Lunch,Vegan;Vegetarian;Keto;Gluten Free,,True,True,True
CX020424,Extra Virgin Sesame Oil Olive Oil (250G),Oils,Mediterranean,250,2295.0,0.0,0.0,255.0,0.0,0.0,35.0,0.0,0.0,0.0,0.0,0.0,0.0,0.0,0.0,0.0,0.0,0.0,0.0,1.2,0.0,Lunch,Vegan;Vegetarian;Keto;Gluten Free,,True,True,True
CX020481,Light Olive Oil Olive Oil (100G),Oils,Mediterranean,100,882.0,0.0,0.0,98.0,0.0,0.0,14.0,0.0,0.0,0.0,0.0,0.0,0.0,0.0,0.0,0.0,0.0,0.0,0.0,0.5,0.0,Lunch,Vegan;Vegetarian;Keto;Gluten Free,,True,True,True
CX020482,Light Olive Oil Olive Oil (150G),Oils,Mediterranean,150,1323.0,0.0,0.0,147.0,0.0,0.0,21.0,0.0,0.0,0.0,0.0,0.0,0.0,0.0,0.0,0.0,0.0,0.0,0.0,0.8,0.0,Lunch,Vegan;Vegetarian;Keto;Gluten Free,,True,True,True
CX020483,Light Olive Oil Olive Oil (200G),Oils,Mediterranean,200,1764.0,0.0,0.0,196.0,0.0,0.0,28.0,0.0,0.0,0.0,0.0,0.0,0.0,0.0,0.0,0.0,0.0,0.0,0.0,1.0,0.0,Lunch,Vegan;Vegetarian;Keto;Gluten Free,,True,True,True
CX020484,Light Olive Oil Olive Oil (250G),Oils,Mediterranean,250,2205.0,0.0,0.0,245.0,0.0,0.0,35.0,0.0,0.0,0.0,0.0,0.0,0.0,0.0,0.0,0.0,0.0,0.0,0.0,1.2,0.0,Lunch,Vegan;Vegetarian;Keto;Gluten Free,,True,True,True
CX020493,Light Coconut Oil Olive Oil (100G),Oils,Mediterranean,100,882.0,0.0,0.0,98.0,0.0,0.0,16.8,0.0,0.0,0.0,0.0,0.0,0.0,0.0,0.0,0.0,0.0,0.0,0.0,0.5,0.0,Lunch,Vegan;Vegetarian;Keto;Gluten Free,,True,True,True
CX020494,Light Coconut Oil Olive Oil (150G),Oils,Mediterranean,150,1323.0,0.0,0.0,147.0,0.0,0.0,25.2,0.0,0.0,0.0,0.0,0.0,0.0,0.0,0.0,0.0,0.0,0.0,0.0,0.8,0.0,Lunch,Vegan;Vegetarian;Keto;Gluten Free,,True,True,True
CX020495,Light Coconut Oil Olive Oil (200G),Oils,Mediterranean,200,1764.0,0.0,0.0,196.0,0.0,0.0,33.6,0.0,0.0,0.0,0.0,0.0,0.0,0.0,0.0,0.0,0.0,0.0,0.0,1.0,0.0,Lunch,Vegan;Vegetarian;Keto;Gluten Free,,True,True,True
CX020496,Light Coconut Oil Olive Oil (250G),Oils,Mediterranean,250,2205.0,0.0,0.0,245.0,0.0,0.0,42.0,0.0,0.0,0.0,0.0,0.0,0.0,0.0,0.0,0.0,0.0,0.0,0.0,1.2,0.0,Lunch,Vegan;Vegetarian;Keto;Gluten Free,,True,True,True
CX020501,Light Sesame Oil Olive Oil (100G),Oils,Mediterranean,100,899.6,0.0,0.0,100.0,0.0,0.0,14.0,0.0,0.0,0.0,0.0,0.0,0.0,0.0,0.0,0.0,0.0,0.0,0.0,0.5,0.0,Lunch,Vegan;Vegetarian;Keto;Gluten Free,,True,True,True
CX020502,Light Sesame Oil Olive Oil (150G),Oils,Mediterranean,150,1349.5,0.0,0.0,149.9,0.0,0.0,21.0,0.0,0.0,0.0,0.0,0.0,0.0,0.0,0.0,0.0,0.0,0.0,0.0,0.8,0.0,Lunch,Vegan;Vegetarian;Keto;Gluten Free,,True,True,True
CX020503,Light Sesame Oil Olive Oil (200G),Oils,Mediterranean,200,1799.3,0.0,0.0,199.9,0.0,0.0,28.0,0.0,0.0,0.0,0.0,0.0,0.0,0.0,0.0,0.0,0.0,0.0,0.0,1.0,0.0,Lunch,Vegan;Vegetarian;Keto;Gluten Free,,True,True,True
CX020504,Light Sesame Oil Olive Oil (250G),Oils,Mediterranean,250,2249.1,0.0,0.0,249.9,0.0,0.0,35.0,0.0,0.0,0.0,0.0,0.0,0.0,0.0,0.0,0.0,0.0,0.0,0.0,1.2,0.0,Lunch,Vegan;Vegetarian;Keto;Gluten Free,,True,True,True
CX020733,Sesame Coconut Oil Olive Oil (100G),Oils,Mediterranean,100,918.0,0.0,0.0,102.0,0.0,0.0,16.8,0.0,0.0,0.0,0.0,0.0,0.0,0.0,0.0,0.0,0.0,0.0,0.0,0.5,0.0,Lunch,Vegan;Vegetarian;Keto;Gluten Free,,True,True,True
CX020734,Sesame Coconut Oil Olive Oil (150G),Oils,Mediterranean,150,1377.0,0.0,0.0,153.0,0.0,0.0,25.2,0.0,0.0,0.0,0.0,0.0,0.0,0.0,0.0,0.0,0.0,0.0,0.0,0.8,0.0,Lunch,Vegan;Vegetarian;Keto;Gluten Free,,True,True,True
CX020735,Sesame Coconut Oil Olive Oil (200G),Oils,Mediterranean,200,1836.0,0.0,0.0,204.0,0.0,0.0,33.6,0.0,0.0,0.0,0.0,0.0,0.0,0.0,0.0,0.0,0.0,0.0,0.0,1.0,0.0,Lunch,Vegan;Vegetarian;Keto;Gluten Free,,True,True,True
CX020736,Sesame Coconut Oil Olive Oil (250G),Oils,Mediterranean,250,2295.0,0.0,0.0,255.0,0.0,0.0,42.0,0.0,0.0,0.0,0.0,0.0,0.0,0.0,0.0,0.0,0.0,0.0,0.0,1.2,0.0,Lunch,Vegan;Vegetarian;Keto;Gluten Free,,True,True,True
CX020741,Sesame Oil Olive Oil (100G),Oils,Mediterranean,100,936.4,0.0,0.0,104.0,0.0,0.0,14.0,0.0,0.0,0.0,0.0,0.0,0.0,0.0,0.0,0.0,0.0,0.0,0.0,0.5,0.0,Lunch,Vegan;Vegetarian;Keto;Gluten Free,,True,True,True
CX020742,Sesame Oil Olive Oil (150G),Oils,Mediterranean,150,1404.5,0.0,0.0,156.1,0.0,0.0,21.0,0.0,0.0,0.0,0.0,0.0,0.0,0.0,0.0,0.0,0.0,0.0,0.0,0.8,0.0,Lunch,Vegan;Vegetarian;Keto;Gluten Free,,True,True,True
CX020743,Sesame Oil Olive Oil (200G),Oils,Mediterranean,200,1872.7,0.0,0.0,208.1,0.0,0.0,28.0,0.0,0.0,0.0,0.0,0.0,0.0,0.0,0.0,0.0,0.0,0.0,0.0,1.0,0.0,Lunch,Vegan;Vegetarian;Keto;Gluten Free,,True,True,True
CX020744,Sesame Oil Olive Oil (250G),Oils,Mediterranean,250,2340.9,0.0,0.0,260.1,0.0,0.0,35.0,0.0,0.0,0.0,0.0,0.0,0.0,0.0,0.0,0.0,0.0,0.0,0.0,1.2,0.0,Lunch,Vegan;Vegetarian;Keto;Gluten Free,,True,True,True
CX020797,Tomato Sauce Tahini (100G),Sauces,Middle Eastern,100,83.0,2.0,12.0,3.0,1.0,0.0,0.5,650.0,120.0,25.0,0.7,15.0,40.0,0.3,20.0,5.0,0.0,0.0,5.0,70.0,45.0,Lunch,Vegan;Vegetarian;Gluten Free;High Fiber;Balanced,Sesame;Peanuts;Milk;Eggs;Soy,False,True,True
CX020798,Tomato Sauce Tahini (150G),Sauces,Middle Eastern,150,124.5,3.0,18.0,4.5,1.5,0.0,0.8,975.0,180.0,37.5,1.0,22.5,60.0,0.4,30.0,7.5,0.0,0.0,7.5,105.0,67.5,Lunch,Vegan;Vegetarian;Gluten Free;High Fiber;Balanced,Sesame;Peanuts;Milk;Eggs;Soy,False,True,True
CX020799,Tomato Sauce Tahini (200G),Sauces,Middle Eastern,200,166.0,4.0,24.0,6.0,2.0,0.0,1.0,1300.0,240.0,50.0,1.4,30.0,80.0,0.6,40.0,10.0,0.0,0.0,10.0,140.0,90.0,Lunch,Vegan;Vegetarian;Gluten Free;High Fiber;Balanced,Sesame;Peanuts;Milk;Eggs;Soy,False,True,True
CX020800,Tomato Sauce Tahini (250G),Sauces,Middle Eastern,250,207.5,5.0,30.0,7.5,2.5,0.0,1.2,1625.0,300.0,62.5,1.8,37.5,100.0,0.8,50.0,12.5,0.0,0.0,12.5,175.0,100.0,Lunch,Vegan;Vegetarian;Gluten Free;High Fiber;Balanced,Sesame;Peanuts;Milk;Eggs;Soy,False,True,True
CX020801,Tomato Dip Tahini (100G),Sauces,Middle Eastern,100,84.3,2.0,12.0,3.2,1.0,0.0,0.5,650.0,120.0,25.0,0.7,15.0,40.0,0.3,20.0,5.0,0.0,0.0,5.0,70.0,45.0,Lunch,Vegan;Vegetarian;Gluten Free;High Fiber;Balanced,Sesame;Peanuts;Milk;Eggs;Soy,False,True,True
CX020802,Tomato Dip Tahini (150G),Sauces,Middle Eastern,150,126.5,3.0,18.0,4.7,1.5,0.0,0.8,975.0,180.0,37.5,1.0,22.5,60.0,0.4,30.0,7.5,0.0,0.0,7.5,105.0,67.5,Lunch,Vegan;Vegetarian;Gluten Free;High Fiber;Balanced,Sesame;Peanuts;Milk;Eggs;Soy,False,True,True
CX020803,Tomato Dip Tahini (200G),Sauces,Middle Eastern,200,168.7,4.0,24.0,6.3,2.0,0.0,1.0,1300.0,240.0,50.0,1.4,30.0,80.0,0.6,40.0,10.0,0.0,0.0,10.0,140.0,90.0,Lunch,Vegan;Vegetarian;Gluten Free;High Fiber;Balanced,Sesame;Peanuts;Milk;Eggs;Soy,False,True,True
CX020804,Tomato Dip Tahini (250G),Sauces,Middle Eastern,250,210.9,5.0,30.0,7.9,2.5,0.0,1.2,1625.0,300.0,62.5,1.8,37.5,100.0,0.8,50.0,12.5,0.0,0.0,12.5,175.0,100.0,Lunch,Vegan;Vegetarian;Gluten Free;High Fiber;Balanced,Sesame;Peanuts;Milk;Eggs;Soy,False,True,True
CX020821,Tomato Marinade Tahini (100G),Sauces,Middle Eastern,100,83.0,2.0,12.0,3.0,1.0,0.0,0.5,689.0,120.0,25.0,0.7,15.0,40.0,0.3,20.0,5.0,0.0,0.0,5.0,70.0,45.0,Lunch,Vegan;Vegetarian;Gluten Free;High Fiber;Balanced,Sesame;Peanuts;Milk;Eggs;Soy,False,True,True
CX020822,Tomato Marinade Tahini (150G),Sauces,Middle Eastern,150,124.5,3.0,18.0,4.5,1.5,0.0,0.8,1033.5,180.0,37.5,1.0,22.5,60.0,0.4,30.0,7.5,0.0,0.0,7.5,105.0,67.5,Lunch,Vegan;Vegetarian;Gluten Free;High Fiber;Balanced,Sesame;Peanuts;Milk;Eggs;Soy,False,True,True
CX020823,Tomato Marinade Tahini (200G),Sauces,Middle Eastern,200,166.0,4.0,24.0,6.0,2.0,0.0,1.0,1378.0,240.0,50.0,1.4,30.0,80.0,0.6,40.0,10.0,0.0,0.0,10.0,140.0,90.0,Lunch,Vegan;Vegetarian;Gluten Free;High Fiber;Balanced,Sesame;Peanuts;Milk;Eggs;Soy,False,True,True
CX020824,Tomato Marinade Tahini (250G),Sauces,Middle Eastern,250,207.5,5.0,30.0,7.5,2.5,0.0,1.2,1722.5,300.0,62.5,1.8,37.5,100.0,0.8,50.0,12.5,0.0,0.0,12.5,175.0,100.0,Lunch,Vegan;Vegetarian;Gluten Free;High Fiber;Balanced,Sesame;Peanuts;Milk;Eggs;Soy,False,True,True
CX020837,Garlic Sauce Tahini (100G),Sauces,Middle Eastern,100,83.0,2.0,12.0,3.0,1.0,0.0,0.5,669.5,120.0,25.0,0.7,15.0,40.0,0.3,20.0,5.0,0.0,0.0,5.0,70.0,45.0,Lunch,Vegan;Vegetarian;Gluten Free;High Fiber;Balanced,Sesame;Peanuts;Milk;Eggs;Soy,False,True,True
CX020838,Garlic Sauce Tahini (150G),Sauces,Middle Eastern,150,124.5,3.0,18.0,4.5,1.5,0.0,0.8,1004.2,180.0,37.5,1.0,22.5,60.0,0.4,30.0,7.5,0.0,0.0,7.5,105.0,67.5,Lunch,Vegan;Vegetarian;Gluten Free;High Fiber;Balanced,Sesame;Peanuts;Milk;Eggs;Soy,False,True,True
CX020839,Garlic Sauce Tahini (200G),Sauces,Middle Eastern,200,166.0,4.0,24.0,6.0,2.0,0.0,1.0,1339.0,240.0,50.0,1.4,30.0,80.0,0.6,40.0,10.0,0.0,0.0,10.0,140.0,90.0,Lunch,Vegan;Vegetarian;Gluten Free;High Fiber;Balanced,Sesame;Peanuts;Milk;Eggs;Soy,False,True,True
CX020840,Garlic Sauce Tahini (250G),Sauces,Middle Eastern,250,207.5,5.0,30.0,7.5,2.5,0.0,1.2,1673.8,300.0,62.5,1.8,37.5,100.0,0.8,50.0,12.5,0.0,0.0,12.5,175.0,100.0,Lunch,Vegan;Vegetarian;Gluten Free;High Fiber;Balanced,Sesame;Peanuts;Milk;Eggs;Soy,False,True,True
CX020841,Garlic Dip Tahini (100G),Sauces,Middle Eastern,100,84.3,2.0,12.0,3.2,1.0,0.0,0.5,669.5,120.0,25.0,0.7,15.0,40.0,0.3,20.0,5.0,0.0,0.0,5.0,70.0,45.0,Lunch,Vegan;Vegetarian;Gluten Free;High Fiber;Balanced,Sesame;Peanuts;Milk;Eggs;Soy,False,True,True
CX020842,Garlic Dip Tahini (150G),Sauces,Middle Eastern,150,126.5,3.0,18.0,4.7,1.5,0.0,0.8,1004.2,180.0,37.5,1.0,22.5,60.0,0.4,30.0,7.5,0.0,0.0,7.5,105.0,67.5,Lunch,Vegan;Vegetarian;Gluten Free;High Fiber;Balanced,Sesame;Peanuts;Milk;Eggs;Soy,False,True,True
CX020843,Garlic Dip Tahini (200G),Sauces,Middle Eastern,200,168.7,4.0,24.0,6.3,2.0,0.0,1.0,1339.0,240.0,50.0,1.4,30.0,80.0,0.6,40.0,10.0,0.0,0.0,10.0,140.0,90.0,Lunch,Vegan;Vegetarian;Gluten Free;High Fiber;Balanced,Sesame;Peanuts;Milk;Eggs;Soy,False,True,True
CX020844,Garlic Dip Tahini (250G),Sauces,Middle Eastern,250,210.9,5.0,30.0,7.9,2.5,0.0,1.2,1673.8,300.0,62.5,1.8,37.5,100.0,0.8,50.0,12.5,0.0,0.0,12.5,175.0,100.0,Lunch,Vegan;Vegetarian;Gluten Free;High Fiber;Balanced,Sesame;Peanuts;Milk;Eggs;Soy,False,True,True
CX020861,Garlic Marinade Tahini (100G),Sauces,Middle Eastern,100,83.0,2.0,12.0,3.0,1.0,0.0,0.5,709.7,120.0,25.0,0.7,15.0,40.0,0.3,20.0,5.0,0.0,0.0,5.0,70.0,45.0,Lunch,Vegan;Vegetarian;Gluten Free;High Fiber;Balanced,Sesame;Peanuts;Milk;Eggs;Soy,False,True,True
CX020862,Garlic Marinade Tahini (150G),Sauces,Middle Eastern,150,124.5,3.0,18.0,4.5,1.5,0.0,0.8,1064.5,180.0,37.5,1.0,22.5,60.0,0.4,30.0,7.5,0.0,0.0,7.5,105.0,67.5,Lunch,Vegan;Vegetarian;Gluten Free;High Fiber;Balanced,Sesame;Peanuts;Milk;Eggs;Soy,False,True,True
CX020863,Garlic Marinade Tahini (200G),Sauces,Middle Eastern,200,166.0,4.0,24.0,6.0,2.0,0.0,1.0,1419.3,240.0,50.0,1.4,30.0,80.0,0.6,40.0,10.0,0.0,0.0,10.0,140.0,90.0,Lunch,Vegan;Vegetarian;Gluten Free;High Fiber;Balanced,Sesame;Peanuts;Milk;Eggs;Soy,False,True,True
CX020864,Garlic Marinade Tahini (250G),Sauces,Middle Eastern,250,207.5,5.0,30.0,7.5,2.5,0.0,1.2,1774.2,300.0,62.5,1.8,37.5,100.0,0.8,50.0,12.5,0.0,0.0,12.5,175.0,100.0,Lunch,Vegan;Vegetarian;Gluten Free;High Fiber;Balanced,Sesame;Peanuts;Milk;Eggs;Soy,False,True,True
CX020877,Creamy Sauce Tahini (100G),Sauces,Middle Eastern,100,85.2,2.0,12.0,3.2,1.0,0.0,0.5,650.0,120.0,25.0,0.7,15.0,40.0,0.3,20.0,5.0,0.0,0.0,5.0,70.0,45.0,Lunch,Vegan;Vegetarian;Gluten Free;High Fiber;Balanced,Sesame;Peanuts;Milk;Eggs;Soy,False,True,True
CX020878,Creamy Sauce Tahini (150G),Sauces,Middle Eastern,150,127.7,3.0,18.0,4.9,1.5,0.0,0.8,975.0,180.0,37.5,1.0,22.5,60.0,0.4,30.0,7.5,0.0,0.0,7.5,105.0,67.5,Lunch,Vegan;Vegetarian;Gluten Free;High Fiber;Balanced,Sesame;Peanuts;Milk;Eggs;Soy,False,True,True
CX020879,Creamy Sauce Tahini (200G),Sauces,Middle Eastern,200,170.3,4.0,24.0,6.5,2.0,0.0,1.0,1300.0,240.0,50.0,1.4,30.0,80.0,0.6,40.0,10.0,0.0,0.0,10.0,140.0,90.0,Lunch,Vegan;Vegetarian;Gluten Free;High Fiber;Balanced,Sesame;Peanuts;Milk;Eggs;Soy,False,True,True
CX020880,Creamy Sauce Tahini (250G),Sauces,Middle Eastern,250,212.9,5.0,30.0,8.1,2.5,0.0,1.2,1625.0,300.0,62.5,1.8,37.5,100.0,0.8,50.0,12.5,0.0,0.0,12.5,175.0,100.0,Lunch,Vegan;Vegetarian;Gluten Free;High Fiber;Balanced,Sesame;Peanuts;Milk;Eggs;Soy,False,True,True
CX020881,Creamy Dip Tahini (100G),Sauces,Middle Eastern,100,86.6,2.0,12.0,3.4,1.0,0.0,0.5,650.0,120.0,25.0,0.7,15.0,40.0,0.3,20.0,5.0,0.0,0.0,5.0,70.0,45.0,Lunch,Vegan;Vegetarian;Gluten Free;High Fiber;Balanced,Sesame;Peanuts;Milk;Eggs;Soy,False,True,True
CX020882,Creamy Dip Tahini (150G),Sauces,Middle Eastern,150,129.9,3.0,18.0,5.1,1.5,0.0,0.8,975.0,180.0,37.5,1.0,22.5,60.0,0.4,30.0,7.5,0.0,0.0,7.5,105.0,67.5,Lunch,Vegan;Vegetarian;Gluten Free;High Fiber;Balanced,Sesame;Peanuts;Milk;Eggs;Soy,False,True,True
CX020883,Creamy Dip Tahini (200G),Sauces,Middle Eastern,200,173.2,4.0,24.0,6.8,2.0,0.0,1.0,1300.0,240.0,50.0,1.4,30.0,80.0,0.6,40.0,10.0,0.0,0.0,10.0,140.0,90.0,Lunch,Vegan;Vegetarian;Gluten Free;High Fiber;Balanced,Sesame;Peanuts;Milk;Eggs;Soy,False,True,True
CX020884,Creamy Dip Tahini (250G),Sauces,Middle Eastern,250,216.5,5.0,30.0,8.5,2.5,0.0,1.2,1625.0,300.0,62.5,1.8,37.5,100.0,0.8,50.0,12.5,0.0,0.0,12.5,175.0,100.0,Lunch,Vegan;Vegetarian;Gluten Free;High Fiber;Balanced,Sesame;Peanuts;Milk;Eggs;Soy,False,True,True
CX020901,Creamy Marinade Tahini (100G),Sauces,Middle Eastern,100,85.2,2.0,12.0,3.2,1.0,0.0,0.5,689.0,120.0,25.0,0.7,15.0,40.0,0.3,20.0,5.0,0.0,0.0,5.0,70.0,45.0,Lunch,Vegan;Vegetarian;Gluten Free;High Fiber;Balanced,Sesame;Peanuts;Milk;Eggs;Soy,False,True,True
CX020902,Creamy Marinade Tahini (150G),Sauces,Middle Eastern,150,127.7,3.0,18.0,4.9,1.5,0.0,0.8,1033.5,180.0,37.5,1.0,22.5,60.0,0.4,30.0,7.5,0.0,0.0,7.5,105.0,67.5,Lunch,Vegan;Vegetarian;Gluten Free;High Fiber;Balanced,Sesame;Peanuts;Milk;Eggs;Soy,False,True,True
CX020903,Creamy Marinade Tahini (200G),Sauces,Middle Eastern,200,170.3,4.0,24.0,6.5,2.0,0.0,1.0,1378.0,240.0,50.0,1.4,30.0,80.0,0.6,40.0,10.0,0.0,0.0,10.0,140.0,90.0,Lunch,Vegan;Vegetarian;Gluten Free;High Fiber;Balanced,Sesame;Peanuts;Milk;Eggs;Soy,False,True,True
CX020904,Creamy Marinade Tahini (250G),Sauces,Middle Eastern,250,212.9,5.0,30.0,8.1,2.5,0.0,1.2,1722.5,300.0,62.5,1.8,37.5,100.0,0.8,50.0,12.5,0.0,0.0,12.5,175.0,100.0,Lunch,Vegan;Vegetarian;Gluten Free;High Fiber;Balanced,Sesame;Peanuts;Milk;Eggs;Soy,False,True,True
CX021037,Tangy Sauce Tahini (100G),Sauces,Middle Eastern,100,83.0,2.0,12.0,3.0,1.0,0.0,0.5,676.0,120.0,25.0,0.7,15.0,40.0,0.3,20.0,5.0,0.0,0.0,5.0,70.0,45.0,Lunch,Vegan;Vegetarian;Gluten Free;High Fiber;Balanced,Sesame;Peanuts;Milk;Eggs;Soy,False,True,True
CX021038,Tangy Sauce Tahini (150G),Sauces,Middle Eastern,150,124.5,3.0,18.0,4.5,1.5,0.0,0.8,1014.0,180.0,37.5,1.0,22.5,60.0,0.4,30.0,7.5,0.0,0.0,7.5,105.0,67.5,Lunch,Vegan;Vegetarian;Gluten Free;High Fiber;Balanced,Sesame;Peanuts;Milk;Eggs;Soy,False,True,True
CX021039,Tangy Sauce Tahini (200G),Sauces,Middle Eastern,200,166.0,4.0,24.0,6.0,2.0,0.0,1.0,1352.0,240.0,50.0,1.4,30.0,80.0,0.6,40.0,10.0,0.0,0.0,10.0,140.0,90.0,Lunch,Vegan;Vegetarian;Gluten Free;High Fiber;Balanced,Sesame;Peanuts;Milk;Eggs;Soy,False,True,True
CX021040,Tangy Sauce Tahini (250G),Sauces,Middle Eastern,250,207.5,5.0,30.0,7.5,2.5,0.0,1.2,1690.0,300.0,62.5,1.8,37.5,100.0,0.8,50.0,12.5,0.0,0.0,12.5,175.0,100.0,Lunch,Vegan;Vegetarian;Gluten Free;High Fiber;Balanced,Sesame;Peanuts;Milk;Eggs;Soy,False,True,True
CX021041,Tangy Dip Tahini (100G),Sauces,Middle Eastern,100,84.3,2.0,12.0,3.2,1.0,0.0,0.5,676.0,120.0,25.0,0.7,15.0,40.0,0.3,20.0,5.0,0.0,0.0,5.0,70.0,45.0,Lunch,Vegan;Vegetarian;Gluten Free;High Fiber;Balanced,Sesame;Peanuts;Milk;Eggs;Soy,False,True,True
CX021042,Tangy Dip Tahini (150G),Sauces,Middle Eastern,150,126.5,3.0,18.0,4.7,1.5,0.0,0.8,1014.0,180.0,37.5,1.0,22.5,60.0,0.4,30.0,7.5,0.0,0.0,7.5,105.0,67.5,Lunch,Vegan;Vegetarian;Gluten Free;High Fiber;Balanced,Sesame;Peanuts;Milk;Eggs;Soy,False,True,True
CX021043,Tangy Dip Tahini (200G),Sauces,Middle Eastern,200,168.7,4.0,24.0,6.3,2.0,0.0,1.0,1352.0,240.0,50.0,1.4,30.0,80.0,0.6,40.0,10.0,0.0,0.0,10.0,140.0,90.0,Lunch,Vegan;Vegetarian;Gluten Free;High Fiber;Balanced,Sesame;Peanuts;Milk;Eggs;Soy,False,True,True
CX021044,Tangy Dip Tahini (250G),Sauces,Middle Eastern,250,210.9,5.0,30.0,7.9,2.5,0.0,1.2,1690.0,300.0,62.5,1.8,37.5,100.0,0.8,50.0,12.5,0.0,0.0,12.5,175.0,100.0,Lunch,Vegan;Vegetarian;Gluten Free;High Fiber;Balanced,Sesame;Peanuts;Milk;Eggs;Soy,False,True,True
CX021061,Tangy Marinade Tahini (100G),Sauces,Middle Eastern,100,83.0,2.0,12.0,3.0,1.0,0.0,0.5,716.6,120.0,25.0,0.7,15.0,40.0,0.3,20.0,5.0,0.0,0.0,5.0,70.0,45.0,Lunch,Vegan;Vegetarian;Gluten Free;High Fiber;Balanced,Sesame;Peanuts;Milk;Eggs;Soy,False,True,True
CX021062,Tangy Marinade Tahini (150G),Sauces,Middle Eastern,150,124.5,3.0,18.0,4.5,1.5,0.0,0.8,1074.8,180.0,37.5,1.0,22.5,60.0,0.4,30.0,7.5,0.0,0.0,7.5,105.0,67.5,Lunch,Vegan;Vegetarian;Gluten Free;High Fiber;Balanced,Sesame;Peanuts;Milk;Eggs;Soy,False,True,True
CX021063,Tangy Marinade Tahini (200G),Sauces,Middle Eastern,200,166.0,4.0,24.0,6.0,2.0,0.0,1.0,1433.1,240.0,50.0,1.4,30.0,80.0,0.6,40.0,10.0,0.0,0.0,10.0,140.0,90.0,Lunch,Vegan;Vegetarian;Gluten Free;High Fiber;Balanced,Sesame;Peanuts;Milk;Eggs;Soy,False,True,True
CX021064,Tangy Marinade Tahini (250G),Sauces,Middle Eastern,250,207.5,5.0,30.0,7.5,2.5,0.0,1.2,1791.4,300.0,62.5,1.8,37.5,100.0,0.8,50.0,12.5,0.0,0.0,12.5,175.0,100.0,Lunch,Vegan;Vegetarian;Gluten Free;High Fiber;Balanced,Sesame;Peanuts;Milk;Eggs;Soy,False,True,True
CX021077,Sesame Sauce Tahini (100G),Sauces,Middle Eastern,100,83.5,2.0,12.0,3.1,1.0,0.0,0.5,650.0,120.0,25.0,0.7,15.0,40.0,0.3,20.0,5.0,0.0,0.0,5.0,70.0,45.0,Lunch,Vegan;Vegetarian;Gluten Free;High Fiber;Balanced,Sesame;Peanuts;Milk;Eggs;Soy,False,True,True
CX021078,Sesame Sauce Tahini (150G),Sauces,Middle Eastern,150,125.3,3.0,18.0,4.6,1.5,0.0,0.8,975.0,180.0,37.5,1.0,22.5,60.0,0.4,30.0,7.5,0.0,0.0,7.5,105.0,67.5,Lunch,Vegan;Vegetarian;Gluten Free;High Fiber;Balanced,Sesame;Peanuts;Milk;Eggs;Soy,False,True,True
CX021079,Sesame Sauce Tahini (200G),Sauces,Middle Eastern,200,167.1,4.0,24.0,6.1,2.0,0.0,1.0,1300.0,240.0,50.0,1.4,30.0,80.0,0.6,40.0,10.0,0.0,0.0,10.0,140.0,90.0,Lunch,Vegan;Vegetarian;Gluten Free;High Fiber;Balanced,Sesame;Peanuts;Milk;Eggs;Soy,False,True,True
CX021080,Sesame Sauce Tahini (250G),Sauces,Middle Eastern,250,208.9,5.0,30.0,7.7,2.5,0.0,1.2,1625.0,300.0,62.5,1.8,37.5,100.0,0.8,50.0,12.5,0.0,0.0,12.5,175.0,100.0,Lunch,Vegan;Vegetarian;Gluten Free;High Fiber;Balanced,Sesame;Peanuts;Milk;Eggs;Soy,False,True,True
CX021081,Sesame Dip Tahini (100G),Sauces,Middle Eastern,100,84.9,2.0,12.0,3.2,1.0,0.0,0.5,650.0,120.0,25.0,0.7,15.0,40.0,0.3,20.0,5.0,0.0,0.0,5.0,70.0,45.0,Lunch,Vegan;Vegetarian;Gluten Free;High Fiber;Balanced,Sesame;Peanuts;Milk;Eggs;Soy,False,True,True
CX021082,Sesame Dip Tahini (150G),Sauces,Middle Eastern,150,127.4,3.0,18.0,4.8,1.5,0.0,0.8,975.0,180.0,37.5,1.0,22.5,60.0,0.4,30.0,7.5,0.0,0.0,7.5,105.0,67.5,Lunch,Vegan;Vegetarian;Gluten Free;High Fiber;Balanced,Sesame;Peanuts;Milk;Eggs;Soy,False,True,True
CX021083,Sesame Dip Tahini (200G),Sauces,Middle Eastern,200,169.8,4.0,24.0,6.4,2.0,0.0,1.0,1300.0,240.0,50.0,1.4,30.0,80.0,0.6,40.0,10.0,0.0,0.0,10.0,140.0,90.0,Lunch,Vegan;Vegetarian;Gluten Free;High Fiber;Balanced,Sesame;Peanuts;Milk;Eggs;Soy,False,True,True
CX021084,Sesame Dip Tahini (250G),Sauces,Middle Eastern,250,212.3,5.0,30.0,8.0,2.5,0.0,1.2,1625.0,300.0,62.5,1.8,37.5,100.0,0.8,50.0,12.5,0.0,0.0,12.5,175.0,100.0,Lunch,Vegan;Vegetarian;Gluten Free;High Fiber;Balanced,Sesame;Peanuts;Milk;Eggs;Soy,False,True,True
CX021101,Sesame Marinade Tahini (100G),Sauces,Middle Eastern,100,83.5,2.0,12.0,3.1,1.0,0.0,0.5,689.0,120.0,25.0,0.7,15.0,40.0,0.3,20.0,5.0,0.0,0.0,5.0,70.0,45.0,Lunch,Vegan;Vegetarian;Gluten Free;High Fiber;Balanced,Sesame;Peanuts;Milk;Eggs;Soy,False,True,True
CX021102,Sesame Marinade Tahini (150G),Sauces,Middle Eastern,150,125.3,3.0,18.0,4.6,1.5,0.0,0.8,1033.5,180.0,37.5,1.0,22.5,60.0,0.4,30.0,7.5,0.0,0.0,7.5,105.0,67.5,Lunch,Vegan;Vegetarian;Gluten Free;High Fiber;Balanced,Sesame;Peanuts;Milk;Eggs;Soy,False,True,True
CX021103,Sesame Marinade Tahini (200G),Sauces,Middle Eastern,200,167.1,4.0,24.0,6.1,2.0,0.0,1.0,1378.0,240.0,50.0,1.4,30.0,80.0,0.6,40.0,10.0,0.0,0.0,10.0,140.0,90.0,Lunch,Vegan;Vegetarian;Gluten Free;High Fiber;Balanced,Sesame;Peanuts;Milk;Eggs;Soy,False,True,True
CX021104,Sesame Marinade Tahini (250G),Sauces,Middle Eastern,250,208.9,5.0,30.0,7.7,2.5,0.0,1.2,1722.5,300.0,62.5,1.8,37.5,100.0,0.8,50.0,12.5,0.0,0.0,12.5,175.0,100.0,Lunch,Vegan;Vegetarian;Gluten Free;High Fiber;Balanced,Sesame;Peanuts;Milk;Eggs;Soy,False,True,True
CX021117,Peanut Sauce Tahini (100G),Sauces,Middle Eastern,100,85.4,2.1,12.0,3.2,1.0,0.0,0.5,650.0,120.0,25.0,0.7,15.0,40.0,0.3,20.0,5.0,0.0,0.0,5.0,70.0,45.0,Lunch,Vegan;Vegetarian;Gluten Free;High Fiber;Balanced,Sesame;Peanuts;Milk;Eggs;Soy,False,True,True
CX021118,Peanut Sauce Tahini (150G),Sauces,Middle Eastern,150,128.1,3.1,18.0,4.9,1.5,0.0,0.8,975.0,180.0,37.5,1.0,22.5,60.0,0.4,30.0,7.5,0.0,0.0,7.5,105.0,67.5,Lunch,Vegan;Vegetarian;Gluten Free;High Fiber;Balanced,Sesame;Peanuts;Milk;Eggs;Soy,False,True,True
CX021119,Peanut Sauce Tahini (200G),Sauces,Middle Eastern,200,170.8,4.1,24.0,6.5,2.0,0.0,1.0,1300.0,240.0,50.0,1.4,30.0,80.0,0.6,40.0,10.0,0.0,0.0,10.0,140.0,90.0,Lunch,Vegan;Vegetarian;Gluten Free;High Fiber;Balanced,Sesame;Peanuts;Milk;Eggs;Soy,False,True,True
CX021120,Peanut Sauce Tahini (250G),Sauces,Middle Eastern,250,213.5,5.2,30.0,8.1,2.5,0.0,1.2,1625.0,300.0,62.5,1.8,37.5,100.0,0.8,50.0,12.5,0.0,0.0,12.5,175.0,100.0,Lunch,Vegan;Vegetarian;Gluten Free;High Fiber;Balanced,Sesame;Peanuts;Milk;Eggs;Soy,False,True,True
CX021121,Peanut Dip Tahini (100G),Sauces,Middle Eastern,100,86.9,2.1,12.0,3.4,1.0,0.0,0.5,650.0,120.0,25.0,0.7,15.0,40.0,0.3,20.0,5.0,0.0,0.0,5.0,70.0,45.0,Lunch,Vegan;Vegetarian;Gluten Free;High Fiber;Balanced,Sesame;Peanuts;Milk;Eggs;Soy,False,True,True
CX021122,Peanut Dip Tahini (150G),Sauces,Middle Eastern,150,130.3,3.1,18.0,5.1,1.5,0.0,0.8,975.0,180.0,37.5,1.0,22.5,60.0,0.4,30.0,7.5,0.0,0.0,7.5,105.0,67.5,Lunch,Vegan;Vegetarian;Gluten Free;High Fiber;Balanced,Sesame;Peanuts;Milk;Eggs;Soy,False,True,True
CX021123,Peanut Dip Tahini (200G),Sauces,Middle Eastern,200,173.7,4.1,24.0,6.8,2.0,0.0,1.0,1300.0,240.0,50.0,1.4,30.0,80.0,0.6,40.0,10.0,0.0,0.0,10.0,140.0,90.0,Lunch,Vegan;Vegetarian;Gluten Free;High Fiber;Balanced,Sesame;Peanuts;Milk;Eggs;Soy,False,True,True
CX021124,Peanut Dip Tahini (250G),Sauces,Middle Eastern,250,217.1,5.2,30.0,8.5,2.5,0.0,1.2,1625.0,300.0,62.5,1.8,37.5,100.0,0.8,50.0,12.5,0.0,0.0,12.5,175.0,100.0,Lunch,Vegan;Vegetarian;Gluten Free;High Fiber;Balanced,Sesame;Peanuts;Milk;Eggs;Soy,False,True,True
CX021141,Peanut Marinade Tahini (100G),Sauces,Middle Eastern,100,85.4,2.1,12.0,3.2,1.0,0.0,0.5,689.0,120.0,25.0,0.7,15.0,40.0,0.3,20.0,5.0,0.0,0.0,5.0,70.0,45.0,Lunch,Vegan;Vegetarian;Gluten Free;High Fiber;Balanced,Sesame;Peanuts;Milk;Eggs;Soy,False,True,True
CX021142,Peanut Marinade Tahini (150G),Sauces,Middle Eastern,150,128.1,3.1,18.0,4.9,1.5,0.0,0.8,1033.5,180.0,37.5,1.0,22.5,60.0,0.4,30.0,7.5,0.0,0.0,7.5,105.0,67.5,Lunch,Vegan;Vegetarian;Gluten Free;High Fiber;Balanced,Sesame;Peanuts;Milk;Eggs;Soy,False,True,True
CX021143,Peanut Marinade Tahini (200G),Sauces,Middle Eastern,200,170.8,4.1,24.0,6.5,2.0,0.0,1.0,1378.0,240.0,50.0,1.4,30.0,80.0,0.6,40.0,10.0,0.0,0.0,10.0,140.0,90.0,Lunch,Vegan;Vegetarian;Gluten Free;High Fiber;Balanced,Sesame;Peanuts;Milk;Eggs;Soy,False,True,True
CX021144,Peanut Marinade Tahini (250G),Sauces,Middle Eastern,250,213.5,5.2,30.0,8.1,2.5,0.0,1.2,1722.5,300.0,62.5,1.8,37.5,100.0,0.8,50.0,12.5,0.0,0.0,12.5,175.0,100.0,Lunch,Vegan;Vegetarian;Gluten Free;High Fiber;Balanced,Sesame;Peanuts;Milk;Eggs;Soy,False,True,True
CX021997,Salted Popcorn (100G),Snacks,American,100,489.0,6.0,60.0,25.0,4.0,0.0,4.0,590.0,220.0,35.0,1.8,40.0,110.0,0.9,8.0,0.0,0.0,0.1,10.0,5.0,60.0,Snack,Vegan;Vegetarian;Gluten Free;High Fiber;Balanced,Gluten;Milk;Soy,False,True,True
CX021998,Salted Popcorn (150G),Snacks,American,150,733.5,9.0,90.0,37.5,6.0,0.0,6.0,885.0,330.0,52.5,2.7,60.0,165.0,1.4,12.0,0.0,0.0,0.2,15.0,7.5,90.0,Snack,Vegan;Vegetarian;Gluten Free;High Fiber;Balanced,Gluten;Milk;Soy,False,True,True
CX021999,Salted Popcorn (200G),Snacks,American,200,978.0,12.0,120.0,50.0,8.0,0.0,8.0,1180.0,440.0,70.0,3.6,80.0,220.0,1.8,16.0,0.0,0.0,0.2,20.0,10.0,100.0,Snack,Vegan;Vegetarian;Gluten Free;High Fiber;Balanced,Gluten;Milk;Soy,False,True,True
CX022000,Salted Popcorn (250G),Snacks,American,250,1222.5,15.0,150.0,62.5,10.0,0.0,10.0,1475.0,550.0,87.5,4.5,100.0,275.0,2.2,20.0,0.0,0.0,0.2,25.0,12.5,100.0,Snack,Vegan;Vegetarian;Gluten Free;High Fiber;Balanced,Gluten;Milk;Soy,False,True,True
CX022037,Unsalted Popcorn (100G),Snacks,American,100,489.0,6.0,60.0,25.0,4.0,0.0,4.0,325.0,220.0,35.0,1.8,40.0,110.0,0.9,8.0,0.0,0.0,0.1,10.0,5.0,60.0,Snack,Vegan;Vegetarian;Gluten Free;High Fiber;Balanced,Gluten;Milk;Soy,False,True,True
CX022038,Unsalted Popcorn (150G),Snacks,American,150,733.5,9.0,90.0,37.5,6.0,0.0,6.0,487.5,330.0,52.5,2.7,60.0,165.0,1.4,12.0,0.0,0.0,0.2,15.0,7.5,90.0,Snack,Vegan;Vegetarian;Gluten Free;High Fiber;Balanced,Gluten;Milk;Soy,False,True,True
CX022039,Unsalted Popcorn (200G),Snacks,American,200,978.0,12.0,120.0,50.0,8.0,0.0,8.0,650.0,440.0,70.0,3.6,80.0,220.0,1.8,16.0,0.0,0.0,0.2,20.0,10.0,100.0,Snack,Vegan;Vegetarian;Gluten Free;High Fiber;Balanced,Gluten;Milk;Soy,False,True,True
CX022040,Unsalted Popcorn (250G),Snacks,American,250,1222.5,15.0,150.0,62.5,10.0,0.0,10.0,812.5,550.0,87.5,4.5,100.0,275.0,2.2,20.0,0.0,0.0,0.2,25.0,12.5,100.0,Snack,Vegan;Vegetarian;Gluten Free;High Fiber;Balanced,Gluten;Milk;Soy,False,True,True
CX022077,Spicy Popcorn (100G),Snacks,American,100,489.0,6.0,60.0,25.0,4.0,0.0,4.0,500.0,220.0,35.0,1.8,40.0,110.0,0.9,8.0,0.0,0.0,0.1,10.0,5.0,60.0,Snack,Vegan;Vegetarian;Gluten Free;High Fiber;Balanced,Gluten;Milk;Soy,False,True,True
CX022078,Spicy Popcorn (150G),Snacks,American,150,733.5,9.0,90.0,37.5,6.0,0.0,6.0,750.0,330.0,52.5,2.7,60.0,165.0,1.4,12.0,0.0,0.0,0.2,15.0,7.5,90.0,Snack,Vegan;Vegetarian;Gluten Free;High Fiber;Balanced,Gluten;Milk;Soy,False,True,True
CX022079,Spicy Popcorn (200G),Snacks,American,200,978.0,12.0,120.0,50.0,8.0,0.0,8.0,1000.0,440.0,70.0,3.6,80.0,220.0,1.8,16.0,0.0,0.0,0.2,20.0,10.0,100.0,Snack,Vegan;Vegetarian;Gluten Free;High Fiber;Balanced,Gluten;Milk;Soy,False,True,True
CX022080,Spicy Popcorn (250G),Snacks,American,250,1222.5,15.0,150.0,62.5,10.0,0.0,10.0,1250.0,550.0,87.5,4.5,100.0,275.0,2.2,20.0,0.0,0.0,0.2,25.0,12.5,100.0,Snack,Vegan;Vegetarian;Gluten Free;High Fiber;Balanced,Gluten;Milk;Soy,False,True,True
CX022117,Bbq Popcorn (100G),Snacks,American,100,489.0,6.0,60.0,25.0,4.0,0.0,4.0,550.0,220.0,35.0,1.8,40.0,110.0,0.9,8.0,0.0,0.0,0.1,10.0,5.0,60.0,Snack,Vegan;Vegetarian;Gluten Free;High Fiber;Balanced,Gluten;Milk;Soy,False,True,True
CX022118,Bbq Popcorn (150G),Snacks,American,150,733.5,9.0,90.0,37.5,6.0,0.0,6.0,825.0,330.0,52.5,2.7,60.0,165.0,1.4,12.0,0.0,0.0,0.2,15.0,7.5,90.0,Snack,Vegan;Vegetarian;Gluten Free;High Fiber;Balanced,Gluten;Milk;Soy,False,True,True
CX022119,Bbq Popcorn (200G),Snacks,American,200,978.0,12.0,120.0,50.0,8.0,0.0,8.0,1100.0,440.0,70.0,3.6,80.0,220.0,1.8,16.0,0.0,0.0,0.2,20.0,10.0,100.0,Snack,Vegan;Vegetarian;Gluten Free;High Fiber;Balanced,Gluten;Milk;Soy,False,True,True
CX022120,Bbq Popcorn (250G),Snacks,American,250,1222.5,15.0,150.0,62.5,10.0,0.0,10.0,1375.0,550.0,87.5,4.5,100.0,275.0,2.2,20.0,0.0,0.0,0.2,25.0,12.5,100.0,Snack,Vegan;Vegetarian;Gluten Free;High Fiber;Balanced,Gluten;Milk;Soy,False,True,True
CX022157,Cheese Popcorn (100G),Snacks,American,100,508.0,6.2,60.0,27.0,4.0,0.0,4.0,500.0,220.0,35.0,1.8,40.0,110.0,0.9,8.0,0.0,0.0,0.1,10.0,5.0,60.0,Snack,Vegan;Vegetarian;Gluten Free;High Fiber;Balanced,Gluten;Milk;Soy,False,True,True
CX022158,Cheese Popcorn (150G),Snacks,American,150,761.9,9.4,90.0,40.5,6.0,0.0,6.0,750.0,330.0,52.5,2.7,60.0,165.0,1.4,12.0,0.0,0.0,0.2,15.0,7.5,90.0,Snack,Vegan;Vegetarian;Gluten Free;High Fiber;Balanced,Gluten;Milk;Soy,False,True,True
CX022159,Cheese Popcorn (200G),Snacks,American,200,1015.9,12.5,120.0,54.0,8.0,0.0,8.0,1000.0,440.0,70.0,3.6,80.0,220.0,1.8,16.0,0.0,0.0,0.2,20.0,10.0,100.0,Snack,Vegan;Vegetarian;Gluten Free;High Fiber;Balanced,Gluten;Milk;Soy,False,True,True
CX022160,Cheese Popcorn (250G),Snacks,American,250,1269.9,15.6,150.0,67.5,10.0,0.0,10.0,1250.0,550.0,87.5,4.5,100.0,275.0,2.2,20.0,0.0,0.0,0.2,25.0,12.5,100.0,Snack,Vegan;Vegetarian;Gluten Free;High Fiber;Balanced,Gluten;Milk;Soy,False,True,True
CX022357,Roasted Popcorn (100G),Snacks,American,100,484.5,6.0,60.0,24.5,4.0,0.0,4.0,500.0,220.0,35.0,1.8,40.0,110.0,0.9,8.0,0.0,0.0,0.1,10.0,4.7,60.0,Snack,Vegan;Vegetarian;Gluten Free;High Fiber;Balanced,Gluten;Milk;Soy,False,True,True
CX022358,Roasted Popcorn (150G),Snacks,American,150,726.8,9.0,90.0,36.8,6.0,0.0,6.0,750.0,330.0,52.5,2.7,60.0,165.0,1.4,12.0,0.0,0.0,0.2,15.0,7.0,90.0,Snack,Vegan;Vegetarian;Gluten Free;High Fiber;Balanced,Gluten;Milk;Soy,False,True,True
CX022359,Roasted Popcorn (200G),Snacks,American,200,969.0,12.0,120.0,49.0,8.0,0.0,8.0,1000.0,440.0,70.0,3.6,80.0,220.0,1.8,16.0,0.0,0.0,0.2,20.0,9.4,100.0,Snack,Vegan;Vegetarian;Gluten Free;High Fiber;Balanced,Gluten;Milk;Soy,False,True,True
CX022360,Roasted Popcorn (250G),Snacks,American,250,1211.2,15.0,150.0,61.2,10.0,0.0,10.0,1250.0,550.0,87.5,4.5,100.0,275.0,2.2,20.0,0.0,0.0,0.2,25.0,11.8,100.0,Snack,Vegan;Vegetarian;Gluten Free;High Fiber;Balanced,Gluten;Milk;Soy,False,True,True
CX023597,Chocolate Cake Chocolate Cake (100G),Desserts,American,100,331.0,4.0,45.0,15.0,1.5,0.0,8.0,220.0,140.0,45.0,1.5,18.0,80.0,0.6,50.0,0.0,0.0,0.2,35.0,25.0,70.0,Snack,Vegetarian;Balanced,Gluten;Milk;Eggs;Soy,False,True,True
CX023598,Chocolate Cake Chocolate Cake (150G),Desserts,American,150,496.5,6.0,67.5,22.5,2.2,0.0,12.0,330.0,210.0,67.5,2.2,27.0,120.0,0.9,75.0,0.0,0.0,0.3,52.5,37.5,100.0,Snack,Vegetarian;Balanced,Gluten;Milk;Eggs;Soy,False,True,True
CX023599,Chocolate Cake Chocolate Cake (200G),Desserts,American,200,662.0,8.0,90.0,30.0,3.0,0.0,16.0,440.0,280.0,90.0,3.0,36.0,160.0,1.2,100.0,0.0,0.0,0.4,70.0,50.0,100.0,Snack,Vegetarian;Balanced,Gluten;Milk;Eggs;Soy,False,True,True
CX023600,Chocolate Cake Chocolate Cake (250G),Desserts,American,250,827.5,10.0,112.5,37.5,3.8,0.0,20.0,550.0,350.0,112.5,3.8,45.0,200.0,1.5,125.0,0.0,0.0,0.5,87.5,62.5,100.0,Snack,Vegetarian;Balanced,Gluten;Milk;Eggs;Soy,False,True,True
CX023609,Chocolate Brownie Chocolate Cake (100G),Desserts,American,100,344.5,4.0,45.0,16.5,1.5,0.0,8.0,220.0,140.0,45.0,1.5,18.0,80.0,0.6,50.0,0.0,0.0,0.2,35.0,25.0,70.0,Snack,Vegetarian;Balanced,Gluten;Milk;Eggs;Soy,False,True,True
CX023610,Chocolate Brownie Chocolate Cake (150G),Desserts,American,150,516.8,6.0,67.5,24.8,2.2,0.0,12.0,330.0,210.0,67.5,2.2,27.0,120.0,0.9,75.0,0.0,0.0,0.3,52.5,37.5,100.0,Snack,Vegetarian;Balanced,Gluten;Milk;Eggs;Soy,False,True,True
CX023611,Chocolate Brownie Chocolate Cake (200G),Desserts,American,200,689.0,8.0,90.0,33.0,3.0,0.0,16.0,440.0,280.0,90.0,3.0,36.0,160.0,1.2,100.0,0.0,0.0,0.4,70.0,50.0,100.0,Snack,Vegetarian;Balanced,Gluten;Milk;Eggs;Soy,False,True,True
CX023612,Chocolate Brownie Chocolate Cake (250G),Desserts,American,250,861.2,10.0,112.5,41.2,3.8,0.0,20.0,550.0,350.0,112.5,3.8,45.0,200.0,1.5,125.0,0.0,0.0,0.5,87.5,62.5,100.0,Snack,Vegetarian;Balanced,Gluten;Milk;Eggs;Soy,False,True,True
CX023613,Chocolate Ice Cream Chocolate Cake (100G),Desserts,American,100,347.2,4.0,45.0,16.8,1.5,0.0,8.0,220.0,140.0,45.0,1.5,18.0,80.0,0.6,50.0,0.0,0.0,0.2,35.0,25.0,70.0,Snack,Vegetarian;Balanced,Gluten;Milk;Eggs;Soy,False,True,True
CX023614,Chocolate Ice Cream Chocolate Cake (150G),Desserts,American,150,520.8,6.0,67.5,25.2,2.2,0.0,12.0,330.0,210.0,67.5,2.2,27.0,120.0,0.9,75.0,0.0,0.0,0.3,52.5,37.5,100.0,Snack,Vegetarian;Balanced,Gluten;Milk;Eggs;Soy,False,True,True
CX023615,Chocolate Ice Cream Chocolate Cake (200G),Desserts,American,200,694.4,8.0,90.0,33.6,3.0,0.0,16.0,440.0,280.0,90.0,3.0,36.0,160.0,1.2,100.0,0.0,0.0,0.4,70.0,50.0,100.0,Snack,Vegetarian;Balanced,Gluten;Milk;Eggs;Soy,False,True,True
CX023616,Chocolate Ice Cream Chocolate Cake (250G),Desserts,American,250,868.0,10.0,112.5,42.0,3.8,0.0,20.0,550.0,350.0,112.5,3.8,45.0,200.0,1.5,125.0,0.0,0.0,0.5,87.5,62.5,100.0,Snack,Vegetarian;Balanced,Gluten;Milk;Eggs;Soy,False,True,True
CX023633,Chocolate Mousse Chocolate Cake (100G),Desserts,American,100,337.8,4.0,45.0,15.8,1.5,0.0,8.0,220.0,140.0,45.0,1.5,18.0,80.0,0.6,50.0,0.0,0.0,0.2,35.0,25.0,70.0,Snack,Vegetarian;Balanced,Gluten;Milk;Eggs;Soy,False,True,True
CX023634,Chocolate Mousse Chocolate Cake (150G),Desserts,American,150,506.6,6.0,67.5,23.6,2.2,0.0,12.0,330.0,210.0,67.5,2.2,27.0,120.0,0.9,75.0,0.0,0.0,0.3,52.5,37.5,100.0,Snack,Vegetarian;Balanced,Gluten;Milk;Eggs;Soy,False,True,True
CX023635,Chocolate Mousse Chocolate Cake (200G),Desserts,American,200,675.5,8.0,90.0,31.5,3.0,0.0,16.0,440.0,280.0,90.0,3.0,36.0,160.0,1.2,100.0,0.0,0.0,0.4,70.0,50.0,100.0,Snack,Vegetarian;Balanced,Gluten;Milk;Eggs;Soy,False,True,True
CX023636,Chocolate Mousse Chocolate Cake (250G),Desserts,American,250,844.4,10.0,112.5,39.4,3.8,0.0,20.0,550.0,350.0,112.5,3.8,45.0,200.0,1.5,125.0,0.0,0.0,0.5,87.5,62.5,100.0,Snack,Vegetarian;Balanced,Gluten;Milk;Eggs;Soy,False,True,True
CX023837,Creamy Cake Chocolate Cake (100G),Desserts,American,100,341.8,4.0,45.0,16.2,1.5,0.0,8.0,220.0,140.0,45.0,1.5,18.0,80.0,0.6,50.0,0.0,0.0,0.2,35.0,25.0,70.0,Snack,Vegetarian;Balanced,Gluten;Milk;Eggs;Soy,False,True,True
CX023838,Creamy Cake Chocolate Cake (150G),Desserts,American,150,512.7,6.0,67.5,24.3,2.2,0.0,12.0,330.0,210.0,67.5,2.2,27.0,120.0,0.9,75.0,0.0,0.0,0.3,52.5,37.5,100.0,Snack,Vegetarian;Balanced,Gluten;Milk;Eggs;Soy,False,True,True
CX023839,Creamy Cake Chocolate Cake (200G),Desserts,American,200,683.6,8.0,90.0,32.4,3.0,0.0,16.0,440.0,280.0,90.0,3.0,36.0,160.0,1.2,100.0,0.0,0.0,0.4,70.0,50.0,100.0,Snack,Vegetarian;Balanced,Gluten;Milk;Eggs;Soy,False,True,True
CX023840,Creamy Cake Chocolate Cake (250G),Desserts,American,250,854.5,10.0,112.5,40.5,3.8,0.0,20.0,550.0,350.0,112.5,3.8,45.0,200.0,1.5,125.0,0.0,0.0,0.5,87.5,62.5,100.0,Snack,Vegetarian;Balanced,Gluten;Milk;Eggs;Soy,False,True,True
CX023849,Creamy Brownie Chocolate Cake (100G),Desserts,American,100,356.4,4.0,45.0,17.8,1.5,0.0,8.0,220.0,140.0,45.0,1.5,18.0,80.0,0.6,50.0,0.0,0.0,0.2,35.0,25.0,70.0,Snack,Vegetarian;Balanced,Gluten;Milk;Eggs;Soy,False,True,True
CX023850,Creamy Brownie Chocolate Cake (150G),Desserts,American,150,534.6,6.0,67.5,26.7,2.2,0.0,12.0,330.0,210.0,67.5,2.2,27.0,120.0,0.9,75.0,0.0,0.0,0.3,52.5,37.5,100.0,Snack,Vegetarian;Balanced,Gluten;Milk;Eggs;Soy,False,True,True
CX023851,Creamy Brownie Chocolate Cake (200G),Desserts,American,200,712.8,8.0,90.0,35.6,3.0,0.0,16.0,440.0,280.0,90.0,3.0,36.0,160.0,1.2,100.0,0.0,0.0,0.4,70.0,50.0,100.0,Snack,Vegetarian;Balanced,Gluten;Milk;Eggs;Soy,False,True,True
CX023852,Creamy Brownie Chocolate Cake (250G),Desserts,American,250,891.0,10.0,112.5,44.6,3.8,0.0,20.0,550.0,350.0,112.5,3.8,45.0,200.0,1.5,125.0,0.0,0.0,0.5,87.5,62.5,100.0,Snack,Vegetarian;Balanced,Gluten;Milk;Eggs;Soy,False,True,True
CX023853,Creamy Ice Cream Chocolate Cake (100G),Desserts,American,100,359.3,4.0,45.0,18.1,1.5,0.0,8.0,220.0,140.0,45.0,1.5,18.0,80.0,0.6,50.0,0.0,0.0,0.2,35.0,25.0,70.0,Snack,Vegetarian;Balanced,Gluten;Milk;Eggs;Soy,False,True,True
CX023854,Creamy Ice Cream Chocolate Cake (150G),Desserts,American,150,538.9,6.0,67.5,27.2,2.2,0.0,12.0,330.0,210.0,67.5,2.2,27.0,120.0,0.9,75.0,0.0,0.0,0.3,52.5,37.5,100.0,Snack,Vegetarian;Balanced,Gluten;Milk;Eggs;Soy,False,True,True
CX023855,Creamy Ice Cream Chocolate Cake (200G),Desserts,American,200,718.6,8.0,90.0,36.3,3.0,0.0,16.0,440.0,280.0,90.0,3.0,36.0,160.0,1.2,100.0,0.0,0.0,0.4,70.0,50.0,100.0,Snack,Vegetarian;Balanced,Gluten;Milk;Eggs;Soy,False,True,True
CX023856,Creamy Ice Cream Chocolate Cake (250G),Desserts,American,250,898.2,10.0,112.5,45.4,3.8,0.0,20.0,550.0,350.0,112.5,3.8,45.0,200.0,1.5,125.0,0.0,0.0,0.5,87.5,62.5,100.0,Snack,Vegetarian;Balanced,Gluten;Milk;Eggs;Soy,False,True,True
CX023873,Creamy Mousse Chocolate Cake (100G),Desserts,American,100,349.1,4.0,45.0,17.0,1.5,0.0,8.0,220.0,140.0,45.0,1.5,18.0,80.0,0.6,50.0,0.0,0.0,0.2,35.0,25.0,70.0,Snack,Vegetarian;Balanced,Gluten;Milk;Eggs;Soy,False,True,True
CX023874,Creamy Mousse Chocolate Cake (150G),Desserts,American,150,523.6,6.0,67.5,25.5,2.2,0.0,12.0,330.0,210.0,67.5,2.2,27.0,120.0,0.9,75.0,0.0,0.0,0.3,52.5,37.5,100.0,Snack,Vegetarian;Balanced,Gluten;Milk;Eggs;Soy,False,True,True
CX023875,Creamy Mousse Chocolate Cake (200G),Desserts,American,200,698.2,8.0,90.0,34.0,3.0,0.0,16.0,440.0,280.0,90.0,3.0,36.0,160.0,1.2,100.0,0.0,0.0,0.4,70.0,50.0,100.0,Snack,Vegetarian;Balanced,Gluten;Milk;Eggs;Soy,False,True,True
CX023876,Creamy Mousse Chocolate Cake (250G),Desserts,American,250,872.7,10.0,112.5,42.5,3.8,0.0,20.0,550.0,350.0,112.5,3.8,45.0,200.0,1.5,125.0,0.0,0.0,0.5,87.5,62.5,100.0,Snack,Vegetarian;Balanced,Gluten;Milk;Eggs;Soy,False,True,True
